IncidentID,AgencyORI,AgencyName,IncidentStatusDesc,County,RdwyNumber,Street,RoadwayName,StreetSfx,StreetDir,IntersectionRdwy,IntersectionRdwyName,BetweenStRdwy1,BetweenStRdwyName1,BetweenStRdwy2,BetweenStRdwyName2,Latitude,Longitude,Milepoint,CollisionDate,CollisionTime,UnitsInvolved,MotorVehiclesInvolved,NumberKilled,NumberInjured,Weather,RdwyConditionCode,HitandRun,DirAnalysisCode,MannerofCollision,RdwyCharacter,LightCondition,RampFromRdwyId,RampToRdwyId,AcceptedDate,IsSecondaryCollision,OwnerBadge,IncidentStatus,
28607931,0568000,LOUISVILLE METRO POLICE DEPT,Accepted,JEFFERSON,KY0061,8232,PRESTON,HWY,,,,,,,,38.133647300,-85.684100757,3.608,9/6/2021 12:00:00 AM,1828,2,2,0,1,CLEAR,DRY,False,COLLISION IN PARKING LOT,ANGLE,STRAIGHT & LEVEL,DAYLIGHT,,,9/7/2021 8:46:55 AM,False,5115,Accepted,
28607930,0568000,LOUISVILLE METRO POLICE DEPT,Accepted,JEFFERSON,,,3RD,ST,S,,WOODLAWN,,,,,38.181568871,-85.766229196,1.319,9/6/2021 12:00:00 AM,2110,2,2,0,5,CLEAR,DRY,False,ANGLE COLLISION - OTHER,ANGLE,STRAIGHT & LEVEL,DARK-HWY LIGHTED/ON,,,9/7/2021 8:46:50 AM,False,5245,Accepted,
28608071,0568000,LOUISVILLE METRO POLICE DEPT,Accepted,JEFFERSON,I 0264,,I264 E,,,I 0064,I64 E EXIT12 TRANSIT,,,,,38.235834931,-85.624290109,18.757,9/6/2021 12:00:00 AM,1259,2,2,0,0,CLEAR,DRY,False,SIDESWIPE-SAME DIRECTION,SIDESWIPE-SAME DIRECTION,STRAIGHT & LEVEL,DAYLIGHT,,,9/7/2021 9:07:10 AM,False,7005,Accepted,
28607912,0568000,LOUISVILLE METRO POLICE DEPT,Accepted,JEFFERSON,I 0065,,I65 N COLLECTOR DISTRIBUTOR,,,,,,,,,38.254948240,-85.742129854,0.344,9/6/2021 12:00:00 AM,1123,2,2,0,2,CLEAR,DRY,False,SIDESWIPE COLLISION - SAME DIRECTION,SIDESWIPE-SAME DIRECTION,CURVE & LEVEL,DAYLIGHT,,,9/7/2021 8:45:33 AM,False,4903,Accepted,
28607880,0568000,LOUISVILLE METRO POLICE DEPT,Accepted,JEFFERSON,,,KENTUCKY,ST,W,,29TH,,,,,38.243775984,-85.801220970,1.260,9/5/2021 12:00:00 AM,0244,1,0,0,1,RAINING,WET,True,ANGLE COLLISION - OTHER,ANGLE,STRAIGHT & LEVEL,DARK-HWY LIGHTED/ON,,,9/7/2021 8:43:21 AM,False,5303,Accepted,
28607887,0568000,LOUISVILLE METRO POLICE DEPT,Accepted,JEFFERSON,KY0061,,PRESTON,HWY,,,ANTLE,,,,,38.087488732,-85.667571685,0.269,9/5/2021 12:00:00 AM,1313,2,2,0,0,RAINING,WET,False,OPPOSING LEFT TURN,OPPOSING LEFT TURN,STRAIGHT & LEVEL,DAYLIGHT,,,9/7/2021 8:43:50 AM,False,7474,Accepted,
28607929,0568000,LOUISVILLE METRO POLICE DEPT,Accepted,JEFFERSON,I 0065,,I65 N,,,,,,,,,38.209394433,-85.752731152,132.708,9/5/2021 12:00:00 AM,0717,2,2,0,0,RAINING,WET,False,REAR END IN TRAFFIC LANES BOTH VEHICLES MOVING,REAR END,STRAIGHT & LEVEL,DARK-HWY LIGHTED/ON,,,9/7/2021 8:46:45 AM,False,5349,Accepted,
28607897,0568000,LOUISVILLE METRO POLICE DEPT,Accepted,JEFFERSON,US0150,,BROADWAY,,W,KY1020,2ND,,,,,38.245838427,-85.755065993,2.559,9/5/2021 12:00:00 AM,2053,2,2,0,1,CLEAR,DRY,False,OPPOSING LEFT TURN,OPPOSING LEFT TURN,STRAIGHT & LEVEL,DARK-HWY LIGHTED/ON,,,9/7/2021 8:44:31 AM,False,5356,Accepted,
28607899,0568000,LOUISVILLE METRO POLICE DEPT,Accepted,JEFFERSON,,,CHERRY,LN,,US0060A,LEXINGTON,,,,,38.248675797,-85.677574800,0.001,9/5/2021 12:00:00 AM,0339,1,1,0,0,RAINING,WET,True,COLLISION WITH FIXED OBJECT IN INTERSECTION - FIRST EVENT COLLISION 09 - 32,SINGLE VEHICLE,STRAIGHT & LEVEL,DARK-HWY LIGHTED/ON,,,9/7/2021 8:44:40 AM,False,5243,Accepted,
28607907,0568000,LOUISVILLE METRO POLICE DEPT,Accepted,JEFFERSON,I 0065,,I65 N,,,,,,,,,38.205752358,-85.743259146,132.095,9/5/2021 12:00:00 AM,0606,1,1,0,0,RAINING,WATER (STANDING OR MOVING),False,OTHER COLLISIONS ON SHOULDER,SINGLE VEHICLE,CURVE & LEVEL,DAWN,,,9/7/2021 8:45:02 AM,True,7291,Accepted,
28643043,0568000,LOUISVILLE METRO POLICE DEPT,Accepted,JEFFERSON,,,28TH,ST,S,,BROADWAY,,,,,38.249651963,-85.798322029,0.792,9/5/2021 12:00:00 AM,1855,2,2,0,2,CLEAR,DRY,False,NON-COLLISION OBJECT COLLISION,ANGLE,STRAIGHT & LEVEL,DAYLIGHT,,,9/10/2021 7:42:43 AM,False,5365,Accepted,
28661077,0568000,LOUISVILLE METRO POLICE DEPT,Accepted,JEFFERSON,I 0064,,I64 W,,,,,,,,,38.260600960,-85.740571477,5.260,9/5/2021 12:00:00 AM,1205,1,1,1,1,RAINING,WET,False,OTHER ROADWAY OR MID-BLOCK COLLISION,SINGLE VEHICLE,CURVE & LEVEL,DAYLIGHT,,,9/15/2021 8:26:57 AM,False,6886,Accepted,
28607874,0568000,LOUISVILLE METRO POLICE DEPT,Accepted,JEFFERSON,,1331,MORTON,AVE,,,,,,,,38.239559450,-85.729024879,0.243,9/5/2021 12:00:00 AM,0041,2,2,0,0,CLOUDY,DRY,False,1 VEHICLE PARKED POSITION (NOT PARKING LOT/DRIVEWAY),SIDESWIPE-SAME DIRECTION,STRAIGHT & LEVEL,DARK (UNKNOWN ROADWAY LIGHTING),,,9/7/2021 8:42:57 AM,False,5296,Accepted,
28607891,0568000,LOUISVILLE METRO POLICE DEPT,Accepted,JEFFERSON,,4507,MUD,LN,,,,,,,,38.088329364,-85.681541828,1.075,9/5/2021 12:00:00 AM,1236,2,2,0,0,RAINING,WET,False,SIDESWIPE COLLISION - OPPOSITE DIRECTION,SIDESWIPE-OPPOSITE DIRECTION,STRAIGHT & LEVEL,DAYLIGHT,,,9/7/2021 8:44:05 AM,False,7272,Accepted,
28607871,0568000,LOUISVILLE METRO POLICE DEPT,Accepted,JEFFERSON,US0060,,SHELBYVILLE,RD,,,,,,CS2214H,SHAFTESBURY,38.247863643,-85.594928905,6.875,9/5/2021 12:00:00 AM,0045,2,2,0,2,CLOUDY,DRY,False,SIDESWIPE COLLISION - SAME DIRECTION,SIDESWIPE-SAME DIRECTION,STRAIGHT & LEVEL,DARK-HWY LIGHTED/OFF,,,9/7/2021 8:42:45 AM,False,6777,Accepted,
28608087,0568000,LOUISVILLE METRO POLICE DEPT,Accepted,JEFFERSON,,,INDIAN,TRL,E,,,,JEANINE,,FOREST,38.170657366,-85.689226256,0.932,9/5/2021 12:00:00 AM,2135,2,2,0,0,CLEAR,DRY,False,SIDESWIPE COLLISION - OPPOSITE DIRECTION,SIDESWIPE-OPPOSITE DIRECTION,STRAIGHT & LEVEL,DARK-HWY LIGHTED/ON,,,9/7/2021 9:10:51 AM,False,5165,Accepted,
28607877,0568000,LOUISVILLE METRO POLICE DEPT,Accepted,JEFFERSON,,3426,WESTWOOD FARMS,DR,,,,,SHAKER MILL,,WESTWOOD FARMS,38.197283536,-85.612920046,0.207,9/5/2021 12:00:00 AM,0030,2,2,0,0,CLEAR,DRY,True,1 VEHICLE PARKED POSITION (NOT PARKING LOT/DRIVEWAY),SIDESWIPE-OPPOSITE DIRECTION,CURVE & LEVEL,DARK-HWY LIGHTED/ON,,,9/7/2021 8:43:05 AM,False,5315,Accepted,
28607886,0568000,LOUISVILLE METRO POLICE DEPT,Accepted,JEFFERSON,KY0061,,PRESTON,HWY,,KY2845,MANSLICK,,,,,38.118019825,-85.677284559,2.453,9/5/2021 12:00:00 AM,1103,2,2,0,1,RAINING,WET,False,ANGLE COLLISION - ONE VEHICLE TURNING LEFT,ANGLE,STRAIGHT & LEVEL,DAYLIGHT,,,9/7/2021 8:43:46 AM,False,5141,Accepted,
28607908,0568000,LOUISVILLE METRO POLICE DEPT,Accepted,JEFFERSON,KY0841,,GENE SNYDER,FWY,,,,KY0841,KY841 RAMP TO KY1865,KY0841,KY841 RAMP FROM KY1865,38.120401374,-85.776619087,6.083,9/5/2021 12:00:00 AM,2000,1,1,0,0,CLEAR,DRY,False,OTHER COLLISIONS ON SHOULDER,SINGLE VEHICLE,CURVE & LEVEL,DARK-HWY LIGHTED/ON,,,9/7/2021 8:45:11 AM,False,5220,Accepted,
28607909,0568000,LOUISVILLE METRO POLICE DEPT,Accepted,JEFFERSON,US0150,,BROADWAY,,E,,BROOK,,,,,38.245636253,-85.751624569,2.726,9/5/2021 12:00:00 AM,0250,2,2,0,0,RAINING,WET,False,ANGLE COLLISION - OTHER,ANGLE,STRAIGHT & LEVEL,DARK-HWY LIGHTED/ON,,,9/7/2021 8:45:19 AM,False,5135,Accepted,
28607876,0568000,LOUISVILLE METRO POLICE DEPT,Accepted,JEFFERSON,KY1020,,3RD,ST,S,,,,,,,38.240437383,-85.757610706,11.713,9/5/2021 12:00:00 AM,0528,1,1,0,1,RAINING,WET,False,COLLISION WITH FIXED OBJECT NON - INTERSECTION - FIRST EVENT COLLISION 09 - 32 EXCLUDING 16,SINGLE VEHICLE,STRAIGHT & LEVEL,DUSK,,,9/7/2021 8:43:01 AM,False,5302,Accepted,
28607884,0568000,LOUISVILLE METRO POLICE DEPT,Accepted,JEFFERSON,I 0064,,,,,,,,,,,38.259021597,-85.741534666,0.110,9/5/2021 12:00:00 AM,0955,1,1,0,1,RAINING,WET,False,OTHER RAMP RELATED COLLISIONS NOT LISTED ABOVE,SINGLE VEHICLE,CURVE & GRADE,DAYLIGHT,I 0064,I 0071,9/7/2021 8:43:40 AM,False,6360,Accepted,
28607885,0568000,LOUISVILLE METRO POLICE DEPT,Accepted,JEFFERSON,,,34TH,ST,S,,VERMONT,,,,,38.255576938,-85.807316680,0.472,9/5/2021 12:00:00 AM,1517,2,2,0,0,CLEAR,DRY,False,ANGLE COLLISION - OTHER,ANGLE,STRAIGHT & GRADE,DAYLIGHT,,,9/7/2021 8:43:43 AM,False,7357,Accepted,
28607869,0568000,LOUISVILLE METRO POLICE DEPT,Accepted,JEFFERSON,,,MUHAMMAD ALI,BLVD,W,,1ST,,,,,38.250660796,-85.752547758,0.005,9/5/2021 12:00:00 AM,0030,1,1,0,0,CLEAR,DRY,False,COLLISION WITH FIXED OBJECT IN INTERSECTION - FIRST EVENT COLLISION 09 - 32,SINGLE VEHICLE,STRAIGHT & LEVEL,DARK-HWY LIGHTED/ON,,,9/7/2021 8:42:37 AM,False,5135,Accepted,
28607901,0568000,LOUISVILLE METRO POLICE DEPT,Accepted,JEFFERSON,,,4TH,ST,S,,INDUSTRY,,,,,38.213808346,-85.764058571,2.973,9/5/2021 12:00:00 AM,2143,2,2,0,0,CLOUDY,DRY,False,OPPOSITE DIRECTION - BOTH VEHICLES GOING STRAIGHT AHEAD,SIDESWIPE-OPPOSITE DIRECTION,STRAIGHT & LEVEL,DARK-HWY LIGHTED/OFF,,,9/7/2021 8:44:46 AM,False,5316,Accepted,
28607892,0568000,LOUISVILLE METRO POLICE DEPT,Accepted,JEFFERSON,US0060A,,EASTERN,PKWY,,,BRADLEY,,,,,38.213030627,-85.746426769,4.336,9/5/2021 12:00:00 AM,1327,2,2,0,1,CLEAR,WATER (STANDING OR MOVING),False,ANGLE COLLISION - OTHER,ANGLE,CURVE & LEVEL,DAYLIGHT,,,9/7/2021 8:44:09 AM,False,5175,Accepted,
28607894,0568000,LOUISVILLE METRO POLICE DEPT,Accepted,JEFFERSON,US0060A,,EASTERN,PKWY,,KY0061,SHELBY,,,,,38.214837641,-85.742650229,4.582,9/5/2021 12:00:00 AM,1748,2,2,0,0,CLEAR,DRY,False,OTHER INTERSECTION COLLISIONS,REAR END,STRAIGHT & LEVEL,DAYLIGHT,,,9/7/2021 8:44:13 AM,False,5175,Accepted,
28607895,0568000,LOUISVILLE METRO POLICE DEPT,Accepted,JEFFERSON,I 0065,,I65 N,,,,,,,,,38.217453942,-85.752203093,133.273,9/5/2021 12:00:00 AM,1051,3,3,0,0,RAINING,WET,True,SIDESWIPE COLLISION - SAME DIRECTION,SIDESWIPE-SAME DIRECTION,CURVE & LEVEL,DAYLIGHT,,,9/7/2021 8:44:20 AM,False,7441,Accepted,
28643015,0568000,LOUISVILLE METRO POLICE DEPT,Accepted,JEFFERSON,KY1931,,7TH ST,RD,,,,,,,,38.218311963,-85.779257556,10.338,9/5/2021 12:00:00 AM,2107,1,1,0,1,CLEAR,DRY,False,OTHER ROADWAY OR MID-BLOCK COLLISION,SINGLE VEHICLE,STRAIGHT & LEVEL,DARK-HWY LIGHTED/ON,,,9/10/2021 7:36:55 AM,False,5205,Accepted,
28635552,0568000,LOUISVILLE METRO POLICE DEPT,Accepted,JEFFERSON,,,32ND,ST,S,,SOUTHERN,,,,,38.232095754,-85.808317730,0.372,9/5/2021 12:00:00 AM,2040,2,2,0,0,CLEAR,DRY,True,ANGLE COLLISION - OTHER,ANGLE,STRAIGHT & LEVEL,DARK-HWY LIGHTED/ON,,,9/9/2021 8:11:17 AM,False,5261,Accepted,
28802767,0568000,LOUISVILLE METRO POLICE DEPT,Accepted,JEFFERSON,US0150,3501,BROADWAY,,W,,,,,,,38.248936442,-85.781247977,1.115,9/5/2021 12:00:00 AM,2231,2,2,0,4,CLEAR,DRY,False,1 VEHICLE ENTERING/LEAVING ENTRANCE,ANGLE,STRAIGHT & LEVEL,DARK-HWY LIGHTED/ON,,,10/7/2021 8:13:44 AM,False,5365,Accepted,
28607870,0568000,LOUISVILLE METRO POLICE DEPT,Accepted,JEFFERSON,KY2054,,ALGONQUIN,PKWY,,,7TH,,,,,38.219953390,-85.777361536,2.512,9/4/2021 12:00:00 AM,1929,1,1,0,0,RAINING,WET,False,COLLISION WITH FIXED OBJECT IN INTERSECTION - FIRST EVENT COLLISION 09 - 32,SINGLE VEHICLE,CURVE & LEVEL,DARK-HWY LIGHTED/ON,,,9/7/2021 8:42:41 AM,False,5303,Accepted,
28607860,0568000,LOUISVILLE METRO POLICE DEPT,Accepted,JEFFERSON,US0031E,2232,BARDSTOWN,RD,,,,,HARVARD,,WOODBOURNE,38.224275156,-85.692664897,13.569,9/4/2021 12:00:00 AM,1124,2,2,0,0,CLEAR,DRY,False,1 VEHICLE ENTERING/LEAVING ENTRANCE,ANGLE,STRAIGHT & LEVEL,DAYLIGHT,,,9/7/2021 8:41:59 AM,False,7570,Accepted,
28607867,0568000,LOUISVILLE METRO POLICE DEPT,Accepted,JEFFERSON,,,VIRGINIA,AVE,,,28TH,,,,,38.238112116,-85.800289271,0.223,9/4/2021 12:00:00 AM,1507,2,2,0,1,CLOUDY,DRY,False,ANGLE COLLISION - OTHER,ANGLE,STRAIGHT & GRADE,DAYLIGHT,,,9/7/2021 8:42:28 AM,False,5353,Accepted,
28607827,0568000,LOUISVILLE METRO POLICE DEPT,Accepted,JEFFERSON,KY3064,,PORTLAND,AVE,,,25TH,,,,,38.270717829,-85.788712824,0.370,9/4/2021 12:00:00 AM,0001,2,2,0,1,CLEAR,DRY,False,SIDESWIPE-SAME DIRECTION,SIDESWIPE-SAME DIRECTION,STRAIGHT & LEVEL,DARK-HWY LIGHTED/ON,,,9/7/2021 8:40:09 AM,False,5271,Accepted,
28607836,0568000,LOUISVILLE METRO POLICE DEPT,Accepted,JEFFERSON,,,HIKES,LN,,,,,WILLMAR,,CAROL,38.203632872,-85.652653851,1.374,9/4/2021 12:00:00 AM,0449,2,2,0,0,CLEAR,DRY,False,OTHER ROADWAY OR MID-BLOCK COLLISION,REAR TO REAR,STRAIGHT & LEVEL,DARK-HWY LIGHTED/ON,,,9/7/2021 8:40:42 AM,False,5347,Accepted,
28607861,0568000,LOUISVILLE METRO POLICE DEPT,Accepted,JEFFERSON,,3405,BLANTON,LN,,,,,,,,38.155068701,-85.825019524,0.599,9/4/2021 12:00:00 AM,1343,2,2,0,1,CLEAR,DRY,True,REAR END IN TRAFFIC LANES BOTH VEHICLES MOVING,REAR END,STRAIGHT & LEVEL,DAYLIGHT,,,9/7/2021 8:42:03 AM,False,7339,Accepted,
28599254,0560300,ST. MATTHEWS POLICE DEPARTMENT,Accepted,JEFFERSON,I 0264,,I264 E,,,,,,,,,38.260826718,-85.623152195,20.578,9/4/2021 12:00:00 AM,0010,2,2,0,0,CLEAR,DRY,False,1 VEHICLE PARKED POSITION (NOT PARKING LOT/DRIVEWAY),REAR END,CURVE & LEVEL,DARK-HWY LIGHTED/OFF,,,9/4/2021 4:44:45 PM,False,9155,Accepted,
28607872,0568000,LOUISVILLE METRO POLICE DEPT,Accepted,JEFFERSON,KY1934,,GREENBELT,HWY,,KY1931,GREENWOOD,,,,,38.147003615,-85.886386743,4.450,9/4/2021 12:00:00 AM,2045,2,2,0,0,RAINING,WET,True,ANGLE COLLISION - OTHER,ANGLE,STRAIGHT & LEVEL,DARK-HWY LIGHTED/ON,,,9/7/2021 8:42:50 AM,False,5211,Accepted,
28607881,0568000,LOUISVILLE METRO POLICE DEPT,Accepted,JEFFERSON,US0031E,,BARDSTOWN,RD,,,FERN CREEK,,,,,38.158263330,-85.591278566,6.157,9/4/2021 12:00:00 AM,1906,2,2,0,2,CLEAR,DRY,False,ANGLE COLLISION - OTHER,ANGLE,STRAIGHT & LEVEL,DAYLIGHT,,,9/7/2021 8:43:28 AM,False,7465,Accepted,
28607846,0568000,LOUISVILLE METRO POLICE DEPT,Accepted,JEFFERSON,,,LOWER HUNTERS,TRCE,,,TRIPLETT,,,,,38.163885611,-85.862936049,1.683,9/4/2021 12:00:00 AM,0933,2,2,0,4,CLEAR,DRY,False,HEAD-ON COLLISION,HEAD ON,CURVE & LEVEL,DAYLIGHT,,,9/7/2021 8:41:11 AM,False,7496,Accepted,
28607824,0568000,LOUISVILLE METRO POLICE DEPT,Accepted,JEFFERSON,I 0264,,I264 E,,,,,,,,,38.234356080,-85.625228356,18.644,9/4/2021 12:00:00 AM,0415,2,2,0,0,CLEAR,DRY,True,SIDESWIPE COLLISION - SAME DIRECTION,SIDESWIPE-SAME DIRECTION,STRAIGHT & LEVEL,DARK-HWY LIGHTED/OFF,,,9/7/2021 8:39:59 AM,False,6777,Accepted,
28607832,0568000,LOUISVILLE METRO POLICE DEPT,Accepted,JEFFERSON,US0060A,,BERRY,BLVD,,,GEORGETOWN,,,,,38.196688596,-85.794377726,0.841,9/4/2021 12:00:00 AM,0423,2,2,0,5,CLEAR,DRY,False,ANGLE COLLISION - OTHER,ANGLE,STRAIGHT & LEVEL,DARK-HWY LIGHTED/ON,,,9/7/2021 8:40:27 AM,False,5205,Accepted,
28607866,0568000,LOUISVILLE METRO POLICE DEPT,Accepted,JEFFERSON,,,4TH,ST,S,,BLOOM,,,,,38.222077906,-85.762613639,2.405,9/4/2021 12:00:00 AM,1139,2,2,0,0,CLEAR,DRY,False,COLLISION WITH PARKED VEHICLE,REAR END,STRAIGHT & LEVEL,DAYLIGHT,,,9/7/2021 8:42:23 AM,False,5186,Accepted,
28607906,0568000,LOUISVILLE METRO POLICE DEPT,Accepted,JEFFERSON,,718,WHITNEY,AVE,W,,,,,,,38.193391141,-85.778578060,0.249,9/4/2021 12:00:00 AM,2045,2,2,0,0,CLOUDY,DRY,True,1 VEHICLE PARKED POSITION (NOT PARKING LOT/DRIVEWAY),SIDESWIPE-OPPOSITE DIRECTION,STRAIGHT & LEVEL,DAYLIGHT,,,9/7/2021 8:44:57 AM,False,5373,Accepted,
28607890,0568000,LOUISVILLE METRO POLICE DEPT,Accepted,JEFFERSON,,,HILL,ST,W,,23RD,,,,,38.229464758,-85.795082654,2.116,9/4/2021 12:00:00 AM,1345,2,2,0,0,CLEAR,DRY,False,ANGLE COLLISION - OTHER,ANGLE,STRAIGHT & LEVEL,DAYLIGHT,,,9/7/2021 8:43:59 AM,False,5253,Accepted,
28607921,0568000,LOUISVILLE METRO POLICE DEPT,Accepted,JEFFERSON,,,BROADWAY,,W,,,,26TH,,24TH,38.249262751,-85.795800569,0.330,9/3/2021 12:00:00 AM,1332,3,3,0,0,CLEAR,DRY,False,COLLISION IN PARKING LOT,SIDESWIPE-SAME DIRECTION,STRAIGHT & LEVEL,DAYLIGHT,,,9/7/2021 8:46:12 AM,False,7751,Accepted,
28607889,0568000,LOUISVILLE METRO POLICE DEPT,Accepted,JEFFERSON,KY0061,,PRESTON,HWY,,,BELMAR,,,,,38.194703280,-85.729662453,8.540,9/3/2021 12:00:00 AM,0908,2,2,0,0,CLEAR,DRY,False,OPPOSING LEFT TURN,OPPOSING LEFT TURN,STRAIGHT & LEVEL,DAYLIGHT,,,9/7/2021 8:43:55 AM,False,7938,Accepted,
28607873,0568000,LOUISVILLE METRO POLICE DEPT,Accepted,JEFFERSON,,,25TH,ST,S,,,,,,,38.259343529,-85.791583927,0.033,9/3/2021 12:00:00 AM,1316,2,2,0,0,CLEAR,DRY,False,1 VEHICLE ENTERING/LEAVING ENTRANCE,ANGLE,STRAIGHT & LEVEL,DAYLIGHT,,,9/7/2021 8:42:53 AM,False,5025,Accepted,
28607771,0568000,LOUISVILLE METRO POLICE DEPT,Accepted,JEFFERSON,I 0264,,,,,,,,,,,38.245909833,-85.620370027,0.393,9/3/2021 12:00:00 AM,1602,2,2,0,0,CLEAR,DRY,True,OTHER RAMP RELATED COLLISIONS NOT LISTED ABOVE,SIDESWIPE-SAME DIRECTION,STRAIGHT & LEVEL,DAYLIGHT,I 0264,US0060,9/7/2021 8:37:57 AM,False,7358,Accepted,
28607840,0568000,LOUISVILLE METRO POLICE DEPT,Accepted,JEFFERSON,I 0265,,I265 E,,,I 0265,I265 E EXIT17 OFF RAMP TO US31E,,,,,38.139439770,-85.590426510,16.881,9/3/2021 12:00:00 AM,1632,2,2,0,1,CLEAR,DRY,False,OTHER INTERSECTION COLLISIONS,REAR END,STRAIGHT & LEVEL,DAYLIGHT,,,9/7/2021 8:40:48 AM,False,7484,Accepted,
28598506,0566900,LOUISVILLE AIRPORT POLICE,Accepted,JEFFERSON,,600,TERMINAL,DR,,,,,,,,38.188255457,-85.745217522,0.787,9/3/2021 12:00:00 AM,1500,2,2,0,0,OTHER,OTHER,True,COLLISION IN PARKING LOT,BACKING,STRAIGHT & LEVEL,,,,9/4/2021 7:32:43 AM,False,5884,Accepted,
28607830,0568000,LOUISVILLE METRO POLICE DEPT,Accepted,JEFFERSON,KY0864,1609,POPLAR LEVEL,RD,,,,,,,,38.218997434,-85.727925738,13.332,9/3/2021 12:00:00 AM,2245,2,2,0,0,CLEAR,DRY,True,COLLISION IN PARKING LOT,SIDESWIPE-SAME DIRECTION,,DARK (UNKNOWN ROADWAY LIGHTING),,,9/7/2021 8:40:23 AM,False,7440,Accepted,
28607789,0568000,LOUISVILLE METRO POLICE DEPT,Accepted,JEFFERSON,,,CENTRAL,AVE,,,4TH,,,,,38.205147940,-85.765554342,0.441,9/3/2021 12:00:00 AM,0852,2,2,0,0,CLEAR,DRY,False,ANGLE COLLISION - OTHER,ANGLE,STRAIGHT & LEVEL,DAYLIGHT,,,9/7/2021 8:38:39 AM,False,7398,Accepted,
28607796,0568000,LOUISVILLE METRO POLICE DEPT,Accepted,JEFFERSON,US0031E,,BARDSTOWN,RD,,,,,WROCKLAGE,,WEBER,38.223800921,-85.688580979,13.351,9/3/2021 12:00:00 AM,0831,2,2,0,2,CLEAR,DRY,False,1 VEHICLE ENTERING/LEAVING ENTRANCE,ANGLE,STRAIGHT & LEVEL,DAYLIGHT,,,9/7/2021 8:38:51 AM,True,6149,Accepted,
28607799,0568000,LOUISVILLE METRO POLICE DEPT,Accepted,JEFFERSON,,,28TH,ST,S,,WOODLAND,,,,,38.234087215,-85.800629368,1.872,9/3/2021 12:00:00 AM,0950,2,1,0,1,CLEAR,DRY,False,COLLISION WITH BICYCLE IN INTERSECTION,SINGLE VEHICLE,STRAIGHT & LEVEL,DAYLIGHT,,,9/7/2021 8:38:56 AM,False,5253,Accepted,
28607814,0568000,LOUISVILLE METRO POLICE DEPT,Accepted,JEFFERSON,,,MEADOW,DR,,US0031E,BARDSTOWN,,,,,38.203927985,-85.665181586,0.001,9/3/2021 12:00:00 AM,0748,2,2,0,1,CLEAR,DRY,False,OPPOSING LEFT TURN,OPPOSING LEFT TURN,STRAIGHT & LEVEL,DAYLIGHT,,,9/7/2021 8:39:41 AM,False,5288,Accepted,
28607856,0568000,LOUISVILLE METRO POLICE DEPT,Accepted,JEFFERSON,US0060,,SHELBYVILLE,RD,,CS1114J,SPREADING OAK,,,,,38.241455405,-85.496998582,12.374,9/3/2021 12:00:00 AM,1401,2,2,0,4,CLEAR,DRY,False,ANGLE COLLISION - OTHER,ANGLE,STRAIGHT & LEVEL,DAYLIGHT,,,9/7/2021 8:41:43 AM,False,7876,Accepted,
28607787,0568000,LOUISVILLE METRO POLICE DEPT,Accepted,JEFFERSON,KY1931,,GREENWOOD,RD,,,DEWITT,,,,,38.144594926,-85.867557247,1.618,9/3/2021 12:00:00 AM,1651,1,1,0,1,CLEAR,DRY,False,NON-COLLISION OBJECT COLLISION,SINGLE VEHICLE,STRAIGHT & LEVEL,DAYLIGHT,,,9/7/2021 8:38:35 AM,False,7339,Accepted,
28607812,0568000,LOUISVILLE METRO POLICE DEPT,Accepted,JEFFERSON,KY1931,,MANSLICK,RD,,,ALICE KAY,,,,,38.167124714,-85.797378384,6.327,9/3/2021 12:00:00 AM,1849,2,2,0,1,CLEAR,DRY,True,ANGLE COLLISION - OTHER,ANGLE,STRAIGHT & HILLCREST,DAYLIGHT,,,9/7/2021 8:39:37 AM,False,6318,Accepted,
28607862,0568000,LOUISVILLE METRO POLICE DEPT,Accepted,JEFFERSON,I 0065,,I65 N,,,,,,,,,38.209936652,-85.752890035,132.747,9/3/2021 12:00:00 AM,1812,2,2,0,0,CLEAR,DRY,False,SIDESWIPE COLLISION - SAME DIRECTION,SIDESWIPE-SAME DIRECTION,CURVE & LEVEL,DAYLIGHT,,,9/7/2021 8:42:07 AM,False,7249,Accepted,
28594686,0568000,LOUISVILLE METRO POLICE DEPT,Accepted,JEFFERSON,I 0264,,I264 E,,,,,I 0264,I264 E EXIT16 ON RAMP FROM US31E,I 0264,I264 E EXIT17A OFF RAMP TO KY155 S,38.214110989,-85.665488541,16.044,9/3/2021 12:00:00 AM,0440,2,2,0,1,CLEAR,DRY,False,REAR END IN TRAFFIC LANES BOTH VEHICLES MOVING,REAR END,STRAIGHT & LEVEL,DARK-HWY LIGHTED/ON,,,9/3/2021 7:43:40 AM,False,2026,Accepted,
28607773,0568000,LOUISVILLE METRO POLICE DEPT,Accepted,JEFFERSON,US0031E,,MAIN,ST,E,,1ST,,,,,38.256115899,-85.751529127,17.786,9/3/2021 12:00:00 AM,1630,3,3,0,1,CLEAR,DRY,False,ANGLE COLLISION - ONE VEHICLE TURNING LEFT,ANGLE,STRAIGHT & LEVEL,DAYLIGHT,,,9/7/2021 8:38:00 AM,False,7216,Accepted,