IncidentID,AgencyORI,AgencyName,IncidentStatusDesc,County,RdwyNumber,Street,RoadwayName,StreetSfx,StreetDir,IntersectionRdwy,IntersectionRdwyName,BetweenStRdwy1,BetweenStRdwyName1,BetweenStRdwy2,BetweenStRdwyName2,Latitude,Longitude,Milepoint,CollisionDate,CollisionTime,UnitsInvolved,MotorVehiclesInvolved,NumberKilled,NumberInjured,Weather,RdwyConditionCode,HitandRun,DirAnalysisCode,MannerofCollision,RdwyCharacter,LightCondition,RampFromRdwyId,RampToRdwyId,AcceptedDate,IsSecondaryCollision,OwnerBadge,IncidentStatus,
28607779,0568000,LOUISVILLE METRO POLICE DEPT,Accepted,JEFFERSON,,,ORMSBY,AVE,W,KY1020,2ND,,,,,38.232549674,-85.757382857,0.091,9/3/2021 12:00:00 AM,1235,2,2,0,0,CLEAR,DRY,False,HEAD-ON COLLISION,HEAD ON,STRAIGHT & LEVEL,DAYLIGHT,,,9/7/2021 8:38:13 AM,False,5175,Accepted,
28607780,0568000,LOUISVILLE METRO POLICE DEPT,Accepted,JEFFERSON,,,15TH,ST,S,US0031W,MARKET,,,,,38.257238529,-85.774972507,2.212,9/3/2021 12:00:00 AM,1422,2,2,0,2,CLEAR,DRY,False,ANGLE COLLISION - ONE VEHICLE TURNING RIGHT,ANGLE,STRAIGHT & LEVEL,DAYLIGHT,,,9/7/2021 8:38:18 AM,False,7823,Accepted,
28607782,0568000,LOUISVILLE METRO POLICE DEPT,Accepted,JEFFERSON,KY0061,5201,PRESTON,HWY,,,,,,,,38.173368475,-85.711377337,6.759,9/3/2021 12:00:00 AM,1635,2,2,0,0,CLEAR,DRY,True,1 VEHICLE ENTERING/LEAVING ENTRANCE,ANGLE,STRAIGHT & LEVEL,DAYLIGHT,,,9/7/2021 8:38:24 AM,False,5383,Accepted,
30300493,0568000,LOUISVILLE METRO POLICE DEPT,Accepted,JEFFERSON,KY0061,7212,PRESTON,HWY,,,,,,,,38.147484552,-85.691751506,4.632,9/3/2021 12:00:00 AM,2152,2,1,1,0,CLEAR,DRY,False,COLLISION WITH PEDESTRIAN NON - INTERSECTION,SINGLE VEHICLE,CURVE & GRADE,DARK-HWY LIGHTED/OFF,,,7/14/2022 8:26:03 AM,False,7720,Accepted,
28594697,0568000,LOUISVILLE METRO POLICE DEPT,Accepted,JEFFERSON,KY1865,,TAYLOR,BLVD,,,,,CONN,,BERRY,38.195970142,-85.782961478,6.170,9/3/2021 12:00:00 AM,0442,2,2,0,0,CLEAR,DRY,True,REAR END IN TRAFFIC LANES BOTH VEHICLES MOVING,REAR END,STRAIGHT & LEVEL,DARK-HWY LIGHTED/ON,,,9/3/2021 7:49:45 AM,False,7426,Accepted,
28595844,0568000,LOUISVILLE METRO POLICE DEPT,Accepted,JEFFERSON,KY0864,,SHELBY,ST,S,,ST CATHERINE,,,,,38.234694577,-85.741234205,14.794,9/3/2021 12:00:00 AM,1028,2,2,0,0,CLEAR,DRY,True,ANGLE COLLISION - OTHER,ANGLE,STRAIGHT & LEVEL,DAYLIGHT,,,9/3/2021 1:52:52 PM,False,7433,Accepted,
28595845,0568000,LOUISVILLE METRO POLICE DEPT,Accepted,JEFFERSON,KY1934,,CANE RUN,RD,,,ROCKFORD,,,,,38.183876509,-85.855339308,7.805,9/3/2021 12:00:00 AM,0926,3,3,0,1,CLEAR,DRY,True,OTHER INTERSECTION COLLISIONS,REAR END,STRAIGHT & LEVEL,DAYLIGHT,,,9/3/2021 1:52:56 PM,False,6318,Accepted,
28607784,0568000,LOUISVILLE METRO POLICE DEPT,Accepted,JEFFERSON,I 0265,,I265 W,,,,,,,,,38.155135365,-85.533192316,20.311,9/3/2021 12:00:00 AM,1610,3,3,0,1,CLEAR,DRY,False,OTHER ROADWAY OR MID-BLOCK COLLISION,REAR END,STRAIGHT & LEVEL,DAYLIGHT,,,9/7/2021 8:38:29 AM,False,7474,Accepted,
28607793,0568000,LOUISVILLE METRO POLICE DEPT,Accepted,JEFFERSON,KY1934,,CANE RUN,RD,,KY2049,CRUMS,,,,,38.199230996,-85.837297824,9.188,9/3/2021 12:00:00 AM,1532,2,2,0,0,CLEAR,DRY,True,OTHER INTERSECTION COLLISIONS,REAR END,CURVE & LEVEL,DAYLIGHT,,,9/7/2021 8:38:47 AM,False,5353,Accepted,
28607802,0568000,LOUISVILLE METRO POLICE DEPT,Accepted,JEFFERSON,KY2054,,ALGONQUIN,PKWY,,US0031W,22ND,,,,,38.223384500,-85.795117233,1.501,9/3/2021 12:00:00 AM,1340,2,2,0,6,CLEAR,DRY,False,ANGLE COLLISION - OTHER,ANGLE,STRAIGHT & LEVEL,DAYLIGHT,,,9/7/2021 8:39:01 AM,False,5253,Accepted,
28607808,0568000,LOUISVILLE METRO POLICE DEPT,Accepted,JEFFERSON,,,1ST,ST,S,,OTTAWA,,,,,38.187996465,-85.761723504,3.390,9/3/2021 12:00:00 AM,1322,2,2,0,2,CLEAR,DRY,True,OPPOSING LEFT TURN,OPPOSING LEFT TURN,STRAIGHT & LEVEL,DAYLIGHT,,,9/7/2021 8:39:29 AM,False,5378,Accepted,
28594683,0568000,LOUISVILLE METRO POLICE DEPT,Accepted,JEFFERSON,US0031E,,BAXTER,AVE,,US0150,BROADWAY,,,,,38.243721493,-85.727002376,15.902,9/3/2021 12:00:00 AM,0345,2,2,0,0,CLEAR,DRY,True,OTHER INTERSECTION COLLISIONS,REAR END,STRAIGHT & LEVEL,DARK-HWY LIGHTED/ON,,,9/3/2021 7:43:08 AM,False,7488,Accepted,
28607844,0568000,LOUISVILLE METRO POLICE DEPT,Accepted,JEFFERSON,KY0061,8325,PRESTON,HWY,,,,,,,,38.130051614,-85.682118697,3.336,9/3/2021 12:00:00 AM,1750,2,2,0,1,CLEAR,DRY,False,1 VEHICLE PARKED POSITION (NOT PARKING LOT/DRIVEWAY),ANGLE,STRAIGHT & LEVEL,DAYLIGHT,,,9/7/2021 8:40:56 AM,False,7669,Accepted,
28607845,0568000,LOUISVILLE METRO POLICE DEPT,Accepted,JEFFERSON,,4109,GLEN HILL MANOR,DR,,,GRAFTON HALL,,,,,38.092978860,-85.856778197,0.284,9/3/2021 12:00:00 AM,1556,1,1,0,0,CLEAR,DRY,True,COLLISION WITH FIXED OBJECT IN INTERSECTION - FIRST EVENT COLLISION 09 - 32,SINGLE VEHICLE,STRAIGHT & LEVEL,DAYLIGHT,,,9/7/2021 8:41:05 AM,False,6318,Accepted,
28607835,0568000,LOUISVILLE METRO POLICE DEPT,Accepted,JEFFERSON,US0060A,,TAYLOR,BLVD,,,LONGFIELD,,,,,38.198701075,-85.782765995,1.614,9/3/2021 12:00:00 AM,2130,2,2,0,0,CLEAR,DRY,True,OTHER INTERSECTION COLLISIONS,REAR END,STRAIGHT & LEVEL,DUSK,,,9/7/2021 8:40:38 AM,False,5324,Accepted,
28607768,0568000,LOUISVILLE METRO POLICE DEPT,Accepted,JEFFERSON,,,MELLWOOD,AVE,,,,,,,,38.265994229,-85.709476528,0.577,9/3/2021 12:00:00 AM,1545,2,2,0,0,CLEAR,DRY,False,REAR END IN TRAFFIC LANES BOTH VEHICLES MOVING,REAR END,STRAIGHT & LEVEL,DAYLIGHT,,,9/7/2021 8:37:50 AM,False,7028,Accepted,
28607819,0568000,LOUISVILLE METRO POLICE DEPT,Accepted,JEFFERSON,KY0155,,TAYLORSVILLE,RD,,,,,,,,38.188801169,-85.509496974,6.089,9/3/2021 12:00:00 AM,2046,2,2,0,0,CLEAR,DRY,False,SIDESWIPE COLLISION - SAME DIRECTION,SIDESWIPE-SAME DIRECTION,STRAIGHT & LEVEL,DARK (UNKNOWN ROADWAY LIGHTING),,,9/7/2021 8:39:49 AM,False,7827,Accepted,
28607791,0568000,LOUISVILLE METRO POLICE DEPT,Accepted,JEFFERSON,KY1931,,GREENWOOD,RD,,,NORWICH,,,,,38.144865231,-85.876538735,1.123,9/3/2021 12:00:00 AM,1717,1,1,0,0,CLEAR,DRY,True,COLLISION WITH FIXED OBJECT IN INTERSECTION - FIRST EVENT COLLISION 09 - 32,SINGLE VEHICLE,STRAIGHT & LEVEL,DAYLIGHT,,,9/7/2021 8:38:43 AM,False,7340,Accepted,
28607878,0568000,LOUISVILLE METRO POLICE DEPT,Accepted,JEFFERSON,US0031,,CLARK MEMORIAL,BRG,,,,,,,,38.259498031,-85.752620600,0.228,9/3/2021 12:00:00 AM,2100,3,3,0,0,CLEAR,DRY,True,REAR END IN TRAFFIC LANES BOTH VEHICLES MOVING,REAR END,STRAIGHT & LEVEL,DARK-HWY LIGHTED/ON,,,9/7/2021 8:43:09 AM,False,5335,Accepted,
28614284,0561500,UNIV. OF LOUISVILLE POLICE,Accepted,JEFFERSON,,2800,FLOYD,ST,S,,,,,,,38.204195981,-85.756927240,3.554,9/3/2021 12:00:00 AM,1500,2,2,0,0,CLEAR,DRY,True,COLLISION IN PARKING LOT,BACKING,STRAIGHT & LEVEL,DAYLIGHT,,,9/7/2021 2:27:37 PM,False,5674,Accepted,
28614285,0561500,UNIV. OF LOUISVILLE POLICE,Accepted,JEFFERSON,US0150,,BROADWAY,,E,KY0061,JACKSON,,,,,38.245173632,-85.745564599,3.072,9/3/2021 12:00:00 AM,1936,2,2,0,1,CLEAR,DRY,False,SIDESWIPE-SAME DIRECTION,SIDESWIPE-SAME DIRECTION,STRAIGHT & LEVEL,DUSK,,,9/7/2021 2:27:51 PM,False,5700,Accepted,
28614286,0561500,UNIV. OF LOUISVILLE POLICE,Accepted,JEFFERSON,,2330,CRITTENDEN,DR,,,,,,,,38.211951527,-85.751323335,0.341,9/3/2021 12:00:00 AM,1310,2,2,0,0,CLEAR,DRY,True,COLLISION IN PARKING LOT,SIDESWIPE-SAME DIRECTION,CURVE & GRADE,DAYLIGHT,,,9/7/2021 2:28:06 PM,False,5618,Accepted,
28614287,0561500,UNIV. OF LOUISVILLE POLICE,Accepted,JEFFERSON,,,FLOYD,ST,S,,BLOOM,,,,,38.221165072,-85.753970553,2.368,9/3/2021 12:00:00 AM,1441,2,2,0,0,CLEAR,DRY,False,OPPOSING LEFT TURN,OPPOSING LEFT TURN,STRAIGHT & LEVEL,DAYLIGHT,,,9/7/2021 2:28:14 PM,False,5710,Accepted,
28627236,0568000,LOUISVILLE METRO POLICE DEPT,Accepted,JEFFERSON,,,PAGES,LN,W,KY1727,TERRY,,,,,38.131021922,-85.874231422,1.439,9/3/2021 12:00:00 AM,0409,1,1,0,0,CLEAR,DRY,False,COLLISION WITH FIXED OBJECT IN INTERSECTION - FIRST EVENT COLLISION 09 - 32,SINGLE VEHICLE,STRAIGHT & LEVEL,UNKNOWN,,,9/8/2021 8:08:02 AM,False,7166,Accepted,
28627247,0568000,LOUISVILLE METRO POLICE DEPT,Accepted,JEFFERSON,US0031W,,22ND,ST,S,,,,STANDARD,,WOODLAND,38.232531817,-85.791274513,18.427,9/3/2021 12:00:00 AM,1055,1,1,0,0,CLEAR,DRY,False,OTHER ROADWAY OR MID-BLOCK COLLISION,SINGLE VEHICLE,STRAIGHT & GRADE,DAYLIGHT,,,9/8/2021 8:08:40 AM,False,2469,Accepted,
28700555,0561000,JEFFERSONTOWN POLICE DEPT,Accepted,JEFFERSON,I 0064,,I64 W,,,I 0064,I64 W EXIT17 OFF RAMP TO KY913,,,,,38.223552122,-85.533253688,17.379,9/3/2021 12:00:00 AM,0630,2,2,0,0,CLEAR,DRY,True,SIDESWIPE-SAME DIRECTION,SIDESWIPE-SAME DIRECTION,STRAIGHT & LEVEL,DAYLIGHT,,,9/24/2021 2:11:04 PM,False,8318,Accepted,
28635554,0568000,LOUISVILLE METRO POLICE DEPT,Accepted,JEFFERSON,,1241,CLAY,ST,S,,,,,,,38.233122874,-85.743915150,1.456,9/3/2021 12:00:00 AM,2016,3,3,0,0,CLEAR,DRY,True,1 VEHICLE PARKED POSITION (NOT PARKING LOT/DRIVEWAY),SIDESWIPE-SAME DIRECTION,STRAIGHT & LEVEL,DUSK,,,9/9/2021 8:11:27 AM,False,5050,Accepted,
28594665,0568000,LOUISVILLE METRO POLICE DEPT,Accepted,JEFFERSON,KY0841,,GENE SNYDER,FWY,,,,,,,,38.105272147,-85.815211845,3.707,9/2/2021 12:00:00 AM,1442,2,2,0,0,CLEAR,DRY,False,REAR END IN TRAFFIC LANES BOTH VEHICLES MOVING,REAR END,STRAIGHT & LEVEL,DAYLIGHT,,,9/3/2021 7:39:15 AM,False,7174,Accepted,
28594675,0568000,LOUISVILLE METRO POLICE DEPT,Accepted,JEFFERSON,,,WITHERSPOON,ST,E,,RIVER,,,,,38.257570894,-85.742386695,0.487,9/2/2021 12:00:00 AM,2050,2,2,0,0,CLEAR,DRY,False,ANGLE COLLISION - OTHER,ANGLE,STRAIGHT & LEVEL,DARK-HWY LIGHTED/ON,,,9/3/2021 7:41:36 AM,False,7386,Accepted,
28594681,0568000,LOUISVILLE METRO POLICE DEPT,Accepted,JEFFERSON,,,HEPBURN,AVE,,,RUBEL,,,,,38.238325072,-85.725080393,0.106,9/2/2021 12:00:00 AM,1955,2,2,0,0,CLEAR,DRY,True,ANGLE COLLISION - OTHER,ANGLE,STRAIGHT & LEVEL,DAYLIGHT,,,9/3/2021 7:42:20 AM,False,7488,Accepted,
28594698,0568000,LOUISVILLE METRO POLICE DEPT,Accepted,JEFFERSON,I 0264,,I264 E,,,,,,,,,38.190018375,-85.759725422,10.433,9/2/2021 12:00:00 AM,1530,2,2,0,0,CLEAR,DRY,False,REAR END IN TRAFFIC LANES BOTH VEHICLES MOVING,REAR END,STRAIGHT & GRADE,DAYLIGHT,,,9/3/2021 7:51:30 AM,False,7251,Accepted,
28595109,0568000,LOUISVILLE METRO POLICE DEPT,Accepted,JEFFERSON,,,DIXIE,HWY,,,STANDARD,,,,,38.230937171,-85.789413113,1.304,9/2/2021 12:00:00 AM,2100,2,2,0,1,CLEAR,DRY,True,OPPOSITE DIRECTION - BOTH VEHICLES GOING STRAIGHT AHEAD,SIDESWIPE-OPPOSITE DIRECTION,STRAIGHT & LEVEL,DARK-HWY LIGHTED/ON,,,9/3/2021 9:34:54 AM,False,5309,Accepted,
28594642,0568000,LOUISVILLE METRO POLICE DEPT,Accepted,JEFFERSON,,,CAMDEN,AVE,,,CLIFF,,,,,38.192933789,-85.774281396,0.325,9/2/2021 12:00:00 AM,0843,2,2,0,0,CLEAR,DRY,False,ANGLE COLLISION - OTHER,ANGLE,STRAIGHT & LEVEL,DAYLIGHT,,,9/3/2021 7:36:12 AM,False,7249,Accepted,
28594667,0568000,LOUISVILLE METRO POLICE DEPT,Accepted,JEFFERSON,I 0071,,I71 N,,,,,,,,,38.292376655,-85.638754573,5.585,9/2/2021 12:00:00 AM,1430,2,2,0,0,CLEAR,DRY,False,REAR END IN TRAFFIC LANES BOTH VEHICLES MOVING,REAR END,STRAIGHT & LEVEL,DAYLIGHT,,,9/3/2021 7:39:27 AM,False,7316,Accepted,
28594682,0568000,LOUISVILLE METRO POLICE DEPT,Accepted,JEFFERSON,US0031E,,BAXTER,AVE,,,MORTON,,,,,38.241343722,-85.725204133,15.733,9/2/2021 12:00:00 AM,2040,2,2,0,0,CLEAR,DRY,False,ANGLE COLLISION - ONE VEHICLE TURNING LEFT,ANGLE,STRAIGHT & LEVEL,DARK-HWY LIGHTED/ON,,,9/3/2021 7:43:01 AM,False,7488,Accepted,
28594650,0568000,LOUISVILLE METRO POLICE DEPT,Accepted,JEFFERSON,,6110,FRONTAGE ROAD NO 93,,,KY1865,NEW CUT,,,,,38.122905650,-85.776727362,0.002,9/2/2021 12:00:00 AM,1545,2,2,0,0,CLEAR,DRY,False,ANGLE COLLISION - OTHER,ANGLE,STRAIGHT & LEVEL,DAYLIGHT,,,9/3/2021 7:37:34 AM,False,7723,Accepted,
28594655,0568000,LOUISVILLE METRO POLICE DEPT,Accepted,JEFFERSON,KY0864,1609,POPLAR LEVEL,RD,,,THRUSTON,,,,,38.217665288,-85.726629671,13.219,9/2/2021 12:00:00 AM,1402,2,2,0,0,CLEAR,DRY,False,OPPOSING LEFT TURN,OPPOSING LEFT TURN,STRAIGHT & HILLCREST,DAYLIGHT,,,9/3/2021 7:38:25 AM,False,7383,Accepted,
28594647,0568000,LOUISVILLE METRO POLICE DEPT,Accepted,JEFFERSON,KY1065,,OUTER,LOOP,,,JEFFERSON,,,,,38.137925048,-85.675158490,6.693,9/2/2021 12:00:00 AM,1201,2,1,0,1,CLEAR,DRY,False,COLLISION WITH BICYCLE IN INTERSECTION,SINGLE VEHICLE,STRAIGHT & LEVEL,DAYLIGHT,,,9/3/2021 7:36:46 AM,False,2324,Accepted,
28594648,0568000,LOUISVILLE METRO POLICE DEPT,Accepted,JEFFERSON,,,SMYRNA,PKWY,,I 0265,I265 E EXIT14 ON RAMP FROM  SMYRNA PKWY S,,,,,38.116882642,-85.643564590,1.448,9/2/2021 12:00:00 AM,1531,2,2,0,2,CLEAR,DRY,False,OPPOSING LEFT TURN,OPPOSING LEFT TURN,STRAIGHT & GRADE,DAYLIGHT,,,9/3/2021 7:36:51 AM,False,2324,Accepted,
28591465,0561500,UNIV. OF LOUISVILLE POLICE,Accepted,JEFFERSON,,,FLOYD,ST,S,,,,,,,38.219606874,-85.754216890,2.477,9/2/2021 12:00:00 AM,0807,2,2,0,0,CLEAR,DRY,False,1 VEHICLE ENTERING/LEAVING ENTRANCE,ANGLE,STRAIGHT & LEVEL,DAYLIGHT,,,9/2/2021 1:25:13 PM,False,5711,Accepted,
28594624,0568000,LOUISVILLE METRO POLICE DEPT,Accepted,JEFFERSON,US0060A,,TAYLOR,BLVD,,,ARCADE,,,,,38.202122551,-85.781493113,1.890,9/2/2021 12:00:00 AM,0601,3,3,0,0,CLEAR,DRY,False,ANGLE COLLISION - OTHER,ANGLE,STRAIGHT & LEVEL,DARK-HWY LIGHTED/ON,,,9/3/2021 7:32:00 AM,False,7435,Accepted,
28594625,0568000,LOUISVILLE METRO POLICE DEPT,Accepted,JEFFERSON,I 0265,,I265 N,,,,,,,,,38.315064534,-85.581896766,34.723,9/2/2021 12:00:00 AM,0710,2,2,0,0,CLEAR,DRY,False,OTHER ROADWAY OR MID-BLOCK COLLISION,REAR END,STRAIGHT & LEVEL,DAYLIGHT,,,9/3/2021 7:32:46 AM,False,4903,Accepted,
28594639,0568000,LOUISVILLE METRO POLICE DEPT,Accepted,JEFFERSON,KY1450,,BLUE LICK,RD,,,,,,,,38.127920448,-85.689456051,2.981,9/2/2021 12:00:00 AM,0911,2,2,0,0,CLEAR,DRY,True,SIDESWIPE COLLISION - OPPOSITE DIRECTION,SIDESWIPE-OPPOSITE DIRECTION,STRAIGHT & LEVEL,DAYLIGHT,,,9/3/2021 7:34:52 AM,False,4693,Accepted,
28594640,0568000,LOUISVILLE METRO POLICE DEPT,Accepted,JEFFERSON,,,INDIAN,TRL,E,,,,,,,38.170929412,-85.687414011,1.063,9/2/2021 12:00:00 AM,1114,2,2,0,1,CLEAR,DRY,False,OTHER ROADWAY OR MID-BLOCK COLLISION,OPPOSING LEFT TURN,STRAIGHT & LEVEL,DAYLIGHT,,,9/3/2021 7:35:22 AM,False,4693,Accepted,
28594679,0568000,LOUISVILLE METRO POLICE DEPT,Accepted,JEFFERSON,,,11TH,ST,S,,,,,,,38.250242361,-85.769461146,0.535,9/2/2021 12:00:00 AM,2137,2,2,0,4,CLEAR,DRY,False,1 VEHICLE ENTERING/LEAVING ENTRANCE,ANGLE,STRAIGHT & LEVEL,DARK-HWY NOT LIGHTED,,,9/3/2021 7:42:02 AM,False,7386,Accepted,
28594652,0568000,LOUISVILLE METRO POLICE DEPT,Accepted,JEFFERSON,,2406,ASHWOOD,DR,,,,,,,,38.213773906,-85.698713105,0.241,9/2/2021 12:00:00 AM,1652,1,1,0,0,CLEAR,DRY,False,COLLISION WITH FIXED OBJECT NON - INTERSECTION - FIRST EVENT COLLISION 09 - 32 EXCLUDING 16,SINGLE VEHICLE,CURVE & GRADE,DAYLIGHT,,,9/3/2021 7:37:51 AM,False,6813,Accepted,
28594653,0568000,LOUISVILLE METRO POLICE DEPT,Accepted,JEFFERSON,US0042,2200,BROWNSBORO,RD,,,,,CLIFTON,,JANE,38.258729837,-85.704313254,1.703,9/2/2021 12:00:00 AM,1430,2,1,0,0,CLEAR,DRY,False,COLLISION IN PARKING LOT,SINGLE VEHICLE,STRAIGHT & HILLCREST,DAYLIGHT,,,9/3/2021 7:37:57 AM,False,7128,Accepted,
28594668,0568000,LOUISVILLE METRO POLICE DEPT,Accepted,JEFFERSON,,,GEORGETOWN,PL,,,VALLEY FORGE,,,,,38.195252506,-85.793454961,0.070,9/2/2021 12:00:00 AM,1500,2,2,0,0,CLEAR,DRY,True,COLLISION WITH PARKED VEHICLE,REAR END,STRAIGHT & LEVEL,DAYLIGHT,,,9/3/2021 7:39:41 AM,False,7360,Accepted,
28594695,0568000,LOUISVILLE METRO POLICE DEPT,Accepted,JEFFERSON,KY0864,,POPLAR LEVEL,RD,,,,,,,,38.163152253,-85.678641491,8.552,9/2/2021 12:00:00 AM,1648,2,2,0,1,CLEAR,DRY,False,1 VEHICLE ENTERING/LEAVING ENTRANCE,ANGLE,STRAIGHT & LEVEL,DAYLIGHT,,,9/3/2021 7:48:48 AM,False,7371,Accepted,
28594696,0568000,LOUISVILLE METRO POLICE DEPT,Accepted,JEFFERSON,I 0065,,I65 N,,,,,,,,,38.208836459,-85.750937415,132.615,9/2/2021 12:00:00 AM,1650,2,2,0,0,CLEAR,DRY,False,SIDESWIPE COLLISION - SAME DIRECTION,SIDESWIPE-SAME DIRECTION,STRAIGHT & LEVEL,DAYLIGHT,,,9/3/2021 7:48:54 AM,False,5385,Accepted,
28590291,0568000,LOUISVILLE METRO POLICE DEPT,Accepted,JEFFERSON,,,HILL,ST,W,,DIXIE,,,,,38.228306990,-85.790481416,1.840,9/2/2021 12:00:00 AM,0210,2,2,0,0,CLEAR,DRY,False,COLLISION WITH PARKED VEHICLE,SIDESWIPE-SAME DIRECTION,STRAIGHT & LEVEL,DARK-HWY LIGHTED/ON,,,9/2/2021 7:22:43 AM,False,5309,Accepted,
28594634,0568000,LOUISVILLE METRO POLICE DEPT,Accepted,JEFFERSON,,1817,ROWAN,ST,,,,,,,,38.260615080,-85.780217923,0.645,9/2/2021 12:00:00 AM,1014,2,2,0,0,CLEAR,DRY,True,1 VEHICLE PARKED POSITION (NOT PARKING LOT/DRIVEWAY),SIDESWIPE-SAME DIRECTION,STRAIGHT & LEVEL,DAYLIGHT,,,9/3/2021 7:33:40 AM,False,7305,Accepted,
28594635,0568000,LOUISVILLE METRO POLICE DEPT,Accepted,JEFFERSON,KY0907,,VALLEY STATION,RD,,,,,VALLEY FARMS,,DEERING,38.105207110,-85.859073949,0.455,9/2/2021 12:00:00 AM,1102,2,2,0,0,CLOUDY,DRY,False,SIDESWIPE COLLISION - OPPOSITE DIRECTION,SIDESWIPE-OPPOSITE DIRECTION,STRAIGHT & LEVEL,DAYLIGHT,,,9/3/2021 7:33:46 AM,False,2021,Accepted,
28594637,0568000,LOUISVILLE METRO POLICE DEPT,Accepted,JEFFERSON,KY0864,,POPLAR LEVEL,RD,,,,,,,,38.171875699,-85.685256994,9.242,9/2/2021 12:00:00 AM,0950,2,2,0,0,CLEAR,DRY,False,1 VEHICLE ENTERING/LEAVING ENTRANCE,ANGLE,STRAIGHT & LEVEL,DAYLIGHT,,,9/3/2021 7:34:04 AM,False,4693,Accepted,
28594643,0568000,LOUISVILLE METRO POLICE DEPT,Accepted,JEFFERSON,US0031E,,BARDSTOWN,RD,,,,,,,,38.162177844,-85.594763008,6.505,9/2/2021 12:00:00 AM,1447,2,2,0,1,CLEAR,DRY,False,REAR END IN TRAFFIC LANES BOTH VEHICLES MOVING,REAR END,STRAIGHT & LEVEL,DAYLIGHT,,,9/3/2021 7:36:20 AM,False,7755,Accepted,
28594644,0568000,LOUISVILLE METRO POLICE DEPT,Accepted,JEFFERSON,,,SMYRNA,PKWY,,,,KY1065,OUTER,,VANDRE,38.137184735,-85.642093927,0.054,9/2/2021 12:00:00 AM,1546,2,2,0,0,CLOUDY,DRY,True,1 VEHICLE ENTERING/LEAVING ENTRANCE,ANGLE,STRAIGHT & HILLCREST,DAYLIGHT,,,9/3/2021 7:36:28 AM,False,2959,Accepted,
28594645,0568000,LOUISVILLE METRO POLICE DEPT,Accepted,JEFFERSON,I 0264,,I264 W,,,,,,,,,38.219816476,-85.822241199,4.221,9/2/2021 12:00:00 AM,1539,1,1,0,1,CLEAR,DRY,False,OTHER ROADWAY OR MID-BLOCK COLLISION,SINGLE VEHICLE,STRAIGHT & LEVEL,DAYLIGHT,,,9/3/2021 7:36:35 AM,False,5161,Accepted,
28594651,0568000,LOUISVILLE METRO POLICE DEPT,Accepted,JEFFERSON,KY1703,2308,NEWBURG,RD,,,,,,,,38.209444215,-85.693752401,2.882,9/2/2021 12:00:00 AM,1322,1,1,0,0,CLEAR,DRY,True,RAN OFF ROADWAY (1 VEHICLE WITH/EARTH EMBANKMENT/DITCH),SINGLE VEHICLE,CURVE & GRADE,DAYLIGHT,,,9/3/2021 7:37:45 AM,False,6813,Accepted,
28594638,0568000,LOUISVILLE METRO POLICE DEPT,Accepted,JEFFERSON,KY1065,,OUTER,LOOP,,,,,,,,38.138455931,-85.685643927,6.113,9/2/2021 12:00:00 AM,0834,2,2,0,0,CLEAR,DRY,False,REAR END IN TRAFFIC LANES BOTH VEHICLES MOVING,REAR END,STRAIGHT & LEVEL,DAYLIGHT,,,9/3/2021 7:34:29 AM,False,4693,Accepted,
28594646,0568000,LOUISVILLE METRO POLICE DEPT,Accepted,JEFFERSON,,,BROOK,ST,S,,AIRMONT,,,,,38.238741453,-85.752921228,2.283,9/2/2021 12:00:00 AM,1351,3,3,0,0,CLEAR,DRY,False,COLLISION WITH PARKED VEHICLE,REAR END,STRAIGHT & LEVEL,DAYLIGHT,,,9/3/2021 7:36:43 AM,False,5186,Accepted,
28627217,0568000,LOUISVILLE METRO POLICE DEPT,Accepted,JEFFERSON,I 0264,,I264 W,,,,,,,,,38.194233000,-85.710017749,13.215,9/2/2021 12:00:00 AM,1519,3,3,0,2,CLEAR,DRY,False,REAR END IN TRAFFIC LANES BOTH VEHICLES MOVING,REAR END,STRAIGHT & LEVEL,DAYLIGHT,,,9/8/2021 8:06:37 AM,False,8278,Accepted,
28607914,0568000,LOUISVILLE METRO POLICE DEPT,Accepted,JEFFERSON,US0031W,,DIXIE,HWY,,,STONESTREET,,,,,38.121231641,-85.855679949,9.747,9/2/2021 12:00:00 AM,1727,2,2,0,0,CLEAR,DRY,False,SIDESWIPE-SAME DIRECTION,SIDESWIPE-SAME DIRECTION,STRAIGHT & LEVEL,DAYLIGHT,,,9/7/2021 8:45:43 AM,False,7336,Accepted,
28607915,0568000,LOUISVILLE METRO POLICE DEPT,Accepted,JEFFERSON,US0031W,,MAIN,ST,W,,,,,,,38.256850495,-85.758354793,21.850,9/2/2021 12:00:00 AM,1117,2,2,0,0,CLEAR,DRY,False,SIDESWIPE COLLISION - SAME DIRECTION,SIDESWIPE-SAME DIRECTION,STRAIGHT & LEVEL,DAYLIGHT,,,9/7/2021 8:45:46 AM,False,5148,Accepted,