IncidentID,AgencyORI,AgencyName,IncidentStatusDesc,County,RdwyNumber,Street,RoadwayName,StreetSfx,StreetDir,IntersectionRdwy,IntersectionRdwyName,BetweenStRdwy1,BetweenStRdwyName1,BetweenStRdwy2,BetweenStRdwyName2,Latitude,Longitude,Milepoint,CollisionDate,CollisionTime,UnitsInvolved,MotorVehiclesInvolved,NumberKilled,NumberInjured,Weather,RdwyConditionCode,HitandRun,DirAnalysisCode,MannerofCollision,RdwyCharacter,LightCondition,RampFromRdwyId,RampToRdwyId,AcceptedDate,IsSecondaryCollision,OwnerBadge,IncidentStatus,
28627215,0568000,LOUISVILLE METRO POLICE DEPT,Accepted,JEFFERSON,I 0264,,,,,,,,,,,38.200987462,-85.688039467,0.258,9/2/2021 12:00:00 AM,1725,2,2,0,0,CLEAR,DRY,True,OTHER RAMP RELATED COLLISIONS NOT LISTED ABOVE,SIDESWIPE-SAME DIRECTION,CURVE & GRADE,DAYLIGHT,I 0264,KY1703,9/8/2021 8:06:29 AM,False,8278,Accepted,
28635522,0568000,LOUISVILLE METRO POLICE DEPT,Accepted,JEFFERSON,I 0265,,I265 E,,,,,I 0265,I265 E EXIT23 ON RAMP FROM KY155,I 0064,I265 N EXIT25A RAMP TO I64 E,38.200240339,-85.507656146,23.923,9/1/2021 12:00:00 AM,0815,2,2,0,0,CLEAR,DRY,False,REAR END IN TRAFFIC LANES BOTH VEHICLES MOVING,REAR END,STRAIGHT & GRADE,DAYLIGHT,,,9/9/2021 8:07:42 AM,False,7720,Accepted,
28627227,0568000,LOUISVILLE METRO POLICE DEPT,Accepted,JEFFERSON,,,WATTERSON,TRL,S,,STONE BLUFF,,,,,38.166795956,-85.622171231,0.855,9/1/2021 12:00:00 AM,1637,2,2,0,1,CLEAR,DRY,False,SIDESWIPE-SAME DIRECTION,SIDESWIPE-SAME DIRECTION,CURVE & HILLCREST,DAYLIGHT,,,9/8/2021 8:07:34 AM,False,7200,Accepted,
28652536,0568000,LOUISVILLE METRO POLICE DEPT,Accepted,JEFFERSON,,,ASHLAND,AVE,W,,MAPLETON,,,,,38.186513968,-85.779055728,0.698,9/1/2021 12:00:00 AM,1630,2,2,0,0,CLEAR,DRY,False,COLLISION WITH FIXED OBJECT IN INTERSECTION - FIRST EVENT COLLISION 09 - 32,ANGLE,STRAIGHT & LEVEL,DAYLIGHT,,,9/13/2021 8:23:59 AM,False,7116,Accepted,
28590276,0568000,LOUISVILLE METRO POLICE DEPT,Accepted,JEFFERSON,,,HILL,ST,W,US0031W,22ND,,,,,38.228873763,-85.792858774,1.976,9/1/2021 12:00:00 AM,1505,2,2,0,0,CLEAR,DRY,False,ANGLE COLLISION - OTHER,ANGLE,STRAIGHT & LEVEL,DAYLIGHT,,,9/2/2021 7:20:50 AM,False,5355,Accepted,
28590284,0568000,LOUISVILLE METRO POLICE DEPT,Accepted,JEFFERSON,,,DENA,DR,,,CARL,,,,,38.191259749,-85.802068695,0.142,9/1/2021 12:00:00 AM,1750,2,2,0,1,CLEAR,DRY,False,ANGLE COLLISION - OTHER,ANGLE,STRAIGHT & LEVEL,DAYLIGHT,,,9/2/2021 7:21:55 AM,False,7360,Accepted,
28590309,0566700,MIDDLETOWN POLICE DEPARTMENT,Accepted,JEFFERSON,US0060,,SHELBYVILLE,RD,,,BECKLEY WOODS,,,,,38.241582162,-85.498524264,12.294,9/1/2021 12:00:00 AM,1520,2,2,0,0,CLEAR,DRY,False,OTHER INTERSECTION COLLISIONS,REAR END,STRAIGHT & LEVEL,DAYLIGHT,,,9/2/2021 7:36:27 AM,False,2013,Accepted,
28594636,0568000,LOUISVILLE METRO POLICE DEPT,Accepted,JEFFERSON,KY1747,2058,HURSTBOURNE,PKWY,S,,,,,,,38.217846799,-85.586640825,11.361,9/1/2021 12:00:00 AM,1552,2,2,0,3,CLEAR,DRY,False,1 VEHICLE ENTERING/LEAVING ENTRANCE,ANGLE,STRAIGHT & LEVEL,DAYLIGHT,,,9/3/2021 7:33:56 AM,False,5252,Accepted,
28590275,0568000,LOUISVILLE METRO POLICE DEPT,Accepted,JEFFERSON,KY1230,,LOWER RIVER,RD,,KY1934,GREENBELT,,,,,38.098109581,-85.892076396,2.609,9/1/2021 12:00:00 AM,1342,2,2,0,2,CLEAR,DRY,False,ANGLE COLLISION - ONE VEHICLE TURNING LEFT,ANGLE,CURVE & LEVEL,DAYLIGHT,,,9/2/2021 7:20:46 AM,False,2936,Accepted,
28590281,0568000,LOUISVILLE METRO POLICE DEPT,Accepted,JEFFERSON,I 0265,,I265 S,,,,,I 0064,I265 S EXIT25A RAMP TO I64 E,I 0064,I64 W EXIT19A RAMP TO I265 S,38.222403347,-85.505760583,25.423,9/1/2021 12:00:00 AM,1547,2,2,0,0,CLEAR,DRY,False,REAR END IN TRAFFIC LANES BOTH VEHICLES MOVING,REAR END,STRAIGHT & LEVEL,DAYLIGHT,,,9/2/2021 7:21:43 AM,False,2109,Accepted,
28590282,0568000,LOUISVILLE METRO POLICE DEPT,Accepted,JEFFERSON,I 0064,,I64 W,,,,,,,,,38.277301350,-85.804739000,1.267,9/1/2021 12:00:00 AM,1700,2,2,0,0,CLEAR,DRY,False,SIDESWIPE COLLISION - SAME DIRECTION,SIDESWIPE-SAME DIRECTION,STRAIGHT & LEVEL,DAYLIGHT,,,9/2/2021 7:21:47 AM,False,7305,Accepted,
28590283,0568000,LOUISVILLE METRO POLICE DEPT,Accepted,JEFFERSON,I 0264,,I264 W,,,,,,,,,38.209731204,-85.674071381,15.488,9/1/2021 12:00:00 AM,1101,3,3,0,0,CLEAR,DRY,False,REAR END IN TRAFFIC LANES BOTH VEHICLES MOVING,REAR END,STRAIGHT & GRADE,DAYLIGHT,,,9/2/2021 7:21:51 AM,False,6813,Accepted,
28590264,0568000,LOUISVILLE METRO POLICE DEPT,Accepted,JEFFERSON,KY0061,,PRESTON,HWY,,,,,MUD,KY6306,KY6306,38.093554734,-85.669468313,0.700,9/1/2021 12:00:00 AM,1146,2,2,0,0,CLEAR,DRY,True,SIDESWIPE COLLISION - SAME DIRECTION,SIDESWIPE-SAME DIRECTION,STRAIGHT & LEVEL,DAYLIGHT,,,9/2/2021 7:19:45 AM,False,2324,Accepted,
28590266,0568000,LOUISVILLE METRO POLICE DEPT,Accepted,JEFFERSON,KY1450,,BLUE LICK,RD,,,,,,,,38.119287941,-85.689475548,2.378,9/1/2021 12:00:00 AM,0732,1,1,0,1,CLOUDY,DRY,False,COLLISION WITH FIXED OBJECT NON - INTERSECTION - FIRST EVENT COLLISION 09 - 32 EXCLUDING 16,SINGLE VEHICLE,STRAIGHT & LEVEL,DAYLIGHT,,,9/2/2021 7:19:50 AM,False,4693,Accepted,
28590273,0568000,LOUISVILLE METRO POLICE DEPT,Accepted,JEFFERSON,,,JEFFERSON,BLVD,,,,,,,,38.142801152,-85.674806091,0.337,9/1/2021 12:00:00 AM,1150,2,2,0,0,CLOUDY,DRY,False,OTHER ROADWAY OR MID-BLOCK COLLISION,OPPOSING LEFT TURN,STRAIGHT & LEVEL,DAYLIGHT,,,9/2/2021 7:20:21 AM,False,4693,Accepted,
28594677,0568000,LOUISVILLE METRO POLICE DEPT,Accepted,JEFFERSON,,,2ND,ST,N,US0031E,MAIN,,,,,38.256270893,-85.753313423,,9/1/2021 12:00:00 AM,2233,2,2,0,1,CLEAR,DRY,False,OPPOSING LEFT TURN,OPPOSING LEFT TURN,STRAIGHT & LEVEL,DUSK,,,9/3/2021 7:41:56 AM,False,7904,Accepted,
28594671,0568000,LOUISVILLE METRO POLICE DEPT,Accepted,JEFFERSON,KY1865,,TAYLOR,BLVD,,,CARLISLE,,,,,38.194185723,-85.783144308,6.047,9/1/2021 12:00:00 AM,1252,1,1,0,0,CLEAR,DRY,False,COLLISION WITH FIXED OBJECT IN INTERSECTION - FIRST EVENT COLLISION 09 - 32,SINGLE VEHICLE,STRAIGHT & LEVEL,DAYLIGHT,,,9/3/2021 7:40:28 AM,False,7251,Accepted,
28607882,0568000,LOUISVILLE METRO POLICE DEPT,Accepted,JEFFERSON,I 0264,,I264 E,,,,,I 0065,I264 E EXIT12 ON RAMP,I 0264,I264 E EXIT14 OFF RAMP TO KY864,38.191750227,-85.714067021,12.934,9/1/2021 12:00:00 AM,0855,2,2,0,0,CLEAR,DRY,False,REAR END IN TRAFFIC LANES BOTH VEHICLES MOVING,REAR END,STRAIGHT & LEVEL,DAYLIGHT,,,9/7/2021 8:43:33 AM,False,7938,Accepted,
28607762,0568000,LOUISVILLE METRO POLICE DEPT,Accepted,JEFFERSON,,,12TH,ST,S,,OAK,,,,,38.236227449,-85.773610731,1.168,9/1/2021 12:00:00 AM,1615,2,2,0,2,CLEAR,DRY,False,ANGLE COLLISION - OTHER,ANGLE,STRAIGHT & LEVEL,DAYLIGHT,,,9/7/2021 8:37:42 AM,False,7437,Accepted,
28590279,0568000,LOUISVILLE METRO POLICE DEPT,Accepted,JEFFERSON,KY0061,,PRESTON,HWY,,,,,COOPER,,SPRINGVIEW,38.119810988,-85.677758971,2.578,9/1/2021 12:00:00 AM,1447,3,3,0,2,CLEAR,DRY,False,REAR END IN TRAFFIC LANES BOTH VEHICLES MOVING,REAR END,STRAIGHT & LEVEL,DAYLIGHT,,,9/2/2021 7:21:33 AM,False,2324,Accepted,
28590253,0568000,LOUISVILLE METRO POLICE DEPT,Accepted,JEFFERSON,,,18TH,ST,S,US0031W,MARKET,,,,,38.257794951,-85.779946509,0.097,9/1/2021 12:00:00 AM,0820,2,2,0,0,CLEAR,DRY,False,ANGLE COLLISION - OTHER,ANGLE,STRAIGHT & LEVEL,DAYLIGHT,,,9/2/2021 7:18:39 AM,False,5124,Accepted,
28590262,0568000,LOUISVILLE METRO POLICE DEPT,Accepted,JEFFERSON,,,GARLAND,AVE,,,HUMLER,,,,,38.244412867,-85.791520070,1.299,9/1/2021 12:00:00 AM,0854,2,2,0,0,CLEAR,DRY,True,ANGLE COLLISION - OTHER,ANGLE,STRAIGHT & LEVEL,DAYLIGHT,,,9/2/2021 7:19:34 AM,False,7381,Accepted,
28590269,0568000,LOUISVILLE METRO POLICE DEPT,Accepted,JEFFERSON,KY0061,,PRESTON,HWY,,,,,,,,38.162912744,-85.700588418,5.821,9/1/2021 12:00:00 AM,0835,2,2,0,1,CLOUDY,DRY,False,REAR END IN TRAFFIC LANES BOTH VEHICLES MOVING,REAR END,STRAIGHT & LEVEL,DAYLIGHT,,,9/2/2021 7:19:59 AM,False,4693,Accepted,
28590271,0568000,LOUISVILLE METRO POLICE DEPT,Accepted,JEFFERSON,,,JEANINE,DR,,,,,,,,38.167093853,-85.687776271,0.654,9/1/2021 12:00:00 AM,0918,1,1,0,1,CLOUDY,DRY,False,OTHER ROADWAY OR MID-BLOCK COLLISION,SINGLE VEHICLE,CURVE & LEVEL,DAYLIGHT,,,9/2/2021 7:20:13 AM,False,4693,Accepted,
28594649,0568000,LOUISVILLE METRO POLICE DEPT,Accepted,JEFFERSON,,,34TH,ST,S,,VIRGINIA,,,,,38.238986081,-85.810255088,1.633,9/1/2021 12:00:00 AM,1915,2,2,0,1,CLEAR,DRY,False,ANGLE COLLISION - OTHER,ANGLE,STRAIGHT & LEVEL,DAYLIGHT,,,9/3/2021 7:36:55 AM,False,2142,Accepted,
28586233,0568000,LOUISVILLE METRO POLICE DEPT,Accepted,JEFFERSON,,,SMYRNA,PKWY,,,APPLEGATE,,,,,38.130499848,-85.642591738,0.514,9/1/2021 12:00:00 AM,0540,3,3,0,2,RAINING,WET,False,COLLISION WITH FIXED OBJECT IN INTERSECTION - FIRST EVENT COLLISION 09 - 32,OPPOSING LEFT TURN,STRAIGHT & LEVEL,DARK-HWY LIGHTED/OFF,,,9/1/2021 9:13:46 AM,True,7449,Accepted,
28586235,0568000,LOUISVILLE METRO POLICE DEPT,Accepted,JEFFERSON,I 0264,,I264 E,,,,,,,,,38.190146253,-85.757016814,10.580,9/1/2021 12:00:00 AM,0725,2,2,0,2,CLEAR,DRY,False,1 VEHICLE ENTERING/LEAVING ENTRANCE,ANGLE,STRAIGHT & LEVEL,DAYLIGHT,,,9/1/2021 9:13:52 AM,False,7040,Accepted,
28590254,0568000,LOUISVILLE METRO POLICE DEPT,Accepted,JEFFERSON,,200,ABRAHAM FLEXNER,WAY,,,,,,,,38.249193317,-85.749891504,0.008,9/1/2021 12:00:00 AM,1111,2,2,0,0,CLOUDY,DRY,False,1 VEHICLE PARKED POSITION (NOT PARKING LOT/DRIVEWAY),SIDESWIPE-SAME DIRECTION,STRAIGHT & LEVEL,DAYLIGHT,,,9/2/2021 7:18:43 AM,False,7239,Accepted,
28590280,0568000,LOUISVILLE METRO POLICE DEPT,Accepted,JEFFERSON,KY1932,,BRECKENRIDGE,LN,,,SUDBURY,,,,,38.208945787,-85.626704479,1.973,9/1/2021 12:00:00 AM,1521,2,2,0,0,CLEAR,DRY,False,OTHER INTERSECTION COLLISIONS,REAR END,STRAIGHT & LEVEL,DAYLIGHT,,,9/2/2021 7:21:38 AM,False,5351,Accepted,
28607911,0568000,LOUISVILLE METRO POLICE DEPT,Accepted,JEFFERSON,US0042,,BROWNSBORO,RD,,,ZORN,,,,,38.261101492,-85.684240667,2.836,9/1/2021 12:00:00 AM,1619,2,2,0,0,CLEAR,DRY,False,OPPOSING LEFT TURN,OPPOSING LEFT TURN,STRAIGHT & LEVEL,DAYLIGHT,,,9/7/2021 8:45:29 AM,False,2673,Accepted,
28627212,0568000,LOUISVILLE METRO POLICE DEPT,Accepted,JEFFERSON,KY1934,,GREENBELT,HWY,,,JOHNSONTOWN,,,,,38.116408892,-85.894810941,2.303,9/1/2021 12:00:00 AM,0934,2,2,0,3,CLOUDY,DRY,False,OPPOSING LEFT TURN,OPPOSING LEFT TURN,STRAIGHT & LEVEL,DAYLIGHT,,,9/8/2021 8:06:17 AM,False,7336,Accepted,
28635518,0568000,LOUISVILLE METRO POLICE DEPT,Accepted,JEFFERSON,KY1020,,SOUTHERN,PKWY,,,FLORENCE,,,,,38.191208140,-85.766744896,8.480,8/31/2021 12:00:00 AM,0646,2,2,0,0,CLEAR,DRY,False,ANGLE COLLISION - OTHER,ANGLE,STRAIGHT & LEVEL,DAYLIGHT,,,9/9/2021 8:07:24 AM,False,5205,Accepted,
28595842,0568000,LOUISVILLE METRO POLICE DEPT,Accepted,JEFFERSON,US0060A,,WINKLER,AVE,,,4TH,,,,,38.210377580,-85.764677019,3.068,8/31/2021 12:00:00 AM,1336,2,2,0,0,RAINING,WET,False,OPPOSING LEFT TURN,OPPOSING LEFT TURN,STRAIGHT & LEVEL,DAYLIGHT,,,9/3/2021 1:52:43 PM,False,5287,Accepted,
28607843,0568000,LOUISVILLE METRO POLICE DEPT,Accepted,JEFFERSON,,555,CHESTNUT,ST,W,KY1020,2ND,,,,,38.248627807,-85.754525663,2.542,8/31/2021 12:00:00 AM,2235,2,2,0,1,RAINING,WET,True,SIDESWIPE-SAME DIRECTION,SIDESWIPE-SAME DIRECTION,STRAIGHT & LEVEL,DARK-HWY LIGHTED/ON,,,9/7/2021 8:40:52 AM,False,5354,Accepted,
28607850,0568000,LOUISVILLE METRO POLICE DEPT,Accepted,JEFFERSON,US0060A,,TAYLOR,BLVD,,,DRESDEN,,,,,38.197000269,-85.782895225,1.517,8/31/2021 12:00:00 AM,1635,2,2,0,0,RAINING,WET,False,OTHER INTERSECTION COLLISIONS,REAR END,STRAIGHT & LEVEL,DAYLIGHT,,,9/7/2021 8:41:35 AM,False,2745,Accepted,
28665217,0568000,LOUISVILLE METRO POLICE DEPT,Accepted,JEFFERSON,I 0264,,I264 W,,,,,,,,,38.186747945,-85.795564590,8.537,8/31/2021 12:00:00 AM,1733,3,3,0,0,RAINING,WET,False,REAR END IN TRAFFIC LANES BOTH VEHICLES MOVING,REAR END,STRAIGHT & LEVEL,DAYLIGHT,,,9/16/2021 8:00:50 AM,False,7472,Accepted,
28607759,0568000,LOUISVILLE METRO POLICE DEPT,Accepted,JEFFERSON,KY0864,,POPLAR LEVEL,RD,,,TREVILIAN,,,,,38.205417171,-85.712896560,12.071,8/31/2021 12:00:00 AM,1522,2,2,0,0,RAINING,WET,False,OTHER INTERSECTION COLLISIONS,REAR END,STRAIGHT & LEVEL,DAYLIGHT,,,9/7/2021 8:37:31 AM,False,7938,Accepted,
28586226,0568000,LOUISVILLE METRO POLICE DEPT,Accepted,JEFFERSON,,13060,FACTORY,LN,,,,,,,,38.288623293,-85.510857965,0.094,8/31/2021 12:00:00 AM,2141,2,2,0,0,RAINING,WET,True,SIDESWIPE COLLISION - SAME DIRECTION,SIDESWIPE-SAME DIRECTION,STRAIGHT & LEVEL,DARK-HWY NOT LIGHTED,,,9/1/2021 9:13:12 AM,False,5128,Accepted,
28586209,0568000,LOUISVILLE METRO POLICE DEPT,Accepted,JEFFERSON,US0031E,,BAXTER,AVE,,,,,MORTON,,CHRISTY,38.242064208,-85.725730603,15.783,8/31/2021 12:00:00 AM,1259,2,2,0,0,RAINING,WET,True,REAR END IN TRAFFIC LANES BOTH VEHICLES MOVING,REAR END,STRAIGHT & LEVEL,DAYLIGHT,,,9/1/2021 9:11:40 AM,False,7129,Accepted,
28586210,0568000,LOUISVILLE METRO POLICE DEPT,Accepted,JEFFERSON,I 0264,,,,,,,,,,,38.225295743,-85.642000011,0.078,8/31/2021 12:00:00 AM,1230,2,2,0,0,CLOUDY,DRY,False,OTHER RAMP RELATED COLLISIONS NOT LISTED ABOVE,REAR END,STRAIGHT & LEVEL,DAYLIGHT,I 0264,KY1932,9/1/2021 9:11:44 AM,False,7793,Accepted,
28586217,0568000,LOUISVILLE METRO POLICE DEPT,Accepted,JEFFERSON,,,INDIAN,TRL,E,KY0061,PRESTON,,,,,38.168775251,-85.706501318,0.004,8/31/2021 12:00:00 AM,0937,2,2,0,0,RAINING,WET,False,OPPOSING LEFT TURN,OPPOSING LEFT TURN,STRAIGHT & LEVEL,DAYLIGHT,,,9/1/2021 9:12:32 AM,False,5383,Accepted,
28586218,0568000,LOUISVILLE METRO POLICE DEPT,Accepted,JEFFERSON,KY1747,,HURSTBOURNE,PKWY,N,,GARWOOD,,,,,38.299670354,-85.574083830,17.967,8/31/2021 12:00:00 AM,1416,2,2,0,1,RAINING,WATER (STANDING OR MOVING),False,ANGLE COLLISION - OTHER,ANGLE,STRAIGHT & LEVEL,DAYLIGHT,,,9/1/2021 9:12:36 AM,False,7876,Accepted,
28586219,0568000,LOUISVILLE METRO POLICE DEPT,Accepted,JEFFERSON,,,MARKET,ST,W,,,,,,,38.260764934,-85.804452075,0.977,8/31/2021 12:00:00 AM,1118,2,2,0,2,CLEAR,DRY,False,OTHER ROADWAY OR MID-BLOCK COLLISION,OPPOSING LEFT TURN,STRAIGHT & LEVEL,DAYLIGHT,,,9/1/2021 9:12:40 AM,False,5025,Accepted,
28590278,0568000,LOUISVILLE METRO POLICE DEPT,Accepted,JEFFERSON,,,MUHAMMAD ALI,BLVD,W,US0031W,DR W J HODGE,,,,,38.254267645,-85.785628245,1.817,8/31/2021 12:00:00 AM,1733,2,2,0,1,RAINING,WET,True,ANGLE COLLISION - OTHER,ANGLE,STRAIGHT & LEVEL,DAYLIGHT,,,9/2/2021 7:21:25 AM,False,7805,Accepted,
28586216,0568000,LOUISVILLE METRO POLICE DEPT,Accepted,JEFFERSON,,11901,STANDIFORD PLAZA,DR,,,,,,,,38.089502810,-85.667336228,0.226,8/31/2021 12:00:00 AM,1410,1,1,0,0,RAINING,WET,True,COLLISION IN PARKING LOT,SINGLE VEHICLE,STRAIGHT & GRADE,DUSK,,,9/1/2021 9:12:28 AM,False,2324,Accepted,
28586224,0568000,LOUISVILLE METRO POLICE DEPT,Accepted,JEFFERSON,KY1065,175,OUTER,LOOP,,,,,,,,38.126669721,-85.781495987,0.731,8/31/2021 12:00:00 AM,1138,2,2,0,3,RAINING,WET,False,1 VEHICLE ENTERING/LEAVING ENTRANCE,ANGLE,STRAIGHT & LEVEL,DAYLIGHT,,,9/1/2021 9:13:02 AM,False,7483,Accepted,
28586232,0568000,LOUISVILLE METRO POLICE DEPT,Accepted,JEFFERSON,KY1020,,SOUTHERN,PKWY,,,ASHLAND,,,,,38.185250806,-85.767438603,8.075,8/31/2021 12:00:00 AM,2012,2,2,0,0,RAINING,WET,False,OTHER INTERSECTION COLLISIONS,REAR END,STRAIGHT & LEVEL,DARK-HWY LIGHTED/ON,,,9/1/2021 9:13:42 AM,False,5349,Accepted,
28586200,0568000,LOUISVILLE METRO POLICE DEPT,Accepted,JEFFERSON,I 0064,,I64 W,,,,,,,,,38.230142080,-85.599633185,13.652,8/31/2021 12:00:00 AM,1133,1,1,0,0,RAINING,WET,False,OTHER COLLISIONS ON SHOULDER,SINGLE VEHICLE,STRAIGHT & LEVEL,DAYLIGHT,,,9/1/2021 9:10:47 AM,False,7358,Accepted,
28581554,0568000,LOUISVILLE METRO POLICE DEPT,Accepted,JEFFERSON,I 0265,,I265 E,,,,,,,,,38.152436006,-85.536083886,20.079,8/31/2021 12:00:00 AM,0521,2,2,0,0,CLOUDY,WET,False,SIDESWIPE COLLISION - SAME DIRECTION,SIDESWIPE-SAME DIRECTION,STRAIGHT & LEVEL,DARK-HWY LIGHTED/OFF,,,8/31/2021 7:47:54 AM,False,7827,Accepted,
28607821,0568000,LOUISVILLE METRO POLICE DEPT,Accepted,JEFFERSON,KY0864,,POPLAR LEVEL,RD,,KY1747,FERN VALLEY,,,,,38.157815868,-85.645866537,6.606,8/31/2021 12:00:00 AM,2015,1,1,0,0,RAINING,WET,False,,SINGLE VEHICLE,STRAIGHT & GRADE,DARK-HWY LIGHTED/OFF,,,9/7/2021 8:39:53 AM,False,7547,Accepted,
28607804,0568000,LOUISVILLE METRO POLICE DEPT,Accepted,JEFFERSON,,2712,RODMAN,ST,,,BRUCE,,,,,38.210232501,-85.769743286,0.314,8/31/2021 12:00:00 AM,0200,1,1,0,0,CLOUDY,WET,False,COLLISION WITH FIXED OBJECT IN INTERSECTION - FIRST EVENT COLLISION 09 - 32,SINGLE VEHICLE,STRAIGHT & LEVEL,DARK (UNKNOWN ROADWAY LIGHTING),,,9/7/2021 8:39:11 AM,False,5373,Accepted,
28595105,0568000,LOUISVILLE METRO POLICE DEPT,Accepted,JEFFERSON,KY0022,,BALLARDSVILLE,RD,,,SILVER WING,,,,,38.316742464,-85.556730039,5.097,8/31/2021 12:00:00 AM,0647,2,2,1,15,CLOUDY,DRY,False,ANGLE COLLISION - OTHER,ANGLE,STRAIGHT & GRADE,DAWN,,,9/3/2021 9:34:17 AM,False,6886,Accepted,
28586212,0568000,LOUISVILLE METRO POLICE DEPT,Accepted,JEFFERSON,US0150,,22ND,ST,N,,,CS1008A,ROWAN,CS1011A,MAIN,38.260659496,-85.786185884,0.691,8/31/2021 12:00:00 AM,1404,2,2,0,0,RAINING,WET,False,1 VEHICLE PARKED POSITION (NOT PARKING LOT/DRIVEWAY),BACKING,STRAIGHT & LEVEL,DAYLIGHT,,,9/1/2021 9:12:01 AM,False,7805,Accepted,
28586220,0568000,LOUISVILLE METRO POLICE DEPT,Accepted,JEFFERSON,,,BISHOP,LN,,KY1703,NEWBURG,,,,,38.201028575,-85.685891918,0.009,8/31/2021 12:00:00 AM,1532,2,2,0,0,RAINING,WET,False,OTHER INTERSECTION COLLISIONS,REAR END,STRAIGHT & LEVEL,DAYLIGHT,,,9/1/2021 9:12:49 AM,False,5203,Accepted,
28586228,0568000,LOUISVILLE METRO POLICE DEPT,Accepted,JEFFERSON,US0060A,2540,3RD,ST,S,,,US0060A,EASTERN,US0060A,WINKLER,38.213590967,-85.762356363,3.398,8/31/2021 12:00:00 AM,2300,1,1,0,0,RAINING,WET,False,OTHER ROADWAY OR MID-BLOCK COLLISION,SINGLE VEHICLE,STRAIGHT & GRADE,DARK-HWY LIGHTED/ON,,,9/1/2021 9:13:24 AM,False,5316,Accepted,
28586230,0568000,LOUISVILLE METRO POLICE DEPT,Accepted,JEFFERSON,KY2860,,GRINSTEAD,DR,,,,,GLENMARY,,RAY,38.243285095,-85.709961942,0.713,8/31/2021 12:00:00 AM,2327,2,2,0,0,RAINING,WET,False,REAR END IN TRAFFIC LANES BOTH VEHICLES MOVING,REAR END,CURVE & HILLCREST,DARK-HWY LIGHTED/ON,,,9/1/2021 9:13:32 AM,True,5250,Accepted,
28586231,0568000,LOUISVILLE METRO POLICE DEPT,Accepted,JEFFERSON,KY1230,,LOWER RIVER,RD,,,,KY1934,GREENBELT,KY1849,MOORMAN,38.098028280,-85.892291590,2.599,8/31/2021 12:00:00 AM,2048,2,2,0,0,RAINING,WET,False,SIDESWIPE COLLISION - OPPOSITE DIRECTION,SIDESWIPE-OPPOSITE DIRECTION,STRAIGHT & LEVEL,DARK-HWY NOT LIGHTED,,,9/1/2021 9:13:39 AM,False,2721,Accepted,
28586206,0568000,LOUISVILLE METRO POLICE DEPT,Accepted,JEFFERSON,,1204,GILMORE,LN,,,,,,,,38.175189271,-85.711915852,0.061,8/31/2021 12:00:00 AM,1217,2,2,0,0,CLOUDY,DRY,False,1 VEHICLE ENTERING/LEAVING ENTRANCE,ANGLE,STRAIGHT & LEVEL,DAYLIGHT,,,9/1/2021 9:11:12 AM,False,7431,Accepted,
28586213,0568000,LOUISVILLE METRO POLICE DEPT,Accepted,JEFFERSON,,,FLOYD,ST,S,,JACOB,,,,,38.243986339,-85.749936872,0.814,8/31/2021 12:00:00 AM,1440,2,2,0,1,RAINING,WET,False,VEHICLE BACKING IN INTERSECTION,BACKING,STRAIGHT & LEVEL,DAYLIGHT,,,9/1/2021 9:12:07 AM,False,5175,Accepted,
28586214,0568000,LOUISVILLE METRO POLICE DEPT,Accepted,JEFFERSON,KY0841,,GENE SNYDER,FWY,,,,KY0841,KY841 RAMP TO KY1865,KY0841,KY841 RAMP FROM KY1020,38.117092329,-85.754370316,7.305,8/31/2021 12:00:00 AM,1415,1,1,0,0,RAINING,WET,False,OTHER COLLISIONS ON SHOULDER,SINGLE VEHICLE,STRAIGHT & LEVEL,DAYLIGHT,,,9/1/2021 9:12:19 AM,False,2324,Accepted,
28586215,0568000,LOUISVILLE METRO POLICE DEPT,Accepted,JEFFERSON,KY0061,,PRESTON,HWY,,,,KY6306,KY6306,KY2053,MT WASHINGTON,38.095198617,-85.669773115,0.808,8/31/2021 12:00:00 AM,1545,2,2,0,0,RAINING,WATER (STANDING OR MOVING),False,OTHER ROADWAY OR MID-BLOCK COLLISION,REAR END,STRAIGHT & GRADE,DAYLIGHT,,,9/1/2021 9:12:24 AM,False,2324,Accepted,
28586221,0568000,LOUISVILLE METRO POLICE DEPT,Accepted,JEFFERSON,US0031W,,22ND,ST,S,,MARKET,,,,,38.258535855,-85.786562158,20.209,8/31/2021 12:00:00 AM,1731,2,2,0,0,RAINING,WET,False,ANGLE COLLISION - OTHER,ANGLE,STRAIGHT & LEVEL,DAYLIGHT,,,9/1/2021 9:12:52 AM,False,7325,Accepted,