IncidentID,AgencyORI,AgencyName,IncidentStatusDesc,County,RdwyNumber,Street,RoadwayName,StreetSfx,StreetDir,IntersectionRdwy,IntersectionRdwyName,BetweenStRdwy1,BetweenStRdwyName1,BetweenStRdwy2,BetweenStRdwyName2,Latitude,Longitude,Milepoint,CollisionDate,CollisionTime,UnitsInvolved,MotorVehiclesInvolved,NumberKilled,NumberInjured,Weather,RdwyConditionCode,HitandRun,DirAnalysisCode,MannerofCollision,RdwyCharacter,LightCondition,RampFromRdwyId,RampToRdwyId,AcceptedDate,IsSecondaryCollision,OwnerBadge,IncidentStatus,
28586222,0568000,LOUISVILLE METRO POLICE DEPT,Accepted,JEFFERSON,US0060A,,EASTERN,PKWY,,,BRADLEY,,,,,38.212479996,-85.747088058,4.281,8/31/2021 12:00:00 AM,1721,2,2,0,0,RAINING,WET,False,OTHER INTERSECTION COLLISIONS,REAR END,CURVE & LEVEL,DAYLIGHT,,,9/1/2021 9:12:55 AM,False,7132,Accepted,
28586229,0568000,LOUISVILLE METRO POLICE DEPT,Accepted,JEFFERSON,US0060A,,EASTERN,PKWY,,KY0864,POPLAR LEVEL,,,,,38.224015273,-85.730071151,5.523,8/31/2021 12:00:00 AM,2144,2,2,0,1,RAINING,WET,False,OPPOSING LEFT TURN,OPPOSING LEFT TURN,STRAIGHT & GRADE,DARK-HWY LIGHTED/ON,,,9/1/2021 9:13:28 AM,False,5174,Accepted,
28586203,0568000,LOUISVILLE METRO POLICE DEPT,Accepted,JEFFERSON,KY0155,,TAYLORSVILLE,RD,,I 0265,I265 W EXIT23 ON RAMP FROM KY155,,,,,38.188275363,-85.511384793,6.203,8/31/2021 12:00:00 AM,0739,2,2,0,0,CLOUDY,WET,False,OPPOSING LEFT TURN,OPPOSING LEFT TURN,STRAIGHT & LEVEL,DAYLIGHT,,,9/1/2021 9:10:58 AM,False,7484,Accepted,
28586211,0568000,LOUISVILLE METRO POLICE DEPT,Accepted,JEFFERSON,KY0022,,BROWNSBORO,RD,,,,,ALIA,,THORNHILL,38.286299087,-85.623706202,0.714,8/31/2021 12:00:00 AM,0740,3,3,0,0,CLOUDY,DRY,False,COLLISION IN PARKING LOT,SIDESWIPE-SAME DIRECTION,STRAIGHT & LEVEL,DAYLIGHT,,,9/1/2021 9:11:48 AM,False,6406,Accepted,
28582979,0560300,ST. MATTHEWS POLICE DEPARTMENT,Accepted,JEFFERSON,US0060,,SHELBYVILLE,RD,,I 0264,I264 W EXIT20B OFF RAMP TO US60,,,,,38.250086910,-85.620480165,5.474,8/31/2021 12:00:00 AM,1101,2,2,0,0,CLOUDY,DRY,False,OTHER INTERSECTION COLLISIONS,REAR END,STRAIGHT & GRADE,DAYLIGHT,,,8/31/2021 2:03:37 PM,False,9150,Accepted,
28581551,0568000,LOUISVILLE METRO POLICE DEPT,Accepted,JEFFERSON,,1225,15TH,ST,S,,,,,,,38.235495087,-85.778586507,0.700,8/31/2021 12:00:00 AM,0344,1,1,0,0,CLEAR,WET,True,COLLISION WITH FIXED OBJECT NON - INTERSECTION - FIRST EVENT COLLISION 09 - 32 EXCLUDING 16,SINGLE VEHICLE,STRAIGHT & LEVEL,DARK-HWY LIGHTED/ON,,,8/31/2021 7:47:45 AM,False,5261,Accepted,
28581552,0568000,LOUISVILLE METRO POLICE DEPT,Accepted,JEFFERSON,KY1931,,7TH ST,RD,,,TENNESSEE,,,,,38.217760149,-85.779845326,10.289,8/31/2021 12:00:00 AM,0130,2,2,0,0,CLOUDY,WET,False,ANGLE COLLISION - OTHER,ANGLE,STRAIGHT & LEVEL,DARK-HWY NOT LIGHTED,,,8/31/2021 7:47:48 AM,False,7073,Accepted,
28581542,0568000,LOUISVILLE METRO POLICE DEPT,Accepted,JEFFERSON,,3811,BLANTON,LN,,,,,,,,38.155437180,-85.827871856,0.411,8/30/2021 12:00:00 AM,2038,1,1,0,0,CLEAR,WET,True,COLLISION WITH FIXED OBJECT NON - INTERSECTION - FIRST EVENT COLLISION 09 - 32 EXCLUDING 16,SINGLE VEHICLE,STRAIGHT & LEVEL,DARK-HWY LIGHTED/ON,,,8/31/2021 7:46:52 AM,False,7992,Accepted,
28581543,0568000,LOUISVILLE METRO POLICE DEPT,Accepted,JEFFERSON,,,CAMP GROUND,RD,,,,,,,,38.198547297,-85.860787271,0.050,8/30/2021 12:00:00 AM,1900,1,1,0,0,CLEAR,WET,True,COLLISION IN PARKING LOT,SINGLE VEHICLE,STRAIGHT & LEVEL,DARK-HWY LIGHTED/ON,,,8/31/2021 7:46:55 AM,False,5362,Accepted,
28581467,0566900,LOUISVILLE AIRPORT POLICE,Accepted,JEFFERSON,,4651,AIRFREIGHT,DR,,,,,,,,38.185287325,-85.745262655,0.322,8/30/2021 12:00:00 AM,1918,1,1,0,0,RAINING,WET,False,COLLISION IN PARKING LOT,SINGLE VEHICLE,STRAIGHT & LEVEL,DAYLIGHT,,,8/31/2021 7:21:59 AM,False,5861,Accepted,
28586197,0568000,LOUISVILLE METRO POLICE DEPT,Accepted,JEFFERSON,US0031W,,DIXIE,HWY,,,WATSON,,,,,38.056177049,-85.890665053,4.806,8/30/2021 12:00:00 AM,0054,3,2,1,0,CLEAR,DRY,True,ANGLE COLLISION - OTHER,ANGLE,STRAIGHT & LEVEL,DARK-HWY NOT LIGHTED,,,9/1/2021 9:10:07 AM,False,7628,Accepted,
28586204,0568000,LOUISVILLE METRO POLICE DEPT,Accepted,JEFFERSON,,,23RD,ST,S,,HILL,,,,,38.229516711,-85.795200576,1.718,8/30/2021 12:00:00 AM,1830,2,2,0,0,RAINING,WET,False,ANGLE COLLISION - OTHER,ANGLE,STRAIGHT & LEVEL,DAYLIGHT,,,9/1/2021 9:11:02 AM,False,5253,Accepted,
28586205,0568000,LOUISVILLE METRO POLICE DEPT,Accepted,JEFFERSON,KY0864,,POPLAR LEVEL,RD,,,INDIAN,,,,,38.171592828,-85.685012884,9.218,8/30/2021 12:00:00 AM,1507,3,3,0,0,RAINING,WET,False,OTHER INTERSECTION COLLISIONS,REAR END,STRAIGHT & LEVEL,DAYLIGHT,,,9/1/2021 9:11:07 AM,False,5027,Accepted,
28581532,0568000,LOUISVILLE METRO POLICE DEPT,Accepted,JEFFERSON,,,OAK,ST,W,,4TH,,,,,38.235019723,-85.760318086,0.272,8/30/2021 12:00:00 AM,0835,1,1,0,0,CLOUDY,DRY,True,COLLISION WITH FIXED OBJECT IN INTERSECTION - FIRST EVENT COLLISION 09 - 32,SINGLE VEHICLE,STRAIGHT & LEVEL,DAYLIGHT,,,8/31/2021 7:46:18 AM,False,7441,Accepted,
28581533,0568000,LOUISVILLE METRO POLICE DEPT,Accepted,JEFFERSON,,,FLOYD,ST,S,,BRECKINRIDGE,,,,,38.240952980,-85.750507512,1.022,8/30/2021 12:00:00 AM,1300,2,2,0,0,RAINING,WATER (STANDING OR MOVING),False,ANGLE COLLISION - OTHER,ANGLE,STRAIGHT & LEVEL,DAYLIGHT,,,8/31/2021 7:46:22 AM,False,7441,Accepted,
28581534,0568000,LOUISVILLE METRO POLICE DEPT,Accepted,JEFFERSON,I 0071,,I71 N,,,,,,,,,38.300267092,-85.615070591,7.002,8/30/2021 12:00:00 AM,1330,1,1,0,0,RAINING,WET,False,OTHER ROADWAY OR MID-BLOCK COLLISION,SINGLE VEHICLE,STRAIGHT & GRADE,DAYLIGHT,,,8/31/2021 7:46:26 AM,False,7751,Accepted,
28581535,0568000,LOUISVILLE METRO POLICE DEPT,Accepted,JEFFERSON,I 0264,,I264 E,,,,,,,,,38.274155762,-85.630560865,21.600,8/30/2021 12:00:00 AM,1518,2,2,0,2,RAINING,WET,False,OTHER ROADWAY OR MID-BLOCK COLLISION,REAR END,STRAIGHT & LEVEL,DAYLIGHT,,,8/31/2021 7:46:29 AM,False,7751,Accepted,
28581540,0568000,LOUISVILLE METRO POLICE DEPT,Accepted,JEFFERSON,KY1447,,WESTPORT,RD,,,INDIAN LAKE,,,,,38.296367678,-85.552997429,6.406,8/30/2021 12:00:00 AM,1808,2,2,0,1,RAINING,WET,False,COLLISION WITH FIXED OBJECT IN INTERSECTION - FIRST EVENT COLLISION 09 - 32,REAR END,STRAIGHT & LEVEL,DAYLIGHT,,,8/31/2021 7:46:45 AM,False,5030,Accepted,
28581524,0568000,LOUISVILLE METRO POLICE DEPT,Accepted,JEFFERSON,,,GRADE,LN,,KY1065,OUTER,,,,,38.129793766,-85.737876024,0.058,8/30/2021 12:00:00 AM,1458,2,2,0,0,RAINING,WET,False,REAR END - ONE VEHICLE TURNING RIGHT,REAR END,CURVE & GRADE,DAYLIGHT,,,8/31/2021 7:46:00 AM,False,7669,Accepted,
28581525,0568000,LOUISVILLE METRO POLICE DEPT,Accepted,JEFFERSON,US0031W,14006,DIXIE,HWY,,,,,,,,38.054744489,-85.891867992,4.692,8/30/2021 12:00:00 AM,1456,3,3,0,1,RAINING,WET,False,REAR END IN TRAFFIC LANES BOTH VEHICLES MOVING,REAR END,STRAIGHT & LEVEL,DAYLIGHT,,,8/31/2021 7:46:03 AM,False,7205,Accepted,
28590274,0568000,LOUISVILLE METRO POLICE DEPT,Accepted,JEFFERSON,,,STANDING OAK,DR,,,PAGES,,,,,38.129864404,-85.846804284,0.001,8/30/2021 12:00:00 AM,1434,2,2,0,0,RAINING,WET,True,OPPOSITE DIRECTION - BOTH VEHICLES GOING STRAIGHT AHEAD,SIDESWIPE-OPPOSITE DIRECTION,STRAIGHT & LEVEL,DAYLIGHT,,,9/2/2021 7:20:41 AM,False,7252,Accepted,
28656747,0568000,LOUISVILLE METRO POLICE DEPT,Accepted,JEFFERSON,,,WHITNEY,AVE,W,KY1865,TAYLOR,,,,,38.193356218,-85.783156970,,8/30/2021 12:00:00 AM,1536,2,2,0,0,CLEAR,WET,False,OTHER INTERSECTION COLLISIONS,REAR END,STRAIGHT & LEVEL,DAYLIGHT,,,9/14/2021 8:07:37 AM,False,7046,Accepted,
28613447,0568000,LOUISVILLE METRO POLICE DEPT,Accepted,JEFFERSON,US0031E,,BARDSTOWN,RD,,,KENTUCKY,,,,,38.159678333,-85.592003344,6.263,8/30/2021 12:00:00 AM,1040,2,2,0,1,CLEAR,DRY,False,COLLISION WITH FIXED OBJECT IN INTERSECTION - FIRST EVENT COLLISION 09 - 32,ANGLE,STRAIGHT & GRADE,DAYLIGHT,,,9/7/2021 1:50:54 PM,False,7772,Accepted,
28607896,0568000,LOUISVILLE METRO POLICE DEPT,Accepted,JEFFERSON,,3828,VERMONT,AVE,,,,,,,,38.256499193,-85.815835811,0.831,8/30/2021 12:00:00 AM,1944,2,2,0,0,RAINING,WET,True,1 VEHICLE ENTERING/LEAVING ENTRANCE,ANGLE,STRAIGHT & LEVEL,DAYLIGHT,,,9/7/2021 8:44:26 AM,False,5285,Accepted,
29901008,0568000,LOUISVILLE METRO POLICE DEPT,Accepted,JEFFERSON,,7123,GRADE,LN,,,,,,,,38.142526420,-85.738507724,3.102,8/30/2021 12:00:00 AM,2105,2,1,1,0,RAINING,WET,True,COLLISION WITH BICYCLIST NON INTERSECTION,SINGLE VEHICLE,STRAIGHT & LEVEL,DARK-HWY LIGHTED/OFF,,,4/5/2022 8:10:47 AM,False,7772,Accepted,
28581555,0568000,LOUISVILLE METRO POLICE DEPT,Accepted,JEFFERSON,US0031,,CLARK MEMORIAL,BRG,,,,,,,,38.264270771,-85.751476689,0.563,8/30/2021 12:00:00 AM,2100,2,1,0,1,RAINING,WET,False,COLLISION WITH BICYCLIST NON INTERSECTION,SINGLE VEHICLE,STRAIGHT & LEVEL,DARK-HWY LIGHTED/ON,,,8/31/2021 7:47:57 AM,False,5335,Accepted,
28581548,0568000,LOUISVILLE METRO POLICE DEPT,Accepted,JEFFERSON,KY1931,,MANSLICK,RD,,,STEPHAN,,,,,38.168233736,-85.797229119,6.438,8/30/2021 12:00:00 AM,1832,2,2,0,0,CLOUDY,WET,False,OTHER INTERSECTION COLLISIONS,REAR END,STRAIGHT & LEVEL,DAYLIGHT,,,8/31/2021 7:47:36 AM,False,5293,Accepted,
28586194,0568000,LOUISVILLE METRO POLICE DEPT,Accepted,JEFFERSON,,6316,HANSES,DR,,,,,,,,38.158031595,-85.679682579,0.310,8/30/2021 12:00:00 AM,1248,1,1,0,0,RAINING,WET,False,COLLISION WITH FIXED OBJECT NON - INTERSECTION - FIRST EVENT COLLISION 09 - 32 EXCLUDING 16,SINGLE VEHICLE,CURVE & LEVEL,DAYLIGHT,,,9/1/2021 9:09:28 AM,False,7431,Accepted,
28583026,0560300,ST. MATTHEWS POLICE DEPARTMENT,Accepted,JEFFERSON,I 0064,,I64 W,,,,,,,,,38.238333505,-85.626248420,12.091,8/30/2021 12:00:00 AM,1311,1,1,0,0,RAINING,WET,False,COLLISION WITH FIXED OBJECT NON - INTERSECTION - FIRST EVENT COLLISION 09 - 32 EXCLUDING 16,SINGLE VEHICLE,CURVE & GRADE,DAYLIGHT,,,8/31/2021 2:23:42 PM,False,9155,Accepted,
28586199,0568000,LOUISVILLE METRO POLICE DEPT,Accepted,JEFFERSON,,,31ST,ST,N,KY3082,BANK,,,,,38.272178622,-85.798895080,,8/30/2021 12:00:00 AM,1301,2,2,0,0,RAINING,WET,False,ANGLE COLLISION - OTHER,ANGLE,STRAIGHT & LEVEL,DAYLIGHT,,,9/1/2021 9:10:13 AM,False,7325,Accepted,
28578286,0568000,LOUISVILLE METRO POLICE DEPT,Accepted,JEFFERSON,,5200,LOWERFIELD,DR,,,PLANK,,,,,38.155059216,-85.668920500,0.223,8/30/2021 12:00:00 AM,0907,1,1,0,0,CLEAR,DRY,False,COLLISION WITH FIXED OBJECT IN INTERSECTION - FIRST EVENT COLLISION 09 - 32,SINGLE VEHICLE,STRAIGHT & GRADE,DAYLIGHT,,,8/30/2021 11:33:16 AM,False,7838,Accepted,
28581521,0568000,LOUISVILLE METRO POLICE DEPT,Accepted,JEFFERSON,I 0064,,I64 E,,,,,,,,,38.273386584,-85.786242789,2.398,8/30/2021 12:00:00 AM,1218,2,2,0,0,RAINING,WATER (STANDING OR MOVING),False,HEAD-ON COLLISION,HEAD ON,CURVE & LEVEL,DAYLIGHT,,,8/31/2021 7:45:48 AM,True,4903,Accepted,
28581523,0568000,LOUISVILLE METRO POLICE DEPT,Accepted,JEFFERSON,US0031E,830,MAIN,ST,E,,CAMPBELL,,,,,38.254354364,-85.735768411,16.919,8/30/2021 12:00:00 AM,1420,2,2,0,2,RAINING,WET,False,ANGLE COLLISION - OTHER,ANGLE,STRAIGHT & LEVEL,DAYLIGHT,,,8/31/2021 7:45:56 AM,False,6360,Accepted,
28581538,0568000,LOUISVILLE METRO POLICE DEPT,Accepted,JEFFERSON,,,BARRET,AVE,,,,,GODDARD,,CASTLEWOOD,38.231417998,-85.724314892,1.358,8/30/2021 12:00:00 AM,1317,2,2,0,0,RAINING,WET,False,1 VEHICLE PARKED POSITION (NOT PARKING LOT/DRIVEWAY),SIDESWIPE-SAME DIRECTION,STRAIGHT & GRADE,DAYLIGHT,,,8/31/2021 7:46:39 AM,False,5006,Accepted,
28581539,0568000,LOUISVILLE METRO POLICE DEPT,Accepted,JEFFERSON,I 0265,,I265 N,,,,,,,,,38.312002748,-85.576551915,34.369,8/30/2021 12:00:00 AM,1841,2,2,0,2,RAINING,WET,False,REAR END IN TRAFFIC LANES BOTH VEHICLES MOVING,REAR END,STRAIGHT & LEVEL,DAYLIGHT,,,8/31/2021 7:46:42 AM,False,2346,Accepted,
28581546,0568000,LOUISVILLE METRO POLICE DEPT,Accepted,JEFFERSON,I 0065,,,,,,,,,,,38.260479906,-85.733861111,0.341,8/30/2021 12:00:00 AM,2119,1,1,0,1,CLOUDY,WET,False,OTHER RAMP RELATED COLLISIONS NOT LISTED ABOVE,SINGLE VEHICLE,CURVE & HILLCREST,DARK-HWY LIGHTED/ON,I 0065,I 0071,8/31/2021 7:47:04 AM,False,5356,Accepted,
28581536,0568000,LOUISVILLE METRO POLICE DEPT,Accepted,JEFFERSON,KY1934,,GREENBELT,HWY,,,LOWER HUNTERS,,,,,38.170167327,-85.875954684,6.203,8/30/2021 12:00:00 AM,1308,2,2,0,1,RAINING,WET,False,ANGLE COLLISION - OTHER,ANGLE,STRAIGHT & LEVEL,DAYLIGHT,,,8/31/2021 7:46:32 AM,False,6318,Accepted,
28581553,0568000,LOUISVILLE METRO POLICE DEPT,Accepted,JEFFERSON,,3535,LENTZ,AVE,,,,,,,,38.195124510,-85.785771217,0.087,8/30/2021 12:00:00 AM,2148,2,2,0,0,CLOUDY,WET,True,1 VEHICLE PARKED POSITION (NOT PARKING LOT/DRIVEWAY),SIDESWIPE-OPPOSITE DIRECTION,STRAIGHT & LEVEL,OTHER,,,8/31/2021 7:47:51 AM,False,5183,Accepted,
28612924,0568000,LOUISVILLE METRO POLICE DEPT,Accepted,JEFFERSON,I 0064,,I64 E,,,,,,,,,38.273793541,-85.787249585,2.336,8/30/2021 12:00:00 AM,1218,1,1,0,0,RAINING,WATER (STANDING OR MOVING),False,OTHER ROADWAY OR MID-BLOCK COLLISION,SINGLE VEHICLE,CURVE & LEVEL,DAYLIGHT,,,9/7/2021 1:33:26 PM,False,4903,Accepted,
28586207,0568000,LOUISVILLE METRO POLICE DEPT,Accepted,JEFFERSON,I 0265,,I265 W,,,,,,,,,38.159064287,-85.528067179,20.705,8/30/2021 12:00:00 AM,1903,2,2,0,1,RAINING,WET,True,1 VEHICLE ENTERING/LEAVING ENTRANCE,ANGLE,STRAIGHT & GRADE,DAYLIGHT,,,9/1/2021 9:11:17 AM,False,7278,Accepted,
28607776,0568000,LOUISVILLE METRO POLICE DEPT,Accepted,JEFFERSON,,,12TH,ST,S,US0150,BROADWAY,,,,,38.247520543,-85.771629363,0.382,8/30/2021 12:00:00 AM,1615,2,2,0,0,CLOUDY,DRY,False,OTHER INTERSECTION COLLISIONS,REAR END,STRAIGHT & GRADE,DAYLIGHT,,,9/7/2021 8:38:09 AM,False,2661,Accepted,
28607926,0568000,LOUISVILLE METRO POLICE DEPT,Accepted,JEFFERSON,,1010,28TH,ST,S,,,,,,,38.242751407,-85.799497848,1.273,8/29/2021 12:00:00 AM,2115,2,2,0,0,CLEAR,DRY,False,1 VEHICLE PARKED POSITION (NOT PARKING LOT/DRIVEWAY),SIDESWIPE-SAME DIRECTION,STRAIGHT & LEVEL,DUSK,,,9/7/2021 8:46:32 AM,False,5343,Accepted,
28577595,0568000,LOUISVILLE METRO POLICE DEPT,Accepted,JEFFERSON,KY1020,,3RD,ST,S,,MAGNOLIA,,,,,38.229416910,-85.759628356,10.943,8/29/2021 12:00:00 AM,2238,5,5,0,0,CLEAR,DRY,False,COLLISION WITH PARKED VEHICLE,SIDESWIPE-SAME DIRECTION,STRAIGHT & LEVEL,DARK-HWY LIGHTED/ON,,,8/30/2021 8:54:59 AM,False,5267,Accepted,
28577542,0568000,LOUISVILLE METRO POLICE DEPT,Accepted,JEFFERSON,,,4TH,ST,S,,,,LEE,,REESER,38.223575999,-85.762332555,2.301,8/29/2021 12:00:00 AM,0227,3,3,0,0,CLOUDY,DRY,False,1 VEHICLE PARKED POSITION (NOT PARKING LOT/DRIVEWAY),SIDESWIPE-OPPOSITE DIRECTION,STRAIGHT & LEVEL,DARK-HWY NOT LIGHTED,,,8/30/2021 8:52:20 AM,False,5304,Accepted,
28577558,0568000,LOUISVILLE METRO POLICE DEPT,Accepted,JEFFERSON,KY1065,,OUTER,LOOP,,KY1865,NEW CUT,,,,,38.126392312,-85.776119707,1.029,8/29/2021 12:00:00 AM,1405,2,2,0,0,CLEAR,DRY,False,ANGLE COLLISION - OTHER,ANGLE,STRAIGHT & LEVEL,DAYLIGHT,,,8/30/2021 8:53:10 AM,False,7252,Accepted,
28577559,0568000,LOUISVILLE METRO POLICE DEPT,Accepted,JEFFERSON,I 0264,,I264 E,,,,,,,,,38.192266657,-85.712536248,13.022,8/29/2021 12:00:00 AM,1629,2,2,0,0,CLEAR,DRY,False,REAR END IN TRAFFIC LANES BOTH VEHICLES MOVING,REAR END,STRAIGHT & LEVEL,DAYLIGHT,,,8/30/2021 8:53:14 AM,False,7400,Accepted,
28577578,0568000,LOUISVILLE METRO POLICE DEPT,Accepted,JEFFERSON,KY1865,,NEW CUT,RD,,,,,,,,38.144560330,-85.775035648,2.712,8/29/2021 12:00:00 AM,1234,2,2,0,1,CLEAR,DRY,False,1 VEHICLE ENTERING/LEAVING ENTRANCE,ANGLE,STRAIGHT & LEVEL,DAYLIGHT,,,8/30/2021 8:53:58 AM,False,5371,Accepted,
28577586,0568000,LOUISVILLE METRO POLICE DEPT,Accepted,JEFFERSON,,,FLOYD,ST,S,,KENTUCKY,,,,,38.237994891,-85.750990112,1.231,8/29/2021 12:00:00 AM,0959,2,2,0,0,CLOUDY,DRY,False,ANGLE COLLISION - OTHER,ANGLE,STRAIGHT & LEVEL,DAYLIGHT,,,8/30/2021 8:54:15 AM,False,5180,Accepted,
28577587,0568000,LOUISVILLE METRO POLICE DEPT,Accepted,JEFFERSON,,1511,4TH,ST,S,,,,,,,38.225992671,-85.761910214,2.133,8/29/2021 12:00:00 AM,1806,2,2,0,0,CLEAR,DRY,False,OTHER ROADWAY OR MID-BLOCK COLLISION,REAR END,STRAIGHT & LEVEL,DAYLIGHT,,,8/30/2021 8:54:19 AM,False,5180,Accepted,
28577593,0568000,LOUISVILLE METRO POLICE DEPT,Accepted,JEFFERSON,KY1934,3845,CANE RUN,RD,,,,,,,,38.216725161,-85.816611789,10.832,8/29/2021 12:00:00 AM,1735,1,1,0,0,CLEAR,DRY,True,COLLISION WITH FIXED OBJECT NON - INTERSECTION - FIRST EVENT COLLISION 09 - 32 EXCLUDING 16,SINGLE VEHICLE,STRAIGHT & LEVEL,DAYLIGHT,,,8/30/2021 8:54:52 AM,False,5360,Accepted,
28586658,0568000,LOUISVILLE METRO POLICE DEPT,Accepted,JEFFERSON,,,BOONE,TRL,,KY1531,JOHNSON,,,,,38.260341211,-85.455755399,0.633,8/29/2021 12:00:00 AM,1842,1,1,0,0,CLEAR,DRY,False,COLLISION WITH FIXED OBJECT IN INTERSECTION - FIRST EVENT COLLISION 09 - 32,SINGLE VEHICLE,STRAIGHT & HILLCREST,DAYLIGHT,,,9/1/2021 10:40:35 AM,False,2109,Accepted,
28590252,0568000,LOUISVILLE METRO POLICE DEPT,Accepted,JEFFERSON,,3200,RIVER PARK,DR,,,,,,,,38.254350774,-85.806235627,1.122,8/29/2021 12:00:00 AM,1357,2,2,0,3,CLEAR,DRY,False,1 VEHICLE ENTERING/LEAVING ENTRANCE,ANGLE,STRAIGHT & LEVEL,DAYLIGHT,,,9/2/2021 7:18:33 AM,False,7469,Accepted,
28581520,0568000,LOUISVILLE METRO POLICE DEPT,Accepted,JEFFERSON,US0150,,BROADWAY,,W,,,,,,,38.249217457,-85.786559394,0.821,8/29/2021 12:00:00 AM,1341,2,2,0,0,CLEAR,DRY,False,1 VEHICLE ENTERING/LEAVING ENTRANCE,ANGLE,STRAIGHT & LEVEL,DAYLIGHT,,,8/31/2021 7:45:44 AM,False,5148,Accepted,
28586201,0568000,LOUISVILLE METRO POLICE DEPT,Accepted,JEFFERSON,KY1865,,NEW CUT,RD,,KY1142,PALATKA,,,,,38.150791789,-85.776351467,3.010,8/29/2021 12:00:00 AM,1838,2,2,0,0,CLEAR,DRY,True,SIDESWIPE-SAME DIRECTION,SIDESWIPE-SAME DIRECTION,STRAIGHT & LEVEL,DAYLIGHT,,,9/1/2021 9:10:53 AM,False,7306,Accepted,
28577536,0568000,LOUISVILLE METRO POLICE DEPT,Accepted,JEFFERSON,,,HIKES,LN,,KY1932,BRECKENRIDGE,,,,,38.218211440,-85.628759782,3.019,8/29/2021 12:00:00 AM,0002,2,2,0,0,CLEAR,DRY,False,ANGLE COLLISION - ONE VEHICLE TURNING LEFT,ANGLE,STRAIGHT & LEVEL,DARK-HWY LIGHTED/ON,,,8/30/2021 8:52:03 AM,False,5300,Accepted,
28577544,0568000,LOUISVILLE METRO POLICE DEPT,Accepted,JEFFERSON,,,DIXIE,HWY,,,,,,,,38.223174437,-85.792589515,1.864,8/29/2021 12:00:00 AM,0146,2,2,0,0,CLEAR,DRY,False,OTHER ROADWAY OR MID-BLOCK COLLISION,REAR END,STRAIGHT & LEVEL,DARK-HWY LIGHTED/ON,,,8/30/2021 8:52:24 AM,False,2186,Accepted,
28577545,0568000,LOUISVILLE METRO POLICE DEPT,Accepted,JEFFERSON,,,BLUEGRASS,AVE,,,,,CHURCHMAN,KY1931,MANSLICK,38.179388802,-85.793995134,0.265,8/29/2021 12:00:00 AM,0405,2,2,0,0,CLEAR,DRY,False,1 VEHICLE PARKED POSITION (NOT PARKING LOT/DRIVEWAY),BACKING,STRAIGHT & LEVEL,DARK-HWY LIGHTED/ON,,,8/30/2021 8:52:29 AM,False,5245,Accepted,
28577553,0568000,LOUISVILLE METRO POLICE DEPT,Accepted,JEFFERSON,US0031E,,BARDSTOWN,RD,,,JEFFERSON,,,,,38.158832921,-85.591553331,6.201,8/29/2021 12:00:00 AM,1314,4,4,0,0,CLEAR,DRY,False,OTHER INTERSECTION COLLISIONS,REAR END,STRAIGHT & LEVEL,DAYLIGHT,,,8/30/2021 8:52:49 AM,False,7755,Accepted,
28577560,0568000,LOUISVILLE METRO POLICE DEPT,Accepted,JEFFERSON,,4402,WINNROSE,WAY,,,,,,,,38.238804596,-85.827061584,0.288,8/29/2021 12:00:00 AM,1500,2,2,0,0,CLEAR,DRY,True,1 VEHICLE PARKED POSITION (NOT PARKING LOT/DRIVEWAY),BACKING,STRAIGHT & LEVEL,DAYLIGHT,,,8/30/2021 8:53:22 AM,False,5308,Accepted,
28577561,0568000,LOUISVILLE METRO POLICE DEPT,Accepted,JEFFERSON,US0031E,,BARDSTOWN,RD,,,COLONEL HANCOCK,,,,,38.130441524,-85.577371112,4.088,8/29/2021 12:00:00 AM,1700,2,2,0,0,CLEAR,DRY,False,OPPOSITE DIRECTION - BOTH VEHICLES GOING STRAIGHT AHEAD,SIDESWIPE-OPPOSITE DIRECTION,STRAIGHT & LEVEL,DAYLIGHT,,,8/30/2021 8:53:26 AM,False,6878,Accepted,
28577562,0568000,LOUISVILLE METRO POLICE DEPT,Accepted,JEFFERSON,KY1747,,FERN VALLEY,RD,,KY0061,PRESTON,,,,,38.156844563,-85.696808127,1.922,8/29/2021 12:00:00 AM,1618,2,2,0,0,CLEAR,DRY,False,ANGLE COLLISION - ONE VEHICLE TURNING LEFT,ANGLE,STRAIGHT & LEVEL,DAYLIGHT,,,8/30/2021 8:53:30 AM,False,7442,Accepted,
28586225,0568000,LOUISVILLE METRO POLICE DEPT,Accepted,JEFFERSON,,736,IOWA,AVE,,,,,,,,38.208554416,-85.772114888,0.065,8/29/2021 12:00:00 AM,2202,4,4,0,0,CLEAR,DRY,True,1 VEHICLE PARKED POSITION (NOT PARKING LOT/DRIVEWAY),SIDESWIPE-SAME DIRECTION,STRAIGHT & LEVEL,DARK-HWY LIGHTED/ON,,,9/1/2021 9:13:07 AM,False,5127,Accepted,