IncidentID,AgencyORI,AgencyName,IncidentStatusDesc,County,RdwyNumber,Street,RoadwayName,StreetSfx,StreetDir,IntersectionRdwy,IntersectionRdwyName,BetweenStRdwy1,BetweenStRdwyName1,BetweenStRdwy2,BetweenStRdwyName2,Latitude,Longitude,Milepoint,CollisionDate,CollisionTime,UnitsInvolved,MotorVehiclesInvolved,NumberKilled,NumberInjured,Weather,RdwyConditionCode,HitandRun,DirAnalysisCode,MannerofCollision,RdwyCharacter,LightCondition,RampFromRdwyId,RampToRdwyId,AcceptedDate,IsSecondaryCollision,OwnerBadge,IncidentStatus,
28567950,0568000,LOUISVILLE METRO POLICE DEPT,Accepted,JEFFERSON,I 0265,,I265 E,,,,,,,,,38.146559504,-85.545854465,19.395,8/26/2021 12:00:00 AM,0824,2,2,0,0,CLEAR,DRY,False,REAR END IN TRAFFIC LANES BOTH VEHICLES MOVING,REAR END,STRAIGHT & LEVEL,DAYLIGHT,,,8/27/2021 7:24:24 AM,False,4903,Accepted,
28567960,0568000,LOUISVILLE METRO POLICE DEPT,Accepted,JEFFERSON,,,4TH,ST,S,,CENTRAL,,,,,38.205214597,-85.765556692,3.583,8/26/2021 12:00:00 AM,1529,2,2,0,0,CLEAR,DRY,False,OTHER INTERSECTION COLLISIONS,REAR END,STRAIGHT & LEVEL,DAYLIGHT,,,8/27/2021 7:24:58 AM,False,7872,Accepted,
28567966,0568000,LOUISVILLE METRO POLICE DEPT,Accepted,JEFFERSON,,,ROBINWOOD,RD,,,RUSSETT,,,,,38.165577432,-85.665101925,0.759,8/26/2021 12:00:00 AM,1431,2,1,0,0,CLEAR,DRY,False,COLLISION WITH PEDESTRIAN IN INTERSECTION,SINGLE VEHICLE,STRAIGHT & LEVEL,DAYLIGHT,,,8/27/2021 7:25:11 AM,False,7319,Accepted,
28567967,0568000,LOUISVILLE METRO POLICE DEPT,Accepted,JEFFERSON,,,CHAMBERLAIN,LN,,,COLLINS,,,,,38.289877932,-85.515869719,0.219,8/26/2021 12:00:00 AM,1328,3,3,0,1,CLOUDY,DRY,False,ANGLE COLLISION - OTHER,ANGLE,STRAIGHT & LEVEL,DAYLIGHT,,,8/27/2021 7:25:14 AM,False,7876,Accepted,
28563428,0568000,LOUISVILLE METRO POLICE DEPT,Accepted,JEFFERSON,KY0061,,PRESTON,ST,S,,ROSELANE,,,,,38.243081869,-85.747890478,12.421,8/26/2021 12:00:00 AM,0102,2,2,0,1,CLEAR,DRY,False,COLLISION WITH PARKED VEHICLE,SIDESWIPE-SAME DIRECTION,STRAIGHT & LEVEL,DARK-HWY LIGHTED/ON,,,8/26/2021 7:20:21 AM,False,5373,Accepted,
28627214,0568000,LOUISVILLE METRO POLICE DEPT,Accepted,JEFFERSON,I 0264,,I264 E,,,,,,,,,38.189900048,-85.750556227,10.932,8/26/2021 12:00:00 AM,1707,3,3,0,0,CLEAR,DRY,False,SIDESWIPE COLLISION - SAME DIRECTION,SIDESWIPE-SAME DIRECTION,STRAIGHT & GRADE,DAYLIGHT,,,9/8/2021 8:06:25 AM,False,8278,Accepted,
28581529,0568000,LOUISVILLE METRO POLICE DEPT,Accepted,JEFFERSON,,2412,MUHAMMAD ALI,BLVD,W,,,,,,,38.255105376,-85.793127233,2.230,8/26/2021 12:00:00 AM,0230,2,2,0,0,CLEAR,DRY,True,1 VEHICLE PARKED POSITION (NOT PARKING LOT/DRIVEWAY),,,UNKNOWN,,,8/31/2021 7:46:12 AM,False,5124,Accepted,
28563431,0568000,LOUISVILLE METRO POLICE DEPT,Accepted,JEFFERSON,KY1703,1101,BAXTER,AVE,,,,,RUFER,,GRINSTEAD,38.237530939,-85.722092781,5.464,8/26/2021 12:00:00 AM,0033,2,2,0,0,CLEAR,DRY,True,1 VEHICLE PARKED POSITION (NOT PARKING LOT/DRIVEWAY),SIDESWIPE-SAME DIRECTION,STRAIGHT & HILLCREST,DARK-HWY LIGHTED/ON,,,8/26/2021 7:20:27 AM,False,5197,Accepted,
28567969,0568000,LOUISVILLE METRO POLICE DEPT,Accepted,JEFFERSON,I 0065,,I65 N,,,,,,,,,38.238444885,-85.753014312,134.755,8/26/2021 12:00:00 AM,0940,2,2,0,0,CLEAR,DRY,False,HEAD-ON COLLISION,HEAD ON,STRAIGHT & LEVEL,DAYLIGHT,,,8/27/2021 7:25:21 AM,False,5175,Accepted,
28567977,0568000,LOUISVILLE METRO POLICE DEPT,Accepted,JEFFERSON,KY3084,,OLD HENRY,RD,,,BUSH FARM,,,,,38.274191170,-85.490447793,1.801,8/26/2021 12:00:00 AM,0944,2,2,0,1,CLEAR,DRY,False,ANGLE COLLISION - ONE VEHICLE TURNING LEFT,ANGLE,STRAIGHT & LEVEL,DARK-HWY NOT LIGHTED,,,8/27/2021 7:25:47 AM,False,5289,Accepted,
28567975,0568000,LOUISVILLE METRO POLICE DEPT,Accepted,JEFFERSON,,,4TH,ST,S,US0150,BROADWAY,,,,,38.246081071,-85.758406216,0.733,8/26/2021 12:00:00 AM,1548,2,2,0,2,CLEAR,DRY,False,ANGLE COLLISION - OTHER,ANGLE,STRAIGHT & LEVEL,DAYLIGHT,,,8/27/2021 7:25:41 AM,False,5173,Accepted,
28567982,0568000,LOUISVILLE METRO POLICE DEPT,Accepted,JEFFERSON,KY2251,,BARDSTOWN,RD,,,HIKES,,,,,38.199047095,-85.659960421,1.042,8/26/2021 12:00:00 AM,2202,2,2,0,1,CLOUDY,DRY,False,ANGLE COLLISION - OTHER,ANGLE,STRAIGHT & GRADE,DARK-HWY LIGHTED/ON,,,8/27/2021 7:26:00 AM,False,5347,Accepted,
28567983,0568000,LOUISVILLE METRO POLICE DEPT,Accepted,JEFFERSON,,,SPRING,ST,N,,ADAMS,,,,,38.257313025,-85.724937622,,8/26/2021 12:00:00 AM,2113,2,2,0,1,RAINING,WET,False,HEAD-ON COLLISION,HEAD ON,STRAIGHT & LEVEL,DARK-HWY LIGHTED/ON,,,8/27/2021 7:26:04 AM,False,5306,Accepted,
28582441,0561500,UNIV. OF LOUISVILLE POLICE,Accepted,JEFFERSON,I 0065,423,UNIVERSITY,BLVD,,,,,,,,38.214317402,-85.752199646,0.006,8/26/2021 12:00:00 AM,1205,2,2,0,1,CLEAR,DRY,False,OTHER RAMP RELATED COLLISIONS NOT LISTED ABOVE,REAR END,STRAIGHT & HILLCREST,DAYLIGHT,WARNOCK ST,I 0065,8/31/2021 11:40:22 AM,False,5618,Accepted,
28563415,0568000,LOUISVILLE METRO POLICE DEPT,Accepted,JEFFERSON,KY1230,,CANE RUN,RD,,,,,,,,38.161653968,-85.893950126,5.771,8/25/2021 12:00:00 AM,1810,1,1,0,1,CLOUDY,WET,False,COLLISION WITH FIXED OBJECT NON - INTERSECTION - FIRST EVENT COLLISION 09 - 32 EXCLUDING 16,SINGLE VEHICLE,STRAIGHT & LEVEL,DAYLIGHT,,,8/26/2021 7:19:44 AM,False,7340,Accepted,
28563422,0568000,LOUISVILLE METRO POLICE DEPT,Accepted,JEFFERSON,I 0265,,I265 W,,,,,I 0265,I265 W EXIT12 OFF RAMP TO KY61,I 0265,I265 W EXIT14 ON RAMP FROM  SMYRNA PKWY,38.117065457,-85.651845855,13.080,8/25/2021 12:00:00 AM,1555,2,2,0,0,RAINING,WET,False,OTHER ROADWAY OR MID-BLOCK COLLISION,REAR END,STRAIGHT & LEVEL,DAYLIGHT,,,8/26/2021 7:20:04 AM,False,2324,Accepted,
28607758,0568000,LOUISVILLE METRO POLICE DEPT,Accepted,JEFFERSON,,2113,LOWER HUNTERS,TRCE,,,,,,,,38.161237992,-85.854222505,1.015,8/25/2021 12:00:00 AM,1419,2,2,0,0,CLEAR,DRY,False,REAR END IN TRAFFIC LANES BOTH VEHICLES MOVING,REAR END,STRAIGHT & LEVEL,DAYLIGHT,,,9/7/2021 8:37:26 AM,False,7339,Accepted,
28563387,0568000,LOUISVILLE METRO POLICE DEPT,Accepted,JEFFERSON,,800,BLUEGRASS,AVE,,,,,,,,38.179322686,-85.775171732,1.288,8/25/2021 12:00:00 AM,1200,1,1,0,0,CLEAR,DRY,True,OTHER ROADWAY OR MID-BLOCK COLLISION,SINGLE VEHICLE,STRAIGHT & LEVEL,DAYLIGHT,,,8/26/2021 7:18:59 AM,False,7116,Accepted,
28563395,0568000,LOUISVILLE METRO POLICE DEPT,Accepted,JEFFERSON,KY1020,,3RD,ST,S,,MAGNOLIA,,,,,38.228972839,-85.759702582,10.912,8/25/2021 12:00:00 AM,1541,4,4,0,1,CLEAR,DRY,False,ANGLE COLLISION - OTHER,ANGLE,STRAIGHT & LEVEL,DAYLIGHT,,,8/26/2021 7:19:23 AM,False,7433,Accepted,
28563396,0568000,LOUISVILLE METRO POLICE DEPT,Accepted,JEFFERSON,,,4TH,ST,S,,CENTRAL,,,,,38.205089386,-85.765586919,3.583,8/25/2021 12:00:00 AM,1657,2,2,0,0,RAINING,WET,False,OPPOSING LEFT TURN,OPPOSING LEFT TURN,STRAIGHT & LEVEL,DAYLIGHT,,,8/26/2021 7:19:27 AM,False,7872,Accepted,
28563403,0568000,LOUISVILLE METRO POLICE DEPT,Accepted,JEFFERSON,KY1450,,BLUE LICK,RD,,,SUSAN,,,,,38.094238902,-85.697495526,0.577,8/25/2021 12:00:00 AM,1626,2,2,0,0,RAINING,WET,False,ANGLE COLLISION - OTHER,ANGLE,STRAIGHT & LEVEL,DAYLIGHT,,,8/26/2021 7:19:34 AM,False,7474,Accepted,
28563411,0568000,LOUISVILLE METRO POLICE DEPT,Accepted,JEFFERSON,KY0864,,POPLAR LEVEL,RD,,,AUDUBON PLAZA,,,,,38.214036918,-85.722970026,12.904,8/25/2021 12:00:00 AM,1128,2,2,0,1,CLEAR,DRY,False,ANGLE COLLISION - OTHER,ANGLE,STRAIGHT & LEVEL,DAYLIGHT,,,8/26/2021 7:19:41 AM,False,5146,Accepted,
28563420,0568000,LOUISVILLE METRO POLICE DEPT,Accepted,JEFFERSON,,,HIKES,LN,,,KLONDIKE,,,,,38.211144428,-85.640635782,2.212,8/25/2021 12:00:00 AM,1539,2,2,0,1,CLOUDY,DRY,False,ANGLE COLLISION - OTHER,ANGLE,STRAIGHT & LEVEL,DAYLIGHT,,,8/26/2021 7:19:57 AM,False,5247,Accepted,
28563421,0568000,LOUISVILLE METRO POLICE DEPT,Accepted,JEFFERSON,,,1ST,ST,S,,GRAY,,,,,38.247145806,-85.753131844,0.622,8/25/2021 12:00:00 AM,1611,2,2,0,0,CLOUDY,WET,False,OTHER INTERSECTION COLLISIONS,REAR END,STRAIGHT & LEVEL,DAYLIGHT,,,8/26/2021 7:20:00 AM,False,7239,Accepted,
28563362,0568000,LOUISVILLE METRO POLICE DEPT,Accepted,JEFFERSON,,,TYLER,LN,,,WHITEWAY,,,,,38.215386626,-85.681765846,0.806,8/25/2021 12:00:00 AM,0850,1,1,0,0,CLEAR,DRY,False,OTHER INTERSECTION COLLISIONS,SINGLE VEHICLE,STRAIGHT & LEVEL,DAYLIGHT,,,8/26/2021 7:18:09 AM,False,7793,Accepted,
28563372,0568000,LOUISVILLE METRO POLICE DEPT,Accepted,JEFFERSON,US0150,,BROADWAY,,W,,,,11TH,,10TH,38.247339158,-85.769684516,1.757,8/25/2021 12:00:00 AM,0831,2,2,0,0,CLOUDY,DRY,False,1 VEHICLE ENTERING/LEAVING ENTRANCE,ANGLE,STRAIGHT & LEVEL,DAYLIGHT,,,8/26/2021 7:18:28 AM,False,5187,Accepted,
28563378,0568000,LOUISVILLE METRO POLICE DEPT,Accepted,JEFFERSON,US0031E,,BARDSTOWN,RD,,,FAIRMOUNT,,,,,38.116314272,-85.569806892,3.027,8/25/2021 12:00:00 AM,0903,2,2,0,0,CLEAR,DRY,False,OPPOSING LEFT TURN,OPPOSING LEFT TURN,STRAIGHT & LEVEL,DAYLIGHT,,,8/26/2021 7:18:35 AM,False,7698,Accepted,
28567944,0568000,LOUISVILLE METRO POLICE DEPT,Accepted,JEFFERSON,I 0265,,I265 W,,,,,,,,,38.112691346,-85.668761600,12.107,8/25/2021 12:00:00 AM,1630,4,4,0,2,RAINING,WET,False,OTHER ROADWAY OR MID-BLOCK COLLISION,REAR END,STRAIGHT & LEVEL,DAYLIGHT,,,8/27/2021 7:24:02 AM,False,7474,Accepted,
29648581,0568000,LOUISVILLE METRO POLICE DEPT,Accepted,JEFFERSON,I 0264,,,,,,,,,,,38.253972568,-85.805239936,0.006,8/25/2021 12:00:00 AM,1045,2,2,0,1,CLEAR,DRY,False,OTHER RAMP RELATED COLLISIONS NOT LISTED ABOVE,SIDESWIPE-SAME DIRECTION,STRAIGHT & GRADE,DAYLIGHT,I 0264,MUHAMMAD ALI BLVD,2/1/2022 8:23:59 AM,False,5160,Accepted,
28636134,KSP0700,KY STATE POLICE POST 07,Accepted,JEFFERSON,,,WING,DR,E,,,,,,,38.203218217,-85.739802495,0.064,8/25/2021 12:00:00 AM,1435,2,2,0,0,CLEAR,DRY,False,COLLISION IN PARKING LOT,ANGLE,STRAIGHT & LEVEL,DAYLIGHT,,,9/9/2021 10:03:07 AM,False,929,Accepted,
28661093,0568000,LOUISVILLE METRO POLICE DEPT,Accepted,JEFFERSON,,1900,7TH,ST,S,,,,,,,38.221784014,-85.774834005,0.183,8/25/2021 12:00:00 AM,1708,2,2,0,0,RAINING,WET,False,REAR END IN TRAFFIC LANES BOTH VEHICLES MOVING,REAR END,STRAIGHT & LEVEL,DAYLIGHT,,,9/15/2021 8:28:06 AM,False,5378,Accepted,
28582444,0561500,UNIV. OF LOUISVILLE POLICE,Accepted,JEFFERSON,KY1020,,3RD,ST,S,US0060A,EASTERN,,,,,38.213791568,-85.762164311,9.874,8/25/2021 12:00:00 AM,1900,2,2,0,0,CLOUDY,WET,False,OTHER INTERSECTION COLLISIONS,REAR END,STRAIGHT & GRADE,DAYLIGHT,,,8/31/2021 11:40:32 AM,False,5700,Accepted,
28594694,0568000,LOUISVILLE METRO POLICE DEPT,Accepted,JEFFERSON,KY0841,,KY841 CROSSOVER KY1020,,,,,,,,,38.117371686,-85.748497200,0.014,8/25/2021 12:00:00 AM,0741,2,2,0,1,CLEAR,DRY,False,OTHER ROADWAY OR MID-BLOCK COLLISION,REAR END,STRAIGHT & HILLCREST,DAYLIGHT,,,9/3/2021 7:48:38 AM,False,5223,Accepted,
28563392,0568000,LOUISVILLE METRO POLICE DEPT,Accepted,JEFFERSON,KY1747,,HURSTBOURNE,PKWY,S,,STONY BROOK,,,,,38.171150223,-85.604356522,7.635,8/25/2021 12:00:00 AM,1041,2,2,0,0,CLOUDY,DRY,False,ANGLE COLLISION - ONE VEHICLE TURNING LEFT,ANGLE,CURVE & GRADE,DAYLIGHT,,,8/26/2021 7:19:13 AM,False,4693,Accepted,
28563400,0568000,LOUISVILLE METRO POLICE DEPT,Accepted,JEFFERSON,I 0265,,I265 W,,,,,,,,,38.112812422,-85.692589188,10.758,8/25/2021 12:00:00 AM,1602,2,2,0,0,RAINING,WET,False,SIDESWIPE COLLISION - SAME DIRECTION,SIDESWIPE-SAME DIRECTION,STRAIGHT & LEVEL,DAYLIGHT,,,8/26/2021 7:19:30 AM,False,7474,Accepted,
28563407,0568000,LOUISVILLE METRO POLICE DEPT,Accepted,JEFFERSON,US0042,,BROWNSBORO,RD,,,IDLEWYLDE,,,,,38.258433257,-85.700245183,1.941,8/25/2021 12:00:00 AM,1728,2,2,0,0,RAINING,WET,False,ANGLE COLLISION - OTHER,ANGLE,STRAIGHT & LEVEL,DAYLIGHT,,,8/26/2021 7:19:38 AM,False,7028,Accepted,
28563425,0568000,LOUISVILLE METRO POLICE DEPT,Accepted,JEFFERSON,I 0265,,I265 S,,,,,,,,,38.277003999,-85.500557724,29.222,8/25/2021 12:00:00 AM,2053,1,1,0,0,CLEAR,DRY,False,OTHER ROADWAY OR MID-BLOCK COLLISION,SINGLE VEHICLE,CURVE & LEVEL,DARK-HWY LIGHTED/ON,,,8/26/2021 7:20:14 AM,False,7370,Accepted,
28563357,0568000,LOUISVILLE METRO POLICE DEPT,Accepted,JEFFERSON,I 0065,,I65 S,,,,,,,,,38.172761654,-85.720550087,129.353,8/25/2021 12:00:00 AM,0704,3,3,0,0,CLEAR,DRY,False,SIDESWIPE COLLISION - SAME DIRECTION,SIDESWIPE-SAME DIRECTION,CURVE & LEVEL,DAYLIGHT,,,8/26/2021 7:18:00 AM,False,4903,Accepted,
28563377,0568000,LOUISVILLE METRO POLICE DEPT,Accepted,JEFFERSON,US0031E,,BAXTER,AVE,,,CHRISTY,,,,,38.242085093,-85.725743104,15.784,8/25/2021 12:00:00 AM,1100,2,2,0,0,CLOUDY,DRY,False,ANGLE COLLISION - OTHER,ANGLE,STRAIGHT & LEVEL,DAYLIGHT,,,8/26/2021 7:18:31 AM,False,7570,Accepted,
28563393,0568000,LOUISVILLE METRO POLICE DEPT,Accepted,JEFFERSON,,,LEXINGTON,RD,,,,,,,,38.247348347,-85.731496726,0.037,8/25/2021 12:00:00 AM,1230,2,2,0,0,CLEAR,DRY,False,1 VEHICLE ENTERING/LEAVING ENTRANCE,ANGLE,STRAIGHT & LEVEL,DAYLIGHT,,,8/26/2021 7:19:16 AM,False,2738,Accepted,
28563394,0568000,LOUISVILLE METRO POLICE DEPT,Accepted,JEFFERSON,KY0155,,TAYLORSVILLE,RD,,,CHENOWETH RUN,,,,,38.188391379,-85.552437592,8.488,8/25/2021 12:00:00 AM,1520,3,3,0,0,RAINING,WET,False,OTHER INTERSECTION COLLISIONS,REAR END,STRAIGHT & LEVEL,DAYLIGHT,,,8/26/2021 7:19:20 AM,False,7486,Accepted,
28563417,0568000,LOUISVILLE METRO POLICE DEPT,Accepted,JEFFERSON,KY1020,,SOUTHSIDE,DR,,,ASHBURY,,,,,38.172018471,-85.764703771,7.030,8/25/2021 12:00:00 AM,1212,2,2,0,0,CLEAR,DRY,False,ANGLE COLLISION - OTHER,ANGLE,STRAIGHT & LEVEL,DAYLIGHT,,,8/26/2021 7:19:47 AM,False,5378,Accepted,
28563418,0568000,LOUISVILLE METRO POLICE DEPT,Accepted,JEFFERSON,KY1934,,CANE RUN,RD,,KY2049,CRUMS,,,,,38.199333581,-85.837271839,9.188,8/25/2021 12:00:00 AM,1234,2,2,0,0,CLEAR,DRY,False,ANGLE COLLISION - OTHER,ANGLE,STRAIGHT & LEVEL,DAYLIGHT,,,8/26/2021 7:19:51 AM,False,5353,Accepted,
28563419,0568000,LOUISVILLE METRO POLICE DEPT,Accepted,JEFFERSON,,,HIKES,LN,,,KLONDIKE,,,,,38.211185922,-85.640699626,2.212,8/25/2021 12:00:00 AM,1105,2,2,0,0,CLEAR,DRY,False,ANGLE COLLISION - ONE VEHICLE TURNING LEFT,ANGLE,STRAIGHT & LEVEL,DAYLIGHT,,,8/26/2021 7:19:54 AM,False,5247,Accepted,
28563427,0568000,LOUISVILLE METRO POLICE DEPT,Accepted,JEFFERSON,,,ALANMEDE,RD,,,CARSON,,,,,38.219941921,-85.660359490,0.480,8/25/2021 12:00:00 AM,2225,2,2,0,0,CLEAR,DRY,False,ANGLE COLLISION - OTHER,ANGLE,STRAIGHT & LEVEL,DARK-HWY LIGHTED/ON,,,8/26/2021 7:20:17 AM,False,7916,Accepted,
28581526,0568000,LOUISVILLE METRO POLICE DEPT,Accepted,JEFFERSON,,,ST ANTHONY CHURCH,RD,,,,,SPRINGFIELD,,ST ANTHONY GARDENS,38.145433270,-85.817603267,0.425,8/25/2021 12:00:00 AM,0925,2,2,0,0,CLEAR,DRY,False,1 VEHICLE ENTERING/LEAVING ENTRANCE,ANGLE,CURVE & GRADE,DAYLIGHT,,,8/31/2021 7:46:08 AM,False,7139,Accepted,
28563658,KSP0400,KY STATE POLICE POST 04,Accepted,JEFFERSON,,,WING,DR,E,,,,,,,38.199137937,-85.737888327,0.367,8/24/2021 12:00:00 AM,1045,2,2,0,0,CLEAR,DRY,False,COLLISION IN PARKING LOT,SIDESWIPE-OPPOSITE DIRECTION,STRAIGHT & LEVEL,DAYLIGHT,,,8/26/2021 8:48:00 AM,False,452,Accepted,
28577479,0568000,LOUISVILLE METRO POLICE DEPT,Accepted,JEFFERSON,,937,PHILLIPS,LN,,,,,,,,38.193690467,-85.739368307,0.756,8/24/2021 12:00:00 AM,1130,2,2,0,1,CLEAR,DRY,True,COLLISION IN PARKING LOT,ANGLE,STRAIGHT & LEVEL,DARK-HWY LIGHTED/ON,,,8/30/2021 8:48:02 AM,False,5127,Accepted,
28577487,0568000,LOUISVILLE METRO POLICE DEPT,Accepted,JEFFERSON,I 0065,,JEFFERSON,ST,E,,,,,,,38.253044731,-85.750239823,0.225,8/24/2021 12:00:00 AM,1125,2,2,0,0,CLEAR,DRY,False,OTHER RAMP RELATED COLLISIONS NOT LISTED ABOVE,SIDESWIPE-SAME DIRECTION,STRAIGHT & LEVEL,DAYLIGHT,I 0065,E JEFFERSON ST,8/30/2021 8:48:41 AM,False,7217,Accepted,
28559155,0568000,LOUISVILLE METRO POLICE DEPT,Accepted,JEFFERSON,,2316,RODMAN,ST,,,,,,,,38.214903000,-85.768909830,0.586,8/24/2021 12:00:00 AM,1609,2,2,0,0,CLEAR,DRY,False,1 VEHICLE PARKED POSITION (NOT PARKING LOT/DRIVEWAY),BACKING,STRAIGHT & LEVEL,DAYLIGHT,,,8/25/2021 7:30:31 AM,False,7455,Accepted,
28559156,0568000,LOUISVILLE METRO POLICE DEPT,Accepted,JEFFERSON,US0031E,,BUECHEL,BYP,,KY2052,HIKES,,,,,38.198347566,-85.661055624,10.970,8/24/2021 12:00:00 AM,0304,2,2,0,0,CLEAR,DRY,True,ANGLE COLLISION - OTHER,ANGLE,STRAIGHT & LEVEL,DARK-HWY LIGHTED/ON,,,8/25/2021 7:30:44 AM,False,5300,Accepted,
28559164,0568000,LOUISVILLE METRO POLICE DEPT,Accepted,JEFFERSON,KY0907,7916,3RD ST,RD,,,,,,,,38.130162834,-85.792808972,4.867,8/24/2021 12:00:00 AM,2239,1,1,0,0,CLEAR,DRY,False,OTHER COLLISIONS ON SHOULDER,SINGLE VEHICLE,STRAIGHT & LEVEL,DARK (UNKNOWN ROADWAY LIGHTING),,,8/25/2021 7:35:26 AM,False,5223,Accepted,
28559148,0568000,LOUISVILLE METRO POLICE DEPT,Accepted,JEFFERSON,,400,MUHAMMAD ALI,BLVD,E,,,,,,,38.249875733,-85.745805709,0.669,8/24/2021 12:00:00 AM,1425,2,2,0,0,CLOUDY,DRY,False,SIDESWIPE COLLISION - SAME DIRECTION,SIDESWIPE-SAME DIRECTION,STRAIGHT & LEVEL,DAYLIGHT,,,8/25/2021 7:29:55 AM,False,7239,Accepted,
28559149,0568000,LOUISVILLE METRO POLICE DEPT,Accepted,JEFFERSON,I 0064,,,,,,,,,,,38.235203106,-85.624135190,0.252,8/24/2021 12:00:00 AM,0552,2,2,0,2,CLEAR,DRY,False,OTHER RAMP RELATED COLLISIONS NOT LISTED ABOVE,REAR END,CURVE & LEVEL,DARK-HWY LIGHTED/ON,I 0064,I 0064,8/25/2021 7:29:58 AM,False,7096,Accepted,
28559157,0568000,LOUISVILLE METRO POLICE DEPT,Accepted,JEFFERSON,KY0864,,POPLAR LEVEL,RD,,,PRODUCE,,,,,38.179209092,-85.691892772,9.868,8/24/2021 12:00:00 AM,2028,3,3,0,0,CLEAR,DRY,True,ANGLE COLLISION - OTHER,ANGLE,STRAIGHT & LEVEL,DUSK,,,8/25/2021 7:31:38 AM,False,7828,Accepted,
28559115,0566900,LOUISVILLE AIRPORT POLICE,Accepted,JEFFERSON,,,TERMINAL,DR,,,,,,,,38.186689241,-85.743516790,0.040,8/24/2021 12:00:00 AM,1043,2,2,0,0,CLEAR,DRY,False,1 VEHICLE PARKED POSITION (NOT PARKING LOT/DRIVEWAY),ANGLE,STRAIGHT & LEVEL,DAYLIGHT,,,8/25/2021 7:27:49 AM,False,5878,Accepted,
28559131,0568000,LOUISVILLE METRO POLICE DEPT,Accepted,JEFFERSON,,,3RD,ST,S,,WOODLAWN,,,,,38.181569962,-85.766273042,1.321,8/24/2021 12:00:00 AM,1300,2,2,0,0,CLEAR,DRY,True,ANGLE COLLISION - OTHER,ANGLE,STRAIGHT & LEVEL,DAYLIGHT,,,8/25/2021 7:28:51 AM,False,7116,Accepted,
28559132,0568000,LOUISVILLE METRO POLICE DEPT,Accepted,JEFFERSON,,,3RD,ST,S,,KENWOOD,,,,,38.178822094,-85.766731472,1.509,8/24/2021 12:00:00 AM,1600,2,2,0,0,CLEAR,DRY,False,OTHER INTERSECTION COLLISIONS,REAR END,STRAIGHT & LEVEL,DAYLIGHT,,,8/25/2021 7:28:55 AM,False,7116,Accepted,
28559140,0568000,LOUISVILLE METRO POLICE DEPT,Accepted,JEFFERSON,,,ORMSBY,AVE,W,,,,,,,38.234991903,-85.783946338,1.370,8/24/2021 12:00:00 AM,1633,2,2,0,0,CLEAR,DRY,False,1 VEHICLE PARKED POSITION (NOT PARKING LOT/DRIVEWAY),SIDESWIPE-SAME DIRECTION,STRAIGHT & GRADE,DAYLIGHT,,,8/25/2021 7:29:27 AM,True,5386,Accepted,
28559113,0568000,LOUISVILLE METRO POLICE DEPT,Accepted,JEFFERSON,US0031W,,DR W J HODGE,ST,,,MADISON,,,,,38.253125976,-85.785871144,19.946,8/24/2021 12:00:00 AM,0813,2,2,0,1,CLEAR,DRY,False,ANGLE COLLISION - OTHER,ANGLE,STRAIGHT & LEVEL,DAYLIGHT,,,8/25/2021 7:27:45 AM,False,5124,Accepted,
28559120,0568000,LOUISVILLE METRO POLICE DEPT,Accepted,JEFFERSON,I 0065,,I65 N,,,,,,,,,38.127160698,-85.701931294,125.999,8/24/2021 12:00:00 AM,1106,1,1,0,1,CLEAR,DRY,False,OTHER ROADWAY OR MID-BLOCK COLLISION,SINGLE VEHICLE,STRAIGHT & LEVEL,DAYLIGHT,,,8/25/2021 7:28:17 AM,False,4903,Accepted,
28559122,0568000,LOUISVILLE METRO POLICE DEPT,Accepted,JEFFERSON,,,18TH,ST,N,,ROWAN,,,,,38.260526784,-85.779462644,0.094,8/24/2021 12:00:00 AM,1245,2,2,0,0,CLEAR,DRY,False,ANGLE COLLISION - OTHER,ANGLE,STRAIGHT & LEVEL,DAYLIGHT,,,8/25/2021 7:28:27 AM,False,7463,Accepted,
28559130,0568000,LOUISVILLE METRO POLICE DEPT,Accepted,JEFFERSON,,,ST CATHERINE,ST,W,,1ST,,,,,38.236864973,-85.754978093,0.003,8/24/2021 12:00:00 AM,1717,2,2,0,0,CLEAR,DRY,False,SIDESWIPE-SAME DIRECTION,SIDESWIPE-SAME DIRECTION,STRAIGHT & LEVEL,DAYLIGHT,,,8/25/2021 7:28:48 AM,False,5358,Accepted,
28559137,0568000,LOUISVILLE METRO POLICE DEPT,Accepted,JEFFERSON,,,FAIRMONT,AVE,W,,2ND,,,,,38.195386620,-85.763199516,0.276,8/24/2021 12:00:00 AM,1332,3,3,0,0,CLEAR,DRY,True,COLLISION WITH PARKED VEHICLE,SIDESWIPE-OPPOSITE DIRECTION,STRAIGHT & LEVEL,DAYLIGHT,,,8/25/2021 7:29:16 AM,True,5052,Accepted,