IncidentID,AgencyORI,AgencyName,IncidentStatusDesc,County,RdwyNumber,Street,RoadwayName,StreetSfx,StreetDir,IntersectionRdwy,IntersectionRdwyName,BetweenStRdwy1,BetweenStRdwyName1,BetweenStRdwy2,BetweenStRdwyName2,Latitude,Longitude,Milepoint,CollisionDate,CollisionTime,UnitsInvolved,MotorVehiclesInvolved,NumberKilled,NumberInjured,Weather,RdwyConditionCode,HitandRun,DirAnalysisCode,MannerofCollision,RdwyCharacter,LightCondition,RampFromRdwyId,RampToRdwyId,AcceptedDate,IsSecondaryCollision,OwnerBadge,IncidentStatus,
28559138,0568000,LOUISVILLE METRO POLICE DEPT,Accepted,JEFFERSON,KY0061,,BRANDEIS,AVE,E,KY2803,ARTHUR,,,,,38.218365821,-85.752835434,10.941,8/24/2021 12:00:00 AM,1751,2,2,0,0,CLEAR,DRY,False,ANGLE COLLISION - OTHER,ANGLE,STRAIGHT & LEVEL,DAYLIGHT,,,8/25/2021 7:29:20 AM,False,5186,Accepted,
28559139,0568000,LOUISVILLE METRO POLICE DEPT,Accepted,JEFFERSON,,,FENWICK,DR,,KY0864,FEGENBUSH,,,,,38.155194630,-85.636365296,,8/24/2021 12:00:00 AM,1445,1,1,0,1,CLOUDY,DRY,False,COLLISION WITH FIXED OBJECT IN INTERSECTION - FIRST EVENT COLLISION 09 - 32,SINGLE VEHICLE,STRAIGHT & LEVEL,DAYLIGHT,,,8/25/2021 7:29:24 AM,False,2324,Accepted,
28559146,0568000,LOUISVILLE METRO POLICE DEPT,Accepted,JEFFERSON,US0060,,SHELBYVILLE,RD,,KY1747,HURSTBOURNE,,,,,38.246395752,-85.576787740,7.858,8/24/2021 12:00:00 AM,1230,2,2,0,0,CLEAR,DRY,False,ANGLE COLLISION - OTHER,ANGLE,STRAIGHT & LEVEL,DAYLIGHT,,,8/25/2021 7:29:48 AM,False,7316,Accepted,
28559147,0568000,LOUISVILLE METRO POLICE DEPT,Accepted,JEFFERSON,KY1020,,2ND,ST,S,,,,,,,38.253531616,-85.753717583,12.631,8/24/2021 12:00:00 AM,1740,2,2,0,0,CLEAR,DRY,True,1 VEHICLE ENTERING/LEAVING ENTRANCE,ANGLE,STRAIGHT & LEVEL,DAYLIGHT,,,8/25/2021 7:29:52 AM,False,5148,Accepted,
28563382,0568000,LOUISVILLE METRO POLICE DEPT,Accepted,JEFFERSON,I 0065,,I264 W EXIT11 TRANSIT,,,,,,,,,38.190588444,-85.732371788,0.006,8/24/2021 12:00:00 AM,1730,2,2,0,1,CLEAR,DRY,False,1 VEHICLE ENTERING/LEAVING ENTRANCE,ANGLE,CURVE & LEVEL,DAYLIGHT,,,8/26/2021 7:18:49 AM,False,8278,Accepted,
28595103,0568000,LOUISVILLE METRO POLICE DEPT,Accepted,JEFFERSON,US0031W,6801,DIXIE,HWY,,,,,,,,38.154583278,-85.835434801,12.344,8/24/2021 12:00:00 AM,1312,1,1,0,0,CLEAR,DRY,False,COLLISION IN PARKING LOT,SINGLE VEHICLE,STRAIGHT & LEVEL,DAYLIGHT,,,9/3/2021 9:33:04 AM,False,7234,Accepted,
28590259,0568000,LOUISVILLE METRO POLICE DEPT,Accepted,JEFFERSON,,,HILL,ST,W,,,KY1020,2ND,,1ST,38.225675952,-85.758143373,0.034,8/24/2021 12:00:00 AM,1500,2,2,0,1,CLEAR,DRY,False,REAR END IN TRAFFIC LANES BOTH VEHICLES MOVING,REAR END,STRAIGHT & LEVEL,DAYLIGHT,,,9/2/2021 7:19:13 AM,False,7619,Accepted,
28559118,0568000,LOUISVILLE METRO POLICE DEPT,Accepted,JEFFERSON,US0060A,,EASTERN,PKWY,,,CRITTENDEN,,,,,38.211661568,-85.751282869,4.069,8/24/2021 12:00:00 AM,0655,2,2,0,0,CLEAR,DRY,False,ANGLE COLLISION - OTHER,ANGLE,STRAIGHT & LEVEL,DAYLIGHT,,,8/25/2021 7:28:00 AM,False,5120,Accepted,
28559145,0568000,LOUISVILLE METRO POLICE DEPT,Accepted,JEFFERSON,KY0022,,BROWNSBORO,RD,,,SIMCOE,,,,,38.307929754,-85.574201727,3.976,8/24/2021 12:00:00 AM,1048,2,2,0,1,CLEAR,DRY,False,OPPOSING LEFT TURN,OPPOSING LEFT TURN,STRAIGHT & LEVEL,DAYLIGHT,,,8/25/2021 7:29:45 AM,False,7316,Accepted,
28559153,0568000,LOUISVILLE METRO POLICE DEPT,Accepted,JEFFERSON,,,CENTRAL,AVE,,,,,,,,38.203118786,-85.757124673,0.349,8/24/2021 12:00:00 AM,2318,2,2,0,0,CLEAR,DRY,True,SIDESWIPE COLLISION - SAME DIRECTION,SIDESWIPE-SAME DIRECTION,STRAIGHT & LEVEL,DARK-HWY LIGHTED/ON,,,8/25/2021 7:30:23 AM,False,7462,Accepted,
28559220,0561000,JEFFERSONTOWN POLICE DEPT,Accepted,JEFFERSON,I 0064,,I64 E,,,,,,,,,38.223632452,-85.536139117,17.330,8/24/2021 12:00:00 AM,0339,2,1,0,0,CLEAR,DRY,False,OTHER COLLISIONS ON SHOULDER,ANGLE,STRAIGHT & LEVEL,DARK-HWY LIGHTED/OFF,,,8/25/2021 7:04:58 AM,False,8320,Accepted,
28560147,0561500,UNIV. OF LOUISVILLE POLICE,Accepted,JEFFERSON,,2800,FLOYD,ST,S,,,,,,,38.206210209,-85.759456130,3.186,8/24/2021 12:00:00 AM,1553,5,5,0,0,CLEAR,DRY,False,COLLISION IN PARKING LOT,ANGLE,STRAIGHT & LEVEL,DAYLIGHT,,,8/25/2021 11:56:13 AM,False,5711,Accepted,
28559128,0568000,LOUISVILLE METRO POLICE DEPT,Accepted,JEFFERSON,,,CLARKS,LN,,,DELOR,,,,,38.215340039,-85.737136755,0.287,8/24/2021 12:00:00 AM,0938,2,2,0,0,CLEAR,DRY,False,ANGLE COLLISION - OTHER,ANGLE,STRAIGHT & LEVEL,DAYLIGHT,,,8/25/2021 7:28:38 AM,False,4693,Accepted,
28559136,0568000,LOUISVILLE METRO POLICE DEPT,Accepted,JEFFERSON,,,GARLAND,AVE,,,28TH,,,,,38.244962528,-85.799078151,1.760,8/24/2021 12:00:00 AM,1629,2,1,0,1,CLEAR,DRY,True,COLLISION WITH BICYCLE IN INTERSECTION,SINGLE VEHICLE,STRAIGHT & LEVEL,DAYLIGHT,,,8/25/2021 7:29:13 AM,False,5032,Accepted,
28559144,0568000,LOUISVILLE METRO POLICE DEPT,Accepted,JEFFERSON,I 0064,,I64 E,,,I 0064,I64 W EXIT19B RAMP TO I265 N,,,,,38.222620141,-85.505246955,18.989,8/24/2021 12:00:00 AM,0830,2,2,0,0,CLEAR,DRY,False,SIDESWIPE-SAME DIRECTION,SIDESWIPE-SAME DIRECTION,STRAIGHT & LEVEL,DAYLIGHT,,,8/25/2021 7:29:41 AM,False,7316,Accepted,
28554312,0568000,LOUISVILLE METRO POLICE DEPT,Accepted,JEFFERSON,US0060A,735,EASTERN,PKWY,,,,,,,,38.213431521,-85.745698811,4.408,8/24/2021 12:00:00 AM,0126,1,1,0,1,CLEAR,DRY,False,COLLISION WITH FIXED OBJECT NON - INTERSECTION - FIRST EVENT COLLISION 09 - 32 EXCLUDING 16,SINGLE VEHICLE,CURVE & LEVEL,DARK (UNKNOWN ROADWAY LIGHTING),,,8/24/2021 7:30:06 AM,False,5304,Accepted,
28554313,0568000,LOUISVILLE METRO POLICE DEPT,Accepted,JEFFERSON,,,MAIN,ST,W,US0150,22ND,,,,,38.260024562,-85.786720769,0.023,8/24/2021 12:00:00 AM,0505,1,1,0,1,CLEAR,DRY,False,COLLISION WITH FIXED OBJECT IN INTERSECTION - FIRST EVENT COLLISION 09 - 32,SINGLE VEHICLE,STRAIGHT & LEVEL,DARK-HWY LIGHTED/ON,,,8/24/2021 7:30:09 AM,False,5331,Accepted,
28558565,0565000,LYNDON POLICE DEPARTMENT,Accepted,JEFFERSON,KY1747,,HURSTBOURNE,PKWY,N,,WHIPPS MILL,,,,,38.274248490,-85.563566828,15.984,8/24/2021 12:00:00 AM,0910,1,1,0,0,CLEAR,DRY,False,COLLISION WITH FIXED OBJECT IN INTERSECTION - FIRST EVENT COLLISION 09 - 32,SINGLE VEHICLE,STRAIGHT & GRADE,DAYLIGHT,,,8/25/2021 1:47:34 AM,False,1349,Accepted,
28559116,0568000,LOUISVILLE METRO POLICE DEPT,Accepted,JEFFERSON,I 0065,,I65 S,,,I 0264,I264 E,,,,,38.191078877,-85.727790771,130.714,8/24/2021 12:00:00 AM,0813,1,1,0,1,CLEAR,DRY,False,OTHER INTERSECTION COLLISIONS,SINGLE VEHICLE,STRAIGHT & LEVEL,DAYLIGHT,,,8/25/2021 7:27:51 AM,False,5385,Accepted,
28652608,0568000,LOUISVILLE METRO POLICE DEPT,Accepted,JEFFERSON,,,MUHAMMAD ALI,BLVD,W,,,,,,,38.257462614,-85.813643419,3.351,8/24/2021 12:00:00 AM,1606,2,2,0,0,CLEAR,DRY,False,1 VEHICLE ENTERING/LEAVING ENTRANCE,ANGLE,STRAIGHT & LEVEL,DAYLIGHT,,,9/13/2021 8:29:09 AM,False,7469,Accepted,
28563381,0568000,LOUISVILLE METRO POLICE DEPT,Accepted,JEFFERSON,I 0264,,I264 W,,,,,,,,,38.217256406,-85.822385707,4.406,8/24/2021 12:00:00 AM,1626,2,2,0,0,CLEAR,DRY,False,1 VEHICLE PARKED POSITION (NOT PARKING LOT/DRIVEWAY),SIDESWIPE-SAME DIRECTION,STRAIGHT & GRADE,DAYLIGHT,,,8/26/2021 7:18:46 AM,False,8278,Accepted,
28559133,0568000,LOUISVILLE METRO POLICE DEPT,Accepted,JEFFERSON,KY1931,,GREENWOOD,RD,,,,,,,,38.144357740,-85.857926124,2.015,8/24/2021 12:00:00 AM,1729,2,2,0,0,CLEAR,DRY,False,SIDESWIPE COLLISION - SAME DIRECTION,SIDESWIPE-SAME DIRECTION,STRAIGHT & LEVEL,DAYLIGHT,,,8/25/2021 7:28:58 AM,False,7244,Accepted,
28559134,0568000,LOUISVILLE METRO POLICE DEPT,Accepted,JEFFERSON,I 0065,,I65 S,,,,,,,,,38.242030816,-85.752903059,135.000,8/24/2021 12:00:00 AM,1144,2,2,0,0,CLOUDY,DRY,False,REAR END IN TRAFFIC LANES BOTH VEHICLES MOVING,REAR END,STRAIGHT & LEVEL,DAYLIGHT,,,8/25/2021 7:29:02 AM,False,7751,Accepted,
28559142,0568000,LOUISVILLE METRO POLICE DEPT,Accepted,JEFFERSON,,,DEERING,RD,,,SHERATON,,,,,38.089013759,-85.869101425,1.394,8/24/2021 12:00:00 AM,1608,2,2,0,0,CLEAR,DRY,False,ANGLE COLLISION - OTHER,ANGLE,STRAIGHT & LEVEL,DAYLIGHT,,,8/25/2021 7:29:34 AM,False,7234,Accepted,
28559143,0568000,LOUISVILLE METRO POLICE DEPT,Accepted,JEFFERSON,KY1020,,SOUTHSIDE,DR,,,STEEDLY,,,,,38.165660644,-85.764804609,6.585,8/24/2021 12:00:00 AM,1729,2,2,0,0,CLEAR,DRY,False,ANGLE COLLISION - OTHER,ANGLE,STRAIGHT & LEVEL,DAYLIGHT,,,8/25/2021 7:29:38 AM,False,7234,Accepted,
28559150,0568000,LOUISVILLE METRO POLICE DEPT,Accepted,JEFFERSON,,,4TH,ST,S,,,,,,,38.221428193,-85.762718923,2.451,8/24/2021 12:00:00 AM,1945,2,2,0,0,CLEAR,DRY,False,1 VEHICLE ENTERING/LEAVING ENTRANCE,ANGLE,STRAIGHT & LEVEL,DAYLIGHT,,,8/25/2021 7:30:02 AM,False,7360,Accepted,
28559152,0568000,LOUISVILLE METRO POLICE DEPT,Accepted,JEFFERSON,,3724,CRAIG,AVE,,,,,,,,38.190123822,-85.790096889,0.391,8/24/2021 12:00:00 AM,1659,2,2,0,0,CLEAR,DRY,False,1 VEHICLE PARKED POSITION (NOT PARKING LOT/DRIVEWAY),BACKING,STRAIGHT & LEVEL,DAYLIGHT,,,8/25/2021 7:30:12 AM,False,5221,Accepted,
28559158,0568000,LOUISVILLE METRO POLICE DEPT,Accepted,JEFFERSON,,,UPPER HUNTERS,TRCE,,,GRASTON,,,,,38.168275835,-85.835320886,0.376,8/24/2021 12:00:00 AM,2016,2,2,0,0,CLEAR,DRY,False,OPPOSING LEFT TURN,OPPOSING LEFT TURN,STRAIGHT & LEVEL,DAYLIGHT,,,8/25/2021 7:31:45 AM,False,7365,Accepted,
28559159,0568000,LOUISVILLE METRO POLICE DEPT,Accepted,JEFFERSON,KY2251,,BARDSTOWN,RD,,,BUECHEL BANK,,,,,38.192169129,-85.647108434,0.199,8/24/2021 12:00:00 AM,2122,3,3,0,0,CLEAR,DRY,True,OTHER INTERSECTION COLLISIONS,REAR END,STRAIGHT & LEVEL,DARK-HWY LIGHTED/ON,,,8/25/2021 7:31:49 AM,False,5363,Accepted,
28577436,0568000,LOUISVILLE METRO POLICE DEPT,Accepted,JEFFERSON,,,CENTRAL,AVE,,KY1020,3RD,,,,,38.204746204,-85.763950539,0.350,8/24/2021 12:00:00 AM,1357,2,2,0,1,CLEAR,DRY,False,ANGLE COLLISION - OTHER,ANGLE,STRAIGHT & LEVEL,DAYLIGHT,,,8/30/2021 8:44:52 AM,False,7471,Accepted,
28590286,0568000,LOUISVILLE METRO POLICE DEPT,Accepted,JEFFERSON,,,ZORN,AVE,,,RIVER,,,,,38.277443743,-85.699149802,1.751,8/23/2021 12:00:00 AM,2358,2,2,0,0,CLEAR,DRY,False,VEHICLE BACKING IN INTERSECTION,BACKING,STRAIGHT & LEVEL,DARK-HWY LIGHTED/ON,,,9/2/2021 7:22:03 AM,False,2103,Accepted,
28731682,0568000,LOUISVILLE METRO POLICE DEPT,Accepted,JEFFERSON,,,BUECHEL BANK,RD,,,,,,,,38.189924814,-85.647760268,0.169,8/23/2021 12:00:00 AM,0659,2,2,0,0,CLEAR,DRY,False,REAR END IN TRAFFIC LANES BOTH VEHICLES MOVING,REAR END,STRAIGHT & LEVEL,DAWN,,,9/28/2021 8:14:03 AM,False,5153,Accepted,
28559117,0568000,LOUISVILLE METRO POLICE DEPT,Accepted,JEFFERSON,US0060A,,EASTERN,PKWY,,,BRADLEY,,,,,38.212471983,-85.747088058,4.281,8/23/2021 12:00:00 AM,1526,2,2,0,1,CLEAR,DRY,True,ANGLE COLLISION - ONE VEHICLE TURNING LEFT,ANGLE,STRAIGHT & LEVEL,DAYLIGHT,,,8/25/2021 7:27:54 AM,False,5120,Accepted,
28551006,0568000,LOUISVILLE METRO POLICE DEPT,Accepted,JEFFERSON,KY1747,,HURSTBOURNE,PKWY,S,KY6159,BLUEGRASS PKWY ACCESS,,,,,38.220197660,-85.581523692,11.638,8/23/2021 12:00:00 AM,0935,2,2,0,0,CLEAR,DRY,False,SIDESWIPE-SAME DIRECTION,SIDESWIPE-SAME DIRECTION,STRAIGHT & LEVEL,DAYLIGHT,,,8/23/2021 11:54:30 AM,False,2013,Accepted,
28551005,0568000,LOUISVILLE METRO POLICE DEPT,Accepted,JEFFERSON,KY1934,,CANE RUN,RD,,,,,CLARINET,,MARGEE,38.192392741,-85.846626192,8.485,8/23/2021 12:00:00 AM,0830,2,2,0,3,CLEAR,DRY,False,HEAD-ON COLLISION,HEAD ON,STRAIGHT & LEVEL,DAYLIGHT,,,8/23/2021 11:54:20 AM,False,7467,Accepted,
28554287,0568000,LOUISVILLE METRO POLICE DEPT,Accepted,JEFFERSON,US0031E,,MAIN,ST,W,US0031W,2ND,,,,,38.256222080,-85.753219441,17.881,8/23/2021 12:00:00 AM,1229,2,1,0,1,CLOUDY,DRY,False,COLLISION WITH BICYCLE IN INTERSECTION,SINGLE VEHICLE,STRAIGHT & LEVEL,DAYLIGHT,,,8/24/2021 7:28:34 AM,False,7937,Accepted,
28554296,0568000,LOUISVILLE METRO POLICE DEPT,Accepted,JEFFERSON,KY1020,,NATIONAL,TPKE,,,ENTERPRISE,,,,,38.147407429,-85.759451998,5.180,8/23/2021 12:00:00 AM,1720,2,2,0,2,CLEAR,DRY,True,OTHER INTERSECTION COLLISIONS,REAR END,STRAIGHT & LEVEL,DAYLIGHT,,,8/24/2021 7:29:08 AM,False,7263,Accepted,
28554303,0568000,LOUISVILLE METRO POLICE DEPT,Accepted,JEFFERSON,I 0265,,,,,,,,,,,38.145120500,-85.547038189,0.279,8/23/2021 12:00:00 AM,1849,1,1,0,1,CLEAR,DRY,False,COLLISION WITH FIXED OBJECT NOT IN GORE ,SINGLE VEHICLE,CURVE & GRADE,DAYLIGHT,I 0265,KY1819,8/24/2021 7:29:34 AM,False,2321,Accepted,
28554305,0568000,LOUISVILLE METRO POLICE DEPT,Accepted,JEFFERSON,,,WELLINGTON,AVE,W,,3RD,,,,,38.183911452,-85.765806950,0.098,8/23/2021 12:00:00 AM,1456,2,2,0,0,CLEAR,DRY,True,ANGLE COLLISION - OTHER,ANGLE,STRAIGHT & LEVEL,DAYLIGHT,,,8/24/2021 7:29:41 AM,False,5221,Accepted,
28554306,0568000,LOUISVILLE METRO POLICE DEPT,Accepted,JEFFERSON,I 0265,,I265 E,,,,,I 0265,I265 E EXIT12 OFF RAMP TO KY61,I 0265,I265 E EXIT12 ON RAMP FROM KY61 S,38.110300274,-85.676254465,11.673,8/23/2021 12:00:00 AM,1631,2,2,0,0,CLOUDY,DRY,False,OTHER ROADWAY OR MID-BLOCK COLLISION,REAR END,CURVE & LEVEL,DAYLIGHT,,,8/24/2021 7:29:44 AM,False,2324,Accepted,
28554311,0568000,LOUISVILLE METRO POLICE DEPT,Accepted,JEFFERSON,,,SOUTHERN,PKWY,,,WOODLAWN,,,,,38.181856712,-85.768407678,0.003,8/23/2021 12:00:00 AM,2325,2,2,0,1,CLEAR,DRY,False,OTHER INTERSECTION COLLISIONS,REAR END,STRAIGHT & LEVEL,DARK-HWY LIGHTED/ON,,,8/24/2021 7:30:02 AM,False,5245,Accepted,
28563429,0568000,LOUISVILLE METRO POLICE DEPT,Accepted,JEFFERSON,KY0864,,GOSS,AVE,,,,,,,,38.226472155,-85.734231598,13.994,8/23/2021 12:00:00 AM,0144,4,4,0,0,CLEAR,FLOODED,False,1 VEHICLE PARKED POSITION (NOT PARKING LOT/DRIVEWAY),REAR TO REAR,STRAIGHT & LEVEL,DARK-HWY LIGHTED/ON,,,8/26/2021 7:20:24 AM,False,5373,Accepted,
28683774,0568000,LOUISVILLE METRO POLICE DEPT,Accepted,JEFFERSON,KY1065,,OUTER,LOOP,,KY6162,MINOR,,,,,38.136519054,-85.713375072,4.573,8/23/2021 12:00:00 AM,1820,2,2,0,1,CLOUDY,DRY,True,ANGLE COLLISION - OTHER,ANGLE,STRAIGHT & LEVEL,DAYLIGHT,,,9/21/2021 8:18:41 AM,False,2583,Accepted,
28559121,0568000,LOUISVILLE METRO POLICE DEPT,Accepted,JEFFERSON,,,BROADWAY,,W,,29TH,,,,,38.249641281,-85.799989909,0.636,8/23/2021 12:00:00 AM,0908,2,2,0,0,CLEAR,DRY,False,ANGLE COLLISION - OTHER,ANGLE,STRAIGHT & LEVEL,DAYLIGHT,,,8/25/2021 7:28:23 AM,False,5251,Accepted,
28552238,0560300,ST. MATTHEWS POLICE DEPARTMENT,Accepted,JEFFERSON,I 0064,,I64 W,,,,,,,,,38.236125393,-85.645872278,11.001,8/23/2021 12:00:00 AM,1202,2,2,0,0,CLEAR,DRY,False,SIDESWIPE COLLISION - SAME DIRECTION,SIDESWIPE-SAME DIRECTION,STRAIGHT & GRADE,DAYLIGHT,,,8/23/2021 4:41:33 PM,True,9150,Accepted,
28554310,0568000,LOUISVILLE METRO POLICE DEPT,Accepted,JEFFERSON,US0031W,,DIXIE,HWY,,,COFER,,,,,38.137486433,-85.843238098,11.155,8/23/2021 12:00:00 AM,2057,2,2,0,1,CLEAR,DRY,False,OPPOSING LEFT TURN,OPPOSING LEFT TURN,STRAIGHT & LEVEL,DARK-HWY LIGHTED/ON,,,8/24/2021 7:29:59 AM,False,7166,Accepted,
28554291,0568000,LOUISVILLE METRO POLICE DEPT,Accepted,JEFFERSON,US0031W,15005,DIXIE,HWY,,,,,,,,38.031975924,-85.914021763,2.686,8/23/2021 12:00:00 AM,1157,2,2,0,0,CLEAR,DRY,True,SIDESWIPE COLLISION - SAME DIRECTION,SIDESWIPE-SAME DIRECTION,STRAIGHT & HILLCREST,DAYLIGHT,,,8/24/2021 7:28:49 AM,False,2936,Accepted,
28554292,0568000,LOUISVILLE METRO POLICE DEPT,Accepted,JEFFERSON,KY2052,5600,SHEPHERDSVILLE,RD,,,,,,,,38.167657087,-85.661377951,1.685,8/23/2021 12:00:00 AM,1055,2,2,0,0,CLEAR,DRY,False,COLLISION IN PARKING LOT,ANGLE,STRAIGHT & LEVEL,DAYLIGHT,,,8/24/2021 7:28:53 AM,False,4693,Accepted,
28554293,0568000,LOUISVILLE METRO POLICE DEPT,Accepted,JEFFERSON,KY0061,,PRESTON,HWY,,,,,,,,38.127390349,-85.680666991,3.137,8/23/2021 12:00:00 AM,1401,2,2,0,1,CLEAR,DRY,False,REAR END IN TRAFFIC LANES BOTH VEHICLES MOVING,REAR END,STRAIGHT & LEVEL,DAYLIGHT,,,8/24/2021 7:28:56 AM,False,4693,Accepted,
28554299,0568000,LOUISVILLE METRO POLICE DEPT,Accepted,JEFFERSON,KY1020,,2ND,ST,S,,JEFFERSON,,,,,38.253580585,-85.753687395,12.634,8/23/2021 12:00:00 AM,1756,2,2,0,0,CLOUDY,DRY,False,OTHER INTERSECTION COLLISIONS,REAR END,STRAIGHT & LEVEL,DAYLIGHT,,,8/24/2021 7:29:20 AM,False,7937,Accepted,
28554300,0568000,LOUISVILLE METRO POLICE DEPT,Accepted,JEFFERSON,US0031E,,BARDSTOWN,RD,,,SPEED,,,,,38.228518336,-85.701170699,14.117,8/23/2021 12:00:00 AM,1653,2,2,0,0,CLEAR,DRY,False,ANGLE COLLISION - OTHER,ANGLE,STRAIGHT & LEVEL,DAYLIGHT,,,8/24/2021 7:29:23 AM,False,7740,Accepted,
28554301,0568000,LOUISVILLE METRO POLICE DEPT,Accepted,JEFFERSON,,,OAK,ST,W,,26TH,,,,,38.237774841,-85.796224220,2.242,8/23/2021 12:00:00 AM,1731,2,2,0,0,CLEAR,DRY,True,OTHER INTERSECTION COLLISIONS,REAR END,CURVE & LEVEL,DAYLIGHT,,,8/24/2021 7:29:27 AM,False,5032,Accepted,
28551007,0568000,LOUISVILLE METRO POLICE DEPT,Accepted,JEFFERSON,,3804,SPRINGHURST,BLVD,,,,,,,,38.304892406,-85.563731260,0.906,8/23/2021 12:00:00 AM,1030,2,2,0,0,CLEAR,DRY,False,COLLISION IN PARKING LOT,BACKING,STRAIGHT & LEVEL,DAYLIGHT,,,8/23/2021 11:54:34 AM,False,7005,Accepted,
28554302,0568000,LOUISVILLE METRO POLICE DEPT,Accepted,JEFFERSON,KY1447,,WESTPORT,RD,,,MURPHY,,,,,38.302034072,-85.532564733,7.560,8/23/2021 12:00:00 AM,1405,2,2,0,0,CLEAR,DRY,False,OPPOSING LEFT TURN,OPPOSING LEFT TURN,STRAIGHT & LEVEL,DAYLIGHT,,,8/24/2021 7:29:31 AM,False,7316,Accepted,
28554308,0568000,LOUISVILLE METRO POLICE DEPT,Accepted,JEFFERSON,,,FINZER,ST,,KY0061,PRESTON,,,,,38.244242118,-85.747715218,,8/23/2021 12:00:00 AM,2015,3,3,0,2,CLEAR,DRY,False,COLLISION WITH PARKED VEHICLE,SIDESWIPE-SAME DIRECTION,STRAIGHT & LEVEL,DAYLIGHT,,,8/24/2021 7:29:51 AM,False,5249,Accepted,
28577465,0568000,LOUISVILLE METRO POLICE DEPT,Accepted,JEFFERSON,I 0064,,I64 W,,,I 0064,I64 W EXIT4 OFF RAMP TO  JEFFERSON ST,,,,,38.258641350,-85.763791012,3.906,8/23/2021 12:00:00 AM,2142,2,2,0,0,CLEAR,DRY,False,COLLISION WITH PARKED VEHICLE,REAR END,STRAIGHT & LEVEL,DARK-HWY LIGHTED/ON,,,8/30/2021 8:46:59 AM,False,2103,Accepted,
28582443,0561500,UNIV. OF LOUISVILLE POLICE,Accepted,JEFFERSON,US0031E,100,MAIN,ST,E,,,,,,,38.256049943,-85.751360893,17.778,8/23/2021 12:00:00 AM,1700,1,1,0,0,CLEAR,DRY,False,COLLISION IN PARKING LOT,SINGLE VEHICLE,STRAIGHT & GRADE,DAYLIGHT,,,8/31/2021 11:40:28 AM,False,5706,Accepted,
28577564,0568000,LOUISVILLE METRO POLICE DEPT,Accepted,JEFFERSON,I 0065,,I65 N,,,,,,,,,38.090796519,-85.700840290,123.490,8/22/2021 12:00:00 AM,0917,3,3,2,2,CLEAR,DRY,False,1 VEHICLE PARKED POSITION (NOT PARKING LOT/DRIVEWAY),REAR END,STRAIGHT & LEVEL,DAYLIGHT,,,8/30/2021 8:53:37 AM,False,7628,Accepted,
28574338,KSP0500,KY STATE POLICE POST 05,Accepted,JEFFERSON,,,KFEC GATE4 DR,,,,,,,,,38.204103271,-85.747938464,0.193,8/22/2021 12:00:00 AM,1030,2,2,0,0,CLEAR,DRY,False,SIDESWIPE COLLISION - SAME DIRECTION,SIDESWIPE-SAME DIRECTION,STRAIGHT & LEVEL,DAYLIGHT,,,8/29/2021 9:35:36 AM,False,539,Accepted,
28563369,0568000,LOUISVILLE METRO POLICE DEPT,Accepted,JEFFERSON,,,CHESTNUT,ST,W,KY1020,3RD,,,,,38.248763385,-85.756224018,2.455,8/22/2021 12:00:00 AM,1707,2,2,0,1,CLEAR,DRY,False,ANGLE COLLISION - OTHER,ANGLE,STRAIGHT & LEVEL,DAYLIGHT,,,8/26/2021 7:18:24 AM,False,5187,Accepted,
28559112,0566900,LOUISVILLE AIRPORT POLICE,Accepted,JEFFERSON,,600,TERMINAL,DR,,,,,,,,38.186306158,-85.741718687,0.300,8/22/2021 12:00:00 AM,0512,2,2,0,0,CLEAR,DRY,False,1 VEHICLE PARKED POSITION (NOT PARKING LOT/DRIVEWAY),REAR END,STRAIGHT & LEVEL,DARK-HWY LIGHTED/ON,,,8/25/2021 7:27:45 AM,False,5870,Accepted,
28563391,0568000,LOUISVILLE METRO POLICE DEPT,Accepted,JEFFERSON,,3200,BROWNSBORO,RD,,,,,,,,38.280541892,-85.633586979,0.009,8/22/2021 12:00:00 AM,1045,3,3,0,0,CLEAR,DRY,False,SIDESWIPE COLLISION - SAME DIRECTION,SIDESWIPE-SAME DIRECTION,STRAIGHT & LEVEL,DAYLIGHT,,,8/26/2021 7:19:09 AM,False,2738,Accepted,
28549797,0568000,LOUISVILLE METRO POLICE DEPT,Accepted,JEFFERSON,,6611,ASTRAL,DR,,,,,,,,38.156575231,-85.855900956,0.491,8/22/2021 12:00:00 AM,0015,1,1,0,1,CLEAR,DRY,False,RAN OFF ROADWAY (1 VEHICLE WITH/EARTH EMBANKMENT/DITCH),SINGLE VEHICLE,STRAIGHT & LEVEL,DARK-HWY NOT LIGHTED,,,8/23/2021 7:35:37 AM,False,5212,Accepted,
28549822,0568000,LOUISVILLE METRO POLICE DEPT,Accepted,JEFFERSON,,,OAK,ST,W,,4TH,,,,,38.235017197,-85.760320970,0.273,8/22/2021 12:00:00 AM,2340,2,2,0,0,CLEAR,DRY,True,ANGLE COLLISION - OTHER,ANGLE,STRAIGHT & LEVEL,DARK-HWY LIGHTED/ON,,,8/23/2021 7:36:53 AM,False,5236,Accepted,