IncidentID,AgencyORI,AgencyName,IncidentStatusDesc,County,RdwyNumber,Street,RoadwayName,StreetSfx,StreetDir,IntersectionRdwy,IntersectionRdwyName,BetweenStRdwy1,BetweenStRdwyName1,BetweenStRdwy2,BetweenStRdwyName2,Latitude,Longitude,Milepoint,CollisionDate,CollisionTime,UnitsInvolved,MotorVehiclesInvolved,NumberKilled,NumberInjured,Weather,RdwyConditionCode,HitandRun,DirAnalysisCode,MannerofCollision,RdwyCharacter,LightCondition,RampFromRdwyId,RampToRdwyId,AcceptedDate,IsSecondaryCollision,OwnerBadge,IncidentStatus,
28549823,0568000,LOUISVILLE METRO POLICE DEPT,Accepted,JEFFERSON,KY0061,,PRESTON,HWY,,,INDIAN,,,,,38.169680600,-85.707530908,6.421,8/22/2021 12:00:00 AM,2120,2,2,0,1,CLEAR,DRY,False,OPPOSING LEFT TURN,OPPOSING LEFT TURN,STRAIGHT & LEVEL,DARK-HWY LIGHTED/ON,,,8/23/2021 7:36:56 AM,False,5189,Accepted,
28551001,0568000,LOUISVILLE METRO POLICE DEPT,Accepted,JEFFERSON,,,COOPER CHAPEL,RD,,,PRESTON CROSSING,,,,,38.103943836,-85.670266200,0.114,8/22/2021 12:00:00 AM,1906,2,2,0,0,CLEAR,DRY,False,SIDESWIPE-SAME DIRECTION,SIDESWIPE-SAME DIRECTION,STRAIGHT & LEVEL,DAYLIGHT,,,8/23/2021 11:53:50 AM,False,5138,Accepted,
28549813,0568000,LOUISVILLE METRO POLICE DEPT,Accepted,JEFFERSON,I 0065,,I65 S,,,,,,,,,38.220448572,-85.751664023,133.478,8/22/2021 12:00:00 AM,1158,2,2,0,0,CLEAR,DRY,False,SIDESWIPE COLLISION - SAME DIRECTION,SIDESWIPE-SAME DIRECTION,STRAIGHT & LEVEL,DAYLIGHT,,,8/23/2021 7:36:23 AM,False,5175,Accepted,
28549814,0568000,LOUISVILLE METRO POLICE DEPT,Accepted,JEFFERSON,US0031W,,DIXIE,HWY,,,LOWER HUNTERS,,,,,38.156055193,-85.834605913,12.433,8/22/2021 12:00:00 AM,1529,2,2,0,2,CLEAR,DRY,False,ANGLE COLLISION - OTHER,ANGLE,STRAIGHT & LEVEL,DAYLIGHT,,,8/23/2021 7:36:27 AM,False,7340,Accepted,
28549815,0568000,LOUISVILLE METRO POLICE DEPT,Accepted,JEFFERSON,KY1865,,TAYLOR,BLVD,,,,,,,,38.183068429,-85.783761856,5.288,8/22/2021 12:00:00 AM,1917,1,1,0,0,CLEAR,DRY,True,COLLISION WITH FIXED OBJECT NON - INTERSECTION - FIRST EVENT COLLISION 09 - 32 EXCLUDING 16,SINGLE VEHICLE,CURVE & LEVEL,DAYLIGHT,,,8/23/2021 7:36:31 AM,False,7376,Accepted,
28549804,0568000,LOUISVILLE METRO POLICE DEPT,Accepted,JEFFERSON,,,MADISON,ST,W,US0031W,DR W J HODGE,,,,,38.253153262,-85.785817554,0.726,8/22/2021 12:00:00 AM,0152,1,1,0,0,CLEAR,DRY,False,COLLISION WITH FIXED OBJECT IN INTERSECTION - FIRST EVENT COLLISION 09 - 32,SINGLE VEHICLE,STRAIGHT & LEVEL,DARK-HWY LIGHTED/ON,,,8/23/2021 7:35:57 AM,False,5021,Accepted,
28607848,0568000,LOUISVILLE METRO POLICE DEPT,Accepted,JEFFERSON,KY0864,,SHELBY,ST,S,KY0864,GOSS,,,,,38.230801666,-85.741913811,14.523,8/22/2021 12:00:00 AM,1517,1,1,0,0,CLEAR,DRY,True,COLLISION WITH FIXED OBJECT IN INTERSECTION - FIRST EVENT COLLISION 09 - 32,SINGLE VEHICLE,STRAIGHT & LEVEL,DAYLIGHT,,,9/7/2021 8:41:27 AM,False,2745,Accepted,
28549817,0568000,LOUISVILLE METRO POLICE DEPT,Accepted,JEFFERSON,US0060A,,EASTERN,PKWY,,KY1703,BAXTER,,,,,38.228863814,-85.715392740,6.433,8/22/2021 12:00:00 AM,1926,2,2,0,0,CLEAR,DRY,False,OTHER INTERSECTION COLLISIONS,REAR END,STRAIGHT & LEVEL,DAYLIGHT,,,8/23/2021 7:36:37 AM,False,7049,Accepted,
28549818,0568000,LOUISVILLE METRO POLICE DEPT,Accepted,JEFFERSON,KY1065,4808,OUTER,LOOP,,,,,,,,38.138187484,-85.675255576,6.706,8/22/2021 12:00:00 AM,2116,2,2,0,1,CLEAR,DRY,False,REAR END IN TRAFFIC LANES BOTH VEHICLES MOVING,REAR END,STRAIGHT & LEVEL,DARK-HWY LIGHTED/ON,,,8/23/2021 7:36:40 AM,False,7100,Accepted,
28549824,0568000,LOUISVILLE METRO POLICE DEPT,Accepted,JEFFERSON,,4517,BEECHBROOK,RD,,,,,,,,38.183303960,-85.641411391,0.178,8/22/2021 12:00:00 AM,2201,1,1,0,0,CLEAR,DRY,False,COLLISION WITH FIXED OBJECT NON - INTERSECTION - FIRST EVENT COLLISION 09 - 32 EXCLUDING 16,SINGLE VEHICLE,STRAIGHT & LEVEL,DUSK,,,8/23/2021 7:36:59 AM,False,5305,Accepted,
28549794,0568000,LOUISVILLE METRO POLICE DEPT,Accepted,JEFFERSON,,,MORNING GLORY,LN,,,,,,,,38.135524775,-85.862595749,0.430,8/22/2021 12:00:00 AM,0102,2,2,0,1,CLEAR,DRY,False,1 VEHICLE ENTERING/LEAVING ENTRANCE,ANGLE,STRAIGHT & LEVEL,DARK-HWY LIGHTED/ON,,,8/23/2021 7:35:28 AM,False,7992,Accepted,
28549809,0568000,LOUISVILLE METRO POLICE DEPT,Accepted,JEFFERSON,,,PAGES,LN,E,,WOODDALE,,,,,38.125091174,-85.842614783,0.472,8/22/2021 12:00:00 AM,1316,2,2,0,0,CLEAR,DRY,False,ANGLE COLLISION - OTHER,ANGLE,STRAIGHT & LEVEL,DAYLIGHT,,,8/23/2021 7:36:11 AM,False,6318,Accepted,
28549810,0568000,LOUISVILLE METRO POLICE DEPT,Accepted,JEFFERSON,,6906,LAKEGREEN,CT,,,,,,,,38.146179352,-85.578719185,0.023,8/22/2021 12:00:00 AM,1750,2,2,0,0,CLEAR,DRY,False,1 VEHICLE PARKED POSITION (NOT PARKING LOT/DRIVEWAY),ANGLE,STRAIGHT & LEVEL,DAYLIGHT,,,8/23/2021 7:36:14 AM,False,7486,Accepted,
28549811,0568000,LOUISVILLE METRO POLICE DEPT,Accepted,JEFFERSON,,,POPE LICK,RD,S,,,,REHL,,REHL,38.205270711,-85.491156090,1.289,8/22/2021 12:00:00 AM,0840,1,1,0,1,CLEAR,DRY,False,COLLISION WITH FIXED OBJECT NON - INTERSECTION - FIRST EVENT COLLISION 09 - 32 EXCLUDING 16,SINGLE VEHICLE,CURVE & LEVEL,DAYLIGHT,,,8/23/2021 7:36:17 AM,False,7876,Accepted,
28586227,0568000,LOUISVILLE METRO POLICE DEPT,Accepted,JEFFERSON,,760,HANCOCK,ST,S,,,,,,,38.242455690,-85.743998564,0.874,8/22/2021 12:00:00 AM,0103,4,4,0,0,CLEAR,,True,OTHER ROADWAY OR MID-BLOCK COLLISION,OPPOSING LEFT TURN,STRAIGHT & LEVEL,DARK-HWY LIGHTED/ON,,,9/1/2021 9:13:17 AM,False,5236,Accepted,
28567984,0568000,LOUISVILLE METRO POLICE DEPT,Accepted,JEFFERSON,I 0064,.6,I64 W,,,,,,,,,38.277195409,-85.807817507,1.097,8/22/2021 12:00:00 AM,2252,3,3,0,1,CLEAR,DRY,False,SIDESWIPE COLLISION - SAME DIRECTION,SIDESWIPE-SAME DIRECTION,STRAIGHT & LEVEL,DARK-HWY LIGHTED/ON,,,8/27/2021 7:26:07 AM,False,5039,Accepted,
28563389,0568000,LOUISVILLE METRO POLICE DEPT,Accepted,JEFFERSON,US0031E,,BARDSTOWN,RD,,KY1065,SEATONVILLE,,,,,38.150337394,-85.587465509,5.590,8/21/2021 12:00:00 AM,1224,2,2,0,1,CLEAR,DRY,False,SIDESWIPE-SAME DIRECTION,SIDESWIPE-SAME DIRECTION,STRAIGHT & LEVEL,DAYLIGHT,,,8/26/2021 7:19:05 AM,False,7486,Accepted,
28567957,0568000,LOUISVILLE METRO POLICE DEPT,Accepted,JEFFERSON,KY0841,,GENE SNYDER,FWY,,,,,,,,38.317505459,-85.593991634,35.410,8/21/2021 12:00:00 AM,1700,2,2,0,1,CLEAR,DRY,False,REAR END IN TRAFFIC LANES BOTH VEHICLES MOVING,REAR END,STRAIGHT & LEVEL,DAYLIGHT,,,8/27/2021 7:24:49 AM,False,7713,Accepted,
28607817,0568000,LOUISVILLE METRO POLICE DEPT,Accepted,JEFFERSON,KY1865,,TAYLOR,BLVD,,,ASHLAND,,,,,38.187962403,-85.783415210,5.571,8/21/2021 12:00:00 AM,2311,3,3,0,0,CLEAR,DRY,False,OTHER INTERSECTION COLLISIONS,REAR END,STRAIGHT & LEVEL,DUSK,,,9/7/2021 8:39:45 AM,False,5342,Accepted,
28549802,0568000,LOUISVILLE METRO POLICE DEPT,Accepted,JEFFERSON,,,BROADWAY,,W,US0031W,22ND,,,,,38.249243958,-85.788203305,0.002,8/21/2021 12:00:00 AM,0012,3,3,0,2,CLEAR,DRY,False,ANGLE COLLISION - OTHER,ANGLE,STRAIGHT & LEVEL,DARK-HWY LIGHTED/ON,,,8/23/2021 7:35:51 AM,False,5021,Accepted,
28549708,0566700,MIDDLETOWN POLICE DEPARTMENT,Accepted,JEFFERSON,US0060,,SHELBYVILLE,RD,,,BECKLEY WOODS,,,,,38.241582162,-85.498524264,12.294,8/21/2021 12:00:00 AM,1615,2,2,0,0,CLEAR,DRY,False,OTHER INTERSECTION COLLISIONS,REAR END,STRAIGHT & LEVEL,DAYLIGHT,,,8/23/2021 7:25:02 AM,False,2013,Accepted,
28547243,0560300,ST. MATTHEWS POLICE DEPARTMENT,Accepted,JEFFERSON,I 0264,,,,,,,,,,,38.249613898,-85.621702443,0.075,8/21/2021 12:00:00 AM,0315,1,1,0,1,CLEAR,DRY,False,OVERTURNED ON RAMP,SINGLE VEHICLE,CURVE & HILLCREST,DARK-HWY LIGHTED/ON,US0060,I 0264,8/22/2021 1:17:50 PM,False,9155,Accepted,
28549785,0568000,LOUISVILLE METRO POLICE DEPT,Accepted,JEFFERSON,KY1931,6917,MANSLICK,RD,,,,,,,,38.159298566,-85.798155536,5.825,8/21/2021 12:00:00 AM,1602,3,3,0,2,CLEAR,DRY,False,1 VEHICLE ENTERING/LEAVING ENTRANCE,ANGLE,CURVE & HILLCREST,DAYLIGHT,,,8/23/2021 7:35:01 AM,False,7339,Accepted,
28549786,0568000,LOUISVILLE METRO POLICE DEPT,Accepted,JEFFERSON,US0031W,,DIXIE,HWY,,,BLANTON,,,,,38.157377522,-85.833942957,12.527,8/21/2021 12:00:00 AM,1300,2,2,0,0,CLEAR,DRY,False,ANGLE COLLISION - OTHER,ANGLE,STRAIGHT & LEVEL,DAYLIGHT,,,8/23/2021 7:35:05 AM,False,7339,Accepted,
28549792,0568000,LOUISVILLE METRO POLICE DEPT,Accepted,JEFFERSON,,4414,LONSDALE,AVE,,,,,,,,38.174976416,-85.786369914,0.308,8/21/2021 12:00:00 AM,2100,2,2,0,0,CLEAR,DRY,False,1 VEHICLE PARKED POSITION (NOT PARKING LOT/DRIVEWAY),REAR END,STRAIGHT & LEVEL,DARK-HWY LIGHTED/OFF,,,8/23/2021 7:35:21 AM,False,7560,Accepted,
28549782,0568000,LOUISVILLE METRO POLICE DEPT,Accepted,JEFFERSON,US0031E,,BARDSTOWN,RD,,US0031E,BAXTER,,,,,38.240087369,-85.723966436,15.632,8/21/2021 12:00:00 AM,1330,2,2,0,0,CLEAR,DRY,False,ANGLE COLLISION - OTHER,ANGLE,STRAIGHT & LEVEL,DAYLIGHT,,,8/23/2021 7:34:51 AM,False,7793,Accepted,
28549784,0568000,LOUISVILLE METRO POLICE DEPT,Accepted,JEFFERSON,KY1065,,OUTER,LOOP,,,,,NOLTEMEYER WYNDE,,LAMBERT,38.138139761,-85.677669573,6.555,8/21/2021 12:00:00 AM,1411,2,2,0,2,CLEAR,DRY,False,1 VEHICLE ENTERING/LEAVING ENTRANCE,ANGLE,STRAIGHT & LEVEL,DAYLIGHT,,,8/23/2021 7:34:57 AM,False,7838,Accepted,
28549791,0568000,LOUISVILLE METRO POLICE DEPT,Accepted,JEFFERSON,,,44TH,ST,S,,ELLIOTT,,,,,38.252881216,-85.825153930,0.368,8/21/2021 12:00:00 AM,1912,2,2,0,0,CLEAR,DRY,False,VEHICLE BACKING IN INTERSECTION,BACKING,STRAIGHT & LEVEL,DAYLIGHT,,,8/23/2021 7:35:18 AM,False,5285,Accepted,
28549767,0568000,LOUISVILLE METRO POLICE DEPT,Accepted,JEFFERSON,,4707,INDIAN,TRL,E,,,,,,,38.180421603,-85.672903795,2.116,8/21/2021 12:00:00 AM,0424,1,1,0,0,CLEAR,DRY,False,COLLISION WITH FIXED OBJECT NON - INTERSECTION - FIRST EVENT COLLISION 09 - 32 EXCLUDING 16,SINGLE VEHICLE,STRAIGHT & LEVEL,DARK-HWY LIGHTED/ON,,,8/23/2021 7:33:45 AM,False,5322,Accepted,
29369703,0568000,LOUISVILLE METRO POLICE DEPT,Accepted,JEFFERSON,,,BROOK,ST,S,,JEFFERSON,,,,,38.253051331,-85.750447330,3.394,8/21/2021 12:00:00 AM,0733,3,3,0,0,CLEAR,DRY,False,ANGLE COLLISION - OTHER,ANGLE,STRAIGHT & LEVEL,DAYLIGHT,,,11/30/2021 2:52:48 PM,False,7852,Accepted,
28549806,0568000,LOUISVILLE METRO POLICE DEPT,Accepted,JEFFERSON,US0031E,,BARDSTOWN,RD,,KY2053,THIXTON,,,,,38.101147690,-85.565669502,1.899,8/21/2021 12:00:00 AM,1454,1,1,0,1,CLEAR,DRY,False,NON-COLLISION OBJECT COLLISION,SINGLE VEHICLE,STRAIGHT & LEVEL,DAYLIGHT,,,8/23/2021 7:36:03 AM,False,7278,Accepted,
28549812,0568000,LOUISVILLE METRO POLICE DEPT,Accepted,JEFFERSON,KY1931,7700,GREENWOOD,RD,,,,,,,,38.147503484,-85.894598596,0.088,8/21/2021 12:00:00 AM,2255,2,2,0,1,CLEAR,DRY,False,REAR END IN TRAFFIC LANES BOTH VEHICLES MOVING,REAR END,STRAIGHT & LEVEL,DARK (UNKNOWN ROADWAY LIGHTING),,,8/23/2021 7:36:20 AM,False,5059,Accepted,
28549821,0568000,LOUISVILLE METRO POLICE DEPT,Accepted,JEFFERSON,,721,BRECKINRIDGE,ST,E,,,,,,,38.240029020,-85.741394992,0.901,8/21/2021 12:00:00 AM,2043,3,3,0,0,CLEAR,DRY,False,1 VEHICLE PARKED POSITION (NOT PARKING LOT/DRIVEWAY),REAR END,STRAIGHT & LEVEL,DARK-HWY LIGHTED/ON,,,8/23/2021 7:36:50 AM,False,5236,Accepted,
28549798,0568000,LOUISVILLE METRO POLICE DEPT,Accepted,JEFFERSON,I 0265,,I265 W,,,,,,,,,38.157510255,-85.530115482,20.549,8/21/2021 12:00:00 AM,1948,3,3,0,2,CLEAR,DRY,False,SIDESWIPE COLLISION - SAME DIRECTION,SIDESWIPE-SAME DIRECTION,STRAIGHT & LEVEL,DAYLIGHT,,,8/23/2021 7:35:40 AM,False,5138,Accepted,
28549789,0568000,LOUISVILLE METRO POLICE DEPT,Accepted,JEFFERSON,,,MUHAMMAD ALI,BLVD,W,,13TH,,,,,38.252817904,-85.772454842,1.064,8/21/2021 12:00:00 AM,1836,2,2,0,1,CLEAR,DRY,False,ANGLE COLLISION - OTHER,ANGLE,STRAIGHT & LEVEL,DAYLIGHT,,,8/23/2021 7:35:15 AM,False,5168,Accepted,
28549796,0568000,LOUISVILLE METRO POLICE DEPT,Accepted,JEFFERSON,,,MARYMAN,RD,,,POINSETTIA,,,,,38.133982005,-85.862802127,0.920,8/21/2021 12:00:00 AM,2149,2,2,0,1,CLEAR,DRY,False,ANGLE COLLISION - OTHER,ANGLE,STRAIGHT & LEVEL,DARK-HWY NOT LIGHTED,,,8/23/2021 7:35:34 AM,False,5211,Accepted,
28549787,0568000,LOUISVILLE METRO POLICE DEPT,Accepted,JEFFERSON,,,INDIAN,TRL,E,,EXETER,,,,,38.181763420,-85.670482948,2.277,8/21/2021 12:00:00 AM,1316,2,2,0,0,CLEAR,DRY,False,OTHER INTERSECTION COLLISIONS,REAR END,STRAIGHT & LEVEL,DAYLIGHT,,,8/23/2021 7:35:08 AM,False,5146,Accepted,
28549795,0568000,LOUISVILLE METRO POLICE DEPT,Accepted,JEFFERSON,,3406,INDIAN,TRL,E,,,,,,,38.169557943,-85.693818429,0.654,8/21/2021 12:00:00 AM,2301,1,1,0,0,CLEAR,DRY,True,COLLISION WITH FIXED OBJECT NON - INTERSECTION - FIRST EVENT COLLISION 09 - 32 EXCLUDING 16,SINGLE VEHICLE,STRAIGHT & LEVEL,DARK (UNKNOWN ROADWAY LIGHTING),,,8/23/2021 7:35:31 AM,False,5375,Accepted,
28549803,0568000,LOUISVILLE METRO POLICE DEPT,Accepted,JEFFERSON,,2617,JEFFERSON,ST,W,,,,26TH,,28TH,38.258047679,-85.794950611,2.356,8/21/2021 12:00:00 AM,0136,3,3,0,0,CLEAR,DRY,False,1 VEHICLE PARKED POSITION (NOT PARKING LOT/DRIVEWAY),SIDESWIPE-SAME DIRECTION,STRAIGHT & LEVEL,DARK-HWY LIGHTED/ON,,,8/23/2021 7:35:54 AM,False,5021,Accepted,
28549778,0568000,LOUISVILLE METRO POLICE DEPT,Accepted,JEFFERSON,KY1727,,TERRY,RD,,,PAGES,,,,,38.131064875,-85.874272630,0.635,8/21/2021 12:00:00 AM,1245,2,2,0,0,CLEAR,DRY,False,OPPOSING LEFT TURN,OPPOSING LEFT TURN,STRAIGHT & LEVEL,DAYLIGHT,,,8/23/2021 7:34:38 AM,False,6318,Accepted,
28549779,0568000,LOUISVILLE METRO POLICE DEPT,Accepted,JEFFERSON,I 0264,,I264 W,,,,,I 0264,I264 W EXIT18B OFF RAMP TO KY1932 N,I 0064,I64 W EXIT19 RAMP TO I64,38.230697331,-85.632400870,18.163,8/21/2021 12:00:00 AM,1243,1,1,0,1,CLEAR,DRY,False,OTHER COLLISIONS ON SHOULDER,SINGLE VEHICLE,CURVE & LEVEL,DAYLIGHT,,,8/23/2021 7:34:41 AM,False,7482,Accepted,
28545901,0560300,ST. MATTHEWS POLICE DEPARTMENT,Accepted,JEFFERSON,US0060,,SHELBYVILLE,RD,,I 0264,I264 W EXIT20B OFF RAMP TO US60,,,,,38.250084798,-85.620482455,5.474,8/21/2021 12:00:00 AM,1531,2,2,0,0,CLEAR,DRY,False,SIDESWIPE-SAME DIRECTION,SIDESWIPE-SAME DIRECTION,STRAIGHT & LEVEL,DAYLIGHT,,,8/22/2021 12:46:00 AM,False,9187,Accepted,
28563424,0568000,LOUISVILLE METRO POLICE DEPT,Accepted,JEFFERSON,US0042,,US42,,,,MT RAINIER,,,,,38.297768220,-85.627518660,7.121,8/21/2021 12:00:00 AM,2237,2,2,0,6,CLEAR,DRY,False,ANGLE COLLISION - OTHER,ANGLE,STRAIGHT & GRADE,DUSK,,,8/26/2021 7:20:10 AM,False,2346,Accepted,
28586196,0568000,LOUISVILLE METRO POLICE DEPT,Accepted,JEFFERSON,KY0155,,TAYLORSVILLE,RD,,,POPE LICK,,,,,38.190804445,-85.486879729,4.874,8/21/2021 12:00:00 AM,1247,2,2,0,0,CLEAR,DRY,False,OPPOSING LEFT TURN,OPPOSING LEFT TURN,STRAIGHT & LEVEL,DAYLIGHT,,,9/1/2021 9:09:59 AM,False,7698,Accepted,
28549781,0568000,LOUISVILLE METRO POLICE DEPT,Accepted,JEFFERSON,,,CHEROKEE,RD,,,,,CHEROKEE,,CASSELBERRY,38.234300310,-85.694292207,2.309,8/20/2021 12:00:00 AM,0740,1,1,0,2,CLEAR,DRY,False,OTHER ROADWAY OR MID-BLOCK COLLISION,SINGLE VEHICLE,CURVE & LEVEL,DAYLIGHT,,,8/23/2021 7:34:48 AM,False,7793,Accepted,
28554307,0568000,LOUISVILLE METRO POLICE DEPT,Accepted,JEFFERSON,,6508,DON BON,CT,,,,,,,,38.166443836,-85.875958876,0.049,8/20/2021 12:00:00 AM,0316,2,2,0,0,CLEAR,DRY,True,1 VEHICLE PARKED POSITION (NOT PARKING LOT/DRIVEWAY),HEAD ON,STRAIGHT & LEVEL,DARK-HWY LIGHTED/ON,,,8/24/2021 7:29:48 AM,False,7649,Accepted,
28549761,0568000,LOUISVILLE METRO POLICE DEPT,Accepted,JEFFERSON,I 0064,,,,,,,,,,,38.222628937,-85.505231627,0.072,8/20/2021 12:00:00 AM,1449,2,2,0,0,CLEAR,DRY,False,OTHER RAMP RELATED COLLISIONS NOT LISTED ABOVE,REAR END,STRAIGHT & LEVEL,DAYLIGHT,I 0064,I 0265,8/23/2021 7:33:03 AM,False,7802,Accepted,
28541558,0568000,LOUISVILLE METRO POLICE DEPT,Accepted,JEFFERSON,,,GAST,BLVD,,KY2048,DUTCHMANS,,,,,38.224158432,-85.654686961,0.005,8/20/2021 12:00:00 AM,0833,2,1,0,1,CLEAR,DRY,False,COLLISION WITH BICYCLE IN INTERSECTION,SINGLE VEHICLE,STRAIGHT & LEVEL,DAYLIGHT,,,8/20/2021 1:54:53 PM,False,7570,Accepted,
28549729,0568000,LOUISVILLE METRO POLICE DEPT,Accepted,JEFFERSON,US0031W,,DR W J HODGE,ST,,,GARLAND,,,,,38.243984054,-85.787464687,19.281,8/20/2021 12:00:00 AM,0654,2,1,0,1,CLEAR,DRY,False,COLLISION WITH PEDESTRIAN IN INTERSECTION,SINGLE VEHICLE,STRAIGHT & LEVEL,DAYLIGHT,,,8/23/2021 7:30:33 AM,False,5343,Accepted,
28549730,0568000,LOUISVILLE METRO POLICE DEPT,Accepted,JEFFERSON,KY1020,4500,SOUTHERN,PKWY,,KY2801,SOUTHERN HEIGHTS,,,,,38.189268564,-85.766715420,8.356,8/20/2021 12:00:00 AM,1133,3,3,0,0,CLEAR,DRY,False,OTHER INTERSECTION COLLISIONS,REAR END,STRAIGHT & LEVEL,DAYLIGHT,,,8/23/2021 7:30:41 AM,False,5378,Accepted,
28549736,0568000,LOUISVILLE METRO POLICE DEPT,Accepted,JEFFERSON,US0031E,,BUECHEL,BYP,,,BUECHEL BANK,,,,,38.190688129,-85.647726140,10.041,8/20/2021 12:00:00 AM,1356,2,2,0,0,CLOUDY,DRY,False,ANGLE COLLISION - OTHER,ANGLE,STRAIGHT & LEVEL,DAYLIGHT,,,8/23/2021 7:31:16 AM,False,4693,Accepted,
28549738,0568000,LOUISVILLE METRO POLICE DEPT,Accepted,JEFFERSON,,4008,OAKLAWN,DR,,,,KY0061,PRESTON,KY0061,PRESTON,38.148192685,-85.684823147,0.423,8/20/2021 12:00:00 AM,1345,2,2,0,0,CLEAR,DRY,False,VEHICLE BACKING NON INTERSECTION,BACKING,STRAIGHT & LEVEL,DAYLIGHT,,,8/23/2021 7:31:27 AM,False,2506,Accepted,
28549745,0568000,LOUISVILLE METRO POLICE DEPT,Accepted,JEFFERSON,KY1747,,FERN VALLEY,RD,,KY1747,KY1747 CROSSOVER,,,,,38.157394525,-85.695632556,2.018,8/20/2021 12:00:00 AM,1409,3,3,0,0,CLEAR,DRY,False,OPPOSING LEFT TURN,OPPOSING LEFT TURN,STRAIGHT & LEVEL,DAYLIGHT,,,8/23/2021 7:31:51 AM,False,7669,Accepted,
28549746,0568000,LOUISVILLE METRO POLICE DEPT,Accepted,JEFFERSON,,9800,PRESTON CROSSING,BLVD,,,,,,,,38.105291446,-85.670098358,0.102,8/20/2021 12:00:00 AM,1351,2,2,0,0,CLEAR,DRY,False,COLLISION IN PARKING LOT,REAR END,STRAIGHT & LEVEL,DAYLIGHT,,,8/23/2021 7:31:55 AM,False,7272,Accepted,
28549747,0568000,LOUISVILLE METRO POLICE DEPT,Accepted,JEFFERSON,,,OAK VALLEY,DR,,,,,,,,38.160850749,-85.817689244,0.217,8/20/2021 12:00:00 AM,1153,1,1,0,0,CLEAR,DRY,False,COLLISION WITH FIXED OBJECT NON - INTERSECTION - FIRST EVENT COLLISION 09 - 32 EXCLUDING 16,SINGLE VEHICLE,CURVE & GRADE,DAYLIGHT,,,8/23/2021 7:31:58 AM,False,7340,Accepted,
28549748,0568000,LOUISVILLE METRO POLICE DEPT,Accepted,JEFFERSON,KY0907,,3RD ST,RD,,KY1065,OUTER,,,,,38.127559492,-85.794681711,4.664,8/20/2021 12:00:00 AM,1448,2,2,0,0,CLEAR,DRY,False,ANGLE COLLISION - OTHER,ANGLE,STRAIGHT & LEVEL,DAYLIGHT,,,8/23/2021 7:32:01 AM,False,7483,Accepted,
28549764,0568000,LOUISVILLE METRO POLICE DEPT,Accepted,JEFFERSON,I 0264,2.2,I264 W,,,,,,,,,38.246240012,-85.810580313,2.241,8/20/2021 12:00:00 AM,1959,1,1,0,1,CLEAR,DRY,False,OTHER COLLISIONS ON SHOULDER,SINGLE VEHICLE,STRAIGHT & LEVEL,DAYLIGHT,,,8/23/2021 7:33:23 AM,False,7445,Accepted,
28549765,0568000,LOUISVILLE METRO POLICE DEPT,Accepted,JEFFERSON,KY1865,,NEW CUT,RD,,KY1065,OUTER,,,,,38.126358112,-85.776176532,1.260,8/20/2021 12:00:00 AM,2145,2,2,0,0,CLEAR,DRY,False,ANGLE COLLISION - OTHER,ANGLE,STRAIGHT & HILLCREST,DARK-HWY NOT LIGHTED,,,8/23/2021 7:33:31 AM,False,5211,Accepted,
28549772,0568000,LOUISVILLE METRO POLICE DEPT,Accepted,JEFFERSON,,,OAK,ST,W,,,,,,,38.236433659,-85.775992998,1.131,8/20/2021 12:00:00 AM,1204,2,2,0,0,CLEAR,DRY,True,SIDESWIPE COLLISION - SAME DIRECTION,SIDESWIPE-SAME DIRECTION,STRAIGHT & GRADE,DAYLIGHT,,,8/23/2021 7:34:11 AM,False,5179,Accepted,
28549762,0568000,LOUISVILLE METRO POLICE DEPT,Accepted,JEFFERSON,KY1934,,GREENBELT,HWY,,,RAGGARD,,,,,38.173341440,-85.873634479,6.457,8/20/2021 12:00:00 AM,2110,1,1,0,1,CLEAR,DRY,False,COLLISION WITH FIXED OBJECT IN INTERSECTION - FIRST EVENT COLLISION 09 - 32,SINGLE VEHICLE,STRAIGHT & LEVEL,DARK-HWY NOT LIGHTED,,,8/23/2021 7:33:10 AM,False,5212,Accepted,
28549763,0568000,LOUISVILLE METRO POLICE DEPT,Accepted,JEFFERSON,,,26TH,ST,S,,,,EDDY,,CEDAR,38.256066034,-85.794170596,0.324,8/20/2021 12:00:00 AM,2236,3,3,0,0,CLEAR,DRY,False,1 VEHICLE PARKED POSITION (NOT PARKING LOT/DRIVEWAY),ANGLE,STRAIGHT & LEVEL,DARK-HWY LIGHTED/ON,,,8/23/2021 7:33:15 AM,False,5021,Accepted,
28549770,0568000,LOUISVILLE METRO POLICE DEPT,Accepted,JEFFERSON,KY1934,,GREENBELT,HWY,,,,,LOWER HUNTERS,,RAGGARD,38.173955109,-85.872476055,6.532,8/20/2021 12:00:00 AM,2118,2,2,0,0,CLEAR,DRY,False,SIDESWIPE COLLISION - SAME DIRECTION,SIDESWIPE-SAME DIRECTION,STRAIGHT & LEVEL,DUSK,,,8/23/2021 7:33:57 AM,False,5059,Accepted,