IncidentID,AgencyORI,AgencyName,IncidentStatusDesc,County,RdwyNumber,Street,RoadwayName,StreetSfx,StreetDir,IntersectionRdwy,IntersectionRdwyName,BetweenStRdwy1,BetweenStRdwyName1,BetweenStRdwy2,BetweenStRdwyName2,Latitude,Longitude,Milepoint,CollisionDate,CollisionTime,UnitsInvolved,MotorVehiclesInvolved,NumberKilled,NumberInjured,Weather,RdwyConditionCode,HitandRun,DirAnalysisCode,MannerofCollision,RdwyCharacter,LightCondition,RampFromRdwyId,RampToRdwyId,AcceptedDate,IsSecondaryCollision,OwnerBadge,IncidentStatus,
28549774,0568000,LOUISVILLE METRO POLICE DEPT,Accepted,JEFFERSON,I 0265,,I265 W,,,,,,,,,38.113098479,-85.667708016,12.171,8/20/2021 12:00:00 AM,0750,3,3,0,0,CLEAR,DRY,True,SIDESWIPE COLLISION - SAME DIRECTION,SIDESWIPE-SAME DIRECTION,STRAIGHT & LEVEL,DAYLIGHT,,,8/23/2021 7:34:21 AM,False,7772,Accepted,
28549751,0568000,LOUISVILLE METRO POLICE DEPT,Accepted,JEFFERSON,KY1934,,CANE RUN,RD,,KY2049,CRUMS,,,,,38.199326861,-85.837270334,9.188,8/20/2021 12:00:00 AM,1508,2,2,0,0,CLOUDY,DRY,True,OTHER INTERSECTION COLLISIONS,REAR END,STRAIGHT & LEVEL,DAYLIGHT,,,8/23/2021 7:32:19 AM,False,5353,Accepted,
28549757,0568000,LOUISVILLE METRO POLICE DEPT,Accepted,JEFFERSON,,,AUSTINWOOD,RD,,,PARKRIDGE,,,,,38.145108718,-85.795267836,0.006,8/20/2021 12:00:00 AM,1510,2,2,0,0,CLEAR,DRY,False,VEHICLE BACKING IN INTERSECTION,BACKING,STRAIGHT & GRADE,DAYLIGHT,,,8/23/2021 7:32:52 AM,False,7234,Accepted,
28549758,0568000,LOUISVILLE METRO POLICE DEPT,Accepted,JEFFERSON,I 0264,,I264 W,,,I 0264,I264 W EXIT1 ON RAMP FROM  BANK ST,,,,,38.271670433,-85.808404089,0.404,8/20/2021 12:00:00 AM,2058,1,1,0,0,CLEAR,DRY,False,COLLISION WITH FIXED OBJECT IN INTERSECTION - FIRST EVENT COLLISION 09 - 32,SINGLE VEHICLE,STRAIGHT & LEVEL,DARK-HWY LIGHTED/OFF,,,8/23/2021 7:32:56 AM,False,5285,Accepted,
28549766,0568000,LOUISVILLE METRO POLICE DEPT,Accepted,JEFFERSON,,,DAWSON HILL,RD,,,,,,,,38.106457664,-85.499065615,1.816,8/20/2021 12:00:00 AM,1930,2,2,0,2,CLEAR,DRY,False,HEAD-ON COLLISION,HEAD ON,CURVE & HILLCREST,DARK-HWY NOT LIGHTED,,,8/23/2021 7:33:36 AM,False,7761,Accepted,
28563386,0568000,LOUISVILLE METRO POLICE DEPT,Accepted,JEFFERSON,I 0065,,I65 S COLLECTOR DISTRIBUTOR,,,,,,,,,38.260691659,-85.739115431,0.810,8/20/2021 12:00:00 AM,1443,2,2,0,0,CLEAR,DRY,False,SIDESWIPE COLLISION - SAME DIRECTION,SIDESWIPE-SAME DIRECTION,CURVE & GRADE,DAYLIGHT,,,8/26/2021 7:18:55 AM,False,8278,Accepted,
28549732,0568000,LOUISVILLE METRO POLICE DEPT,Accepted,JEFFERSON,KY1747,,HURSTBOURNE,PKWY,N,KY1447,WESTPORT,,,,,38.287631247,-85.572186836,17.029,8/20/2021 12:00:00 AM,0915,2,2,0,0,CLOUDY,DRY,False,OTHER INTERSECTION COLLISIONS,REAR END,STRAIGHT & LEVEL,DAYLIGHT,,,8/23/2021 7:30:56 AM,False,7876,Accepted,
28541563,0568000,LOUISVILLE METRO POLICE DEPT,Accepted,JEFFERSON,KY0061,,JACKSON,ST,S,,LIBERTY,,,,,38.251112877,-85.744565190,12.705,8/20/2021 12:00:00 AM,1038,2,2,0,1,CLEAR,DRY,True,ANGLE COLLISION - OTHER,ANGLE,STRAIGHT & LEVEL,DAYLIGHT,,,8/20/2021 1:55:17 PM,False,7823,Accepted,
28549769,0568000,LOUISVILLE METRO POLICE DEPT,Accepted,JEFFERSON,,,CEDAR CREEK,RD,,,LONG RIFLE,,,,,38.116369870,-85.602483003,1.370,8/20/2021 12:00:00 AM,1908,2,2,0,3,CLEAR,DRY,False,ANGLE COLLISION - OTHER,ANGLE,STRAIGHT & LEVEL,DAYLIGHT,,,8/23/2021 7:33:53 AM,False,5138,Accepted,
28549741,0568000,LOUISVILLE METRO POLICE DEPT,Accepted,JEFFERSON,,,MUHAMMAD ALI,BLVD,W,,13TH,,,,,38.252774079,-85.772420367,1.092,8/20/2021 12:00:00 AM,1229,2,2,0,1,CLEAR,DRY,False,OTHER INTERSECTION COLLISIONS,REAR END,STRAIGHT & LEVEL,DAYLIGHT,,,8/23/2021 7:31:38 AM,False,5187,Accepted,
28549742,0568000,LOUISVILLE METRO POLICE DEPT,Accepted,JEFFERSON,,,MCCAWLEY,RD,,,,KY0061,PRESTON,,EGYPT,38.144751859,-85.689439151,0.043,8/20/2021 12:00:00 AM,1615,3,3,0,0,CLEAR,DRY,False,OTHER ROADWAY OR MID-BLOCK COLLISION,REAR END,STRAIGHT & LEVEL,DAYLIGHT,,,8/23/2021 7:31:41 AM,True,2506,Accepted,
28549749,0568000,LOUISVILLE METRO POLICE DEPT,Accepted,JEFFERSON,KY3082,,BANK,ST,,KY3217,37TH,,,,,38.272200888,-85.807886048,0.123,8/20/2021 12:00:00 AM,1518,2,2,0,0,CLEAR,DRY,False,ANGLE COLLISION - OTHER,ANGLE,STRAIGHT & LEVEL,DAYLIGHT,,,8/23/2021 7:32:05 AM,False,5025,Accepted,
28549750,0568000,LOUISVILLE METRO POLICE DEPT,Accepted,JEFFERSON,KY1631,,CRITTENDEN,DR,,,,,,,,38.197590849,-85.750841644,0.667,8/20/2021 12:00:00 AM,1747,2,2,0,0,CLEAR,DRY,False,OTHER ROADWAY OR MID-BLOCK COLLISION,OPPOSING LEFT TURN,STRAIGHT & LEVEL,DAYLIGHT,,,8/23/2021 7:32:13 AM,False,7872,Accepted,
28549735,0568000,LOUISVILLE METRO POLICE DEPT,Accepted,JEFFERSON,KY1819,,BILLTOWN,RD,,,,,,,,38.161014815,-85.565365136,6.714,8/20/2021 12:00:00 AM,1029,1,1,0,2,CLEAR,DRY,False,OTHER COLLISIONS ON SHOULDER,SINGLE VEHICLE,CURVE & HILLCREST,DAYLIGHT,,,8/23/2021 7:31:10 AM,False,4693,Accepted,
28549743,0568000,LOUISVILLE METRO POLICE DEPT,Accepted,JEFFERSON,US0031E,,BARDSTOWN,RD,,,NEWBRIDGE,,,,,38.156890189,-85.590620525,6.056,8/20/2021 12:00:00 AM,1645,2,2,0,0,CLEAR,DRY,True,OTHER INTERSECTION COLLISIONS,REAR END,STRAIGHT & LEVEL,DAYLIGHT,,,8/23/2021 7:31:45 AM,False,7486,Accepted,
28549744,0568000,LOUISVILLE METRO POLICE DEPT,Accepted,JEFFERSON,KY1934,,CANE RUN,RD,,,RALPH,,,,,38.208395181,-85.825560439,10.101,8/20/2021 12:00:00 AM,1542,2,2,0,1,CLEAR,DRY,False,ANGLE COLLISION - OTHER,ANGLE,STRAIGHT & LEVEL,DAYLIGHT,,,8/23/2021 7:31:48 AM,False,2569,Accepted,
28549752,0568000,LOUISVILLE METRO POLICE DEPT,Accepted,JEFFERSON,,,13TH,ST,S,,MUHAMMAD ALI,,,,,38.252784046,-85.772416688,0.381,8/20/2021 12:00:00 AM,1037,3,3,0,2,CLEAR,DRY,False,ANGLE COLLISION - OTHER,ANGLE,STRAIGHT & LEVEL,DAYLIGHT,,,8/23/2021 7:32:26 AM,False,5173,Accepted,
28549760,0568000,LOUISVILLE METRO POLICE DEPT,Accepted,JEFFERSON,KY0864,,POPLAR LEVEL,RD,,KY2052,SHEPHERDSVILLE,,,,,38.160013393,-85.659947289,7.423,8/20/2021 12:00:00 AM,2028,2,2,0,2,CLEAR,DRY,False,OPPOSING LEFT TURN,OPPOSING LEFT TURN,STRAIGHT & LEVEL,DUSK,,,8/23/2021 7:32:59 AM,False,5153,Accepted,
28541553,0568000,LOUISVILLE METRO POLICE DEPT,Accepted,JEFFERSON,I 0264,,I264 W,,,,,I 0264,I264 W EXIT8A OFF RAMP TO US31W N,I 0264,I264 W EXIT9 ON RAMP FROM KY1865,38.186173868,-85.803774948,8.088,8/20/2021 12:00:00 AM,0406,2,2,0,0,CLOUDY,DRY,True,REAR END IN TRAFFIC LANES BOTH VEHICLES MOVING,REAR END,STRAIGHT & LEVEL,DARK-HWY LIGHTED/OFF,,,8/20/2021 1:53:59 PM,False,7426,Accepted,
28697879,0560400,SHIVELY POLICE DEPARTMENT,Accepted,JEFFERSON,I 0264,,I264 W,,,,,,,,,38.185544557,-85.810353788,7.725,8/20/2021 12:00:00 AM,2008,2,2,0,0,CLEAR,DRY,True,REAR END IN TRAFFIC LANES BOTH VEHICLES MOVING,REAR END,CURVE & GRADE,DAYLIGHT,,,9/23/2021 9:32:40 PM,False,7123,Accepted,
28578805,0568000,LOUISVILLE METRO POLICE DEPT,Accepted,JEFFERSON,US0031E,,BARDSTOWN,RD,,,BASHFORD MANOR,,,,,38.202959499,-85.664379178,11.343,8/20/2021 12:00:00 AM,1211,2,1,0,1,CLEAR,DRY,False,OTHER INTERSECTION COLLISIONS,REAR END,STRAIGHT & LEVEL,DAYLIGHT,,,8/30/2021 12:32:10 PM,False,5247,Accepted,
28577445,0568000,LOUISVILLE METRO POLICE DEPT,Accepted,JEFFERSON,,,CRAWFORD,AVE,,US0031W,DIXIE,,,,,38.150080899,-85.837360314,0.017,8/19/2021 12:00:00 AM,1133,1,1,0,1,CLEAR,DRY,False,COLLISION WITH FIXED OBJECT IN INTERSECTION - FIRST EVENT COLLISION 09 - 32,SINGLE VEHICLE,STRAIGHT & LEVEL,DAYLIGHT,,,8/30/2021 8:45:33 AM,False,2457,Accepted,
28591297,0560000,JEFFERSON COUNTY SHERIFF DEPT.,Accepted,JEFFERSON,KY1747,,FERN VALLEY,RD,,,,,,,,38.157467453,-85.715450462,0.918,8/19/2021 12:00:00 AM,1000,2,2,0,0,CLOUDY,DRY,False,SIDESWIPE COLLISION - SAME DIRECTION,SIDESWIPE-SAME DIRECTION,STRAIGHT & HILLCREST,DAYLIGHT,,,9/2/2021 12:24:00 PM,False,3553,Accepted,
28594641,0568000,LOUISVILLE METRO POLICE DEPT,Accepted,JEFFERSON,,,IOWA,AVE,,,4TH,,,,,38.207732295,-85.765138139,0.453,8/19/2021 12:00:00 AM,1700,2,2,0,0,CLEAR,DRY,False,ANGLE COLLISION - OTHER,ANGLE,STRAIGHT & LEVEL,DAYLIGHT,,,9/3/2021 7:35:57 AM,False,7298,Accepted,
28665235,0568000,LOUISVILLE METRO POLICE DEPT,Accepted,JEFFERSON,,,BROOKLINE,AVE,,,BROOK PARK,,,,,38.176286779,-85.773922144,0.480,8/19/2021 12:00:00 AM,1436,4,4,0,0,CLOUDY,DRY,False,COLLISION WITH PARKED VEHICLE,SIDESWIPE-SAME DIRECTION,STRAIGHT & LEVEL,DAYLIGHT,,,9/16/2021 8:03:00 AM,False,5221,Accepted,
28594626,0568000,LOUISVILLE METRO POLICE DEPT,Accepted,JEFFERSON,KY1932,,BRECKENRIDGE,LN,,,SIX MILE,,,,,38.197749563,-85.624984131,1.141,8/19/2021 12:00:00 AM,1746,2,2,0,2,CLEAR,DRY,False,ANGLE COLLISION - ONE VEHICLE TURNING LEFT,ANGLE,STRAIGHT & GRADE,DAYLIGHT,,,9/3/2021 7:32:56 AM,False,7851,Accepted,
28541554,0568000,LOUISVILLE METRO POLICE DEPT,Accepted,JEFFERSON,,4516,3RD,ST,S,,,,,,,38.182401494,-85.766094555,1.260,8/19/2021 12:00:00 AM,2123,1,1,0,0,CLEAR,DRY,False,COLLISION WITH FIXED OBJECT NON - INTERSECTION - FIRST EVENT COLLISION 09 - 32 EXCLUDING 16,SINGLE VEHICLE,STRAIGHT & LEVEL,DARK-HWY LIGHTED/ON,,,8/20/2021 1:54:02 PM,False,5337,Accepted,
28541555,0568000,LOUISVILLE METRO POLICE DEPT,Accepted,JEFFERSON,I 0265,,I265 E,,,,,,,,,38.206792626,-85.507015764,24.376,8/19/2021 12:00:00 AM,1832,2,2,0,0,CLEAR,DRY,False,REAR END IN TRAFFIC LANES BOTH VEHICLES MOVING,REAR END,STRAIGHT & GRADE,DAYLIGHT,,,8/20/2021 1:54:12 PM,False,2321,Accepted,
28540134,0568000,LOUISVILLE METRO POLICE DEPT,Accepted,JEFFERSON,I 0064,,,,,,,,,,,38.234913826,-85.614729143,0.795,8/19/2021 12:00:00 AM,1659,2,2,0,0,CLEAR,DRY,False,OTHER RAMP RELATED COLLISIONS NOT LISTED ABOVE,SIDESWIPE-SAME DIRECTION,STRAIGHT & LEVEL,DAYLIGHT,I 0064,I 0064,8/20/2021 7:11:28 AM,False,5102,Accepted,
28540139,0568000,LOUISVILLE METRO POLICE DEPT,Accepted,JEFFERSON,I 0264,,,,,,,,,,,38.203068748,-85.691086291,0.013,8/19/2021 12:00:00 AM,0801,1,1,0,1,RAINING,WET,False,OVERTURNED ON RAMP,SINGLE VEHICLE,CURVE & GRADE,DAYLIGHT,KY1703,I 0264,8/20/2021 7:12:01 AM,False,6813,Accepted,
28540140,0568000,LOUISVILLE METRO POLICE DEPT,Accepted,JEFFERSON,,,32ND,ST,N,,,,,,,38.263323432,-85.804379851,0.077,8/19/2021 12:00:00 AM,1152,3,3,0,1,CLEAR,DRY,False,1 VEHICLE PARKED POSITION (NOT PARKING LOT/DRIVEWAY),SIDESWIPE-SAME DIRECTION,STRAIGHT & LEVEL,DAYLIGHT,,,8/20/2021 7:12:05 AM,False,7305,Accepted,
28541552,0568000,LOUISVILLE METRO POLICE DEPT,Accepted,JEFFERSON,,,5TH,ST,S,,,,DENMARK,,FAIRMONT,38.195611938,-85.768413097,1.387,8/19/2021 12:00:00 AM,2213,2,2,0,0,CLOUDY,DRY,False,1 VEHICLE PARKED POSITION (NOT PARKING LOT/DRIVEWAY),ANGLE,STRAIGHT & LEVEL,DARK-HWY LIGHTED/ON,,,8/20/2021 1:53:52 PM,False,7426,Accepted,
28537140,0568000,LOUISVILLE METRO POLICE DEPT,Accepted,JEFFERSON,KY1703,,NEWBURG,RD,,,BISHOP,,,,,38.200695640,-85.685959401,2.098,8/19/2021 12:00:00 AM,0055,2,2,0,0,RAINING,WET,False,COLLISION WITH PARKED VEHICLE,HEAD ON,STRAIGHT & LEVEL,DARK-HWY LIGHTED/ON,,,8/19/2021 12:59:28 PM,False,5171,Accepted,
28537143,0568000,LOUISVILLE METRO POLICE DEPT,Accepted,JEFFERSON,US0031W,,DIXIE,HWY,,,PONDER,,,,,38.115779158,-85.860368169,9.296,8/19/2021 12:00:00 AM,0821,2,2,0,0,RAINING,WET,False,OTHER INTERSECTION COLLISIONS,REAR END,STRAIGHT & LEVEL,DAYLIGHT,,,8/19/2021 12:59:52 PM,False,7174,Accepted,
28537149,0568000,LOUISVILLE METRO POLICE DEPT,Accepted,JEFFERSON,KY1020,8615,NATIONAL,TPKE,,,,,,,,38.123583097,-85.748520338,3.445,8/19/2021 12:00:00 AM,0745,2,1,0,1,RAINING,WET,False,COLLISION IN PARKING LOT,SINGLE VEHICLE,STRAIGHT & LEVEL,DARK (UNKNOWN ROADWAY LIGHTING),,,8/19/2021 1:00:36 PM,False,7252,Accepted,
28539597,0565000,LYNDON POLICE DEPARTMENT,Accepted,JEFFERSON,KY0022,,BROWNSBORO,RD,,,,,PINEHURST,,BROWNHURST COVE,38.293468265,-85.604564657,1.925,8/19/2021 12:00:00 AM,1558,2,2,0,0,CLEAR,DRY,False,1 VEHICLE ENTERING/LEAVING ENTRANCE,ANGLE,STRAIGHT & GRADE,DAYLIGHT,,,8/20/2021 2:05:25 AM,False,1358,Accepted,
28537141,0568000,LOUISVILLE METRO POLICE DEPT,Accepted,JEFFERSON,US0031E,,BARDSTOWN,RD,,,GARDINER,,,,,38.212449915,-85.672200916,12.124,8/19/2021 12:00:00 AM,0806,2,2,0,1,RAINING,WET,True,OTHER INTERSECTION COLLISIONS,REAR END,STRAIGHT & LEVEL,DAYLIGHT,,,8/19/2021 12:59:40 PM,False,7900,Accepted,
28540106,0568000,LOUISVILLE METRO POLICE DEPT,Accepted,JEFFERSON,KY1020,,2ND,ST,S,,,,,,,38.246102637,-85.755054199,12.088,8/19/2021 12:00:00 AM,0749,2,2,0,0,RAINING,WET,False,1 VEHICLE ENTERING/LEAVING ENTRANCE,ANGLE,STRAIGHT & LEVEL,DAYLIGHT,,,8/20/2021 7:09:19 AM,False,5148,Accepted,
28540108,0568000,LOUISVILLE METRO POLICE DEPT,Accepted,JEFFERSON,,,28TH,ST,S,,MARKET,,,,,38.259794367,-85.796453579,0.087,8/19/2021 12:00:00 AM,1311,2,1,0,1,CLEAR,DRY,True,COLLISION WITH PEDESTRIAN IN INTERSECTION,SINGLE VEHICLE,STRAIGHT & LEVEL,DAYLIGHT,,,8/20/2021 7:09:43 AM,False,7463,Accepted,
28540109,0568000,LOUISVILLE METRO POLICE DEPT,Accepted,JEFFERSON,,,JEANINE,DR,,,,,,,,38.168824514,-85.688207456,0.776,8/19/2021 12:00:00 AM,1445,1,1,0,2,CLEAR,DRY,False,COLLISION WITH FIXED OBJECT NON - INTERSECTION - FIRST EVENT COLLISION 09 - 32 EXCLUDING 16,SINGLE VEHICLE,STRAIGHT & LEVEL,DAYLIGHT,,,8/20/2021 7:09:54 AM,False,7371,Accepted,
28540114,0568000,LOUISVILLE METRO POLICE DEPT,Accepted,JEFFERSON,,,MUHAMMAD ALI,BLVD,W,,30TH,,,,,38.255846503,-85.800520447,2.633,8/19/2021 12:00:00 AM,1650,2,2,0,0,CLEAR,DRY,False,ANGLE COLLISION - OTHER,ANGLE,STRAIGHT & LEVEL,DAYLIGHT,,,8/20/2021 7:10:54 AM,False,7220,Accepted,
28540141,0568000,LOUISVILLE METRO POLICE DEPT,Accepted,JEFFERSON,KY0061,1328,PRESTON,ST,S,,,,,,,38.230318615,-85.750121476,11.532,8/19/2021 12:00:00 AM,1536,1,1,0,0,CLEAR,DRY,False,COLLISION WITH FIXED OBJECT NON - INTERSECTION - FIRST EVENT COLLISION 09 - 32 EXCLUDING 16,SINGLE VEHICLE,STRAIGHT & LEVEL,DAYLIGHT,,,8/20/2021 7:12:09 AM,False,5120,Accepted,
28540142,0568000,LOUISVILLE METRO POLICE DEPT,Accepted,JEFFERSON,I 0264,,I264 E,,,,,,,,,38.189800217,-85.766837554,10.045,8/19/2021 12:00:00 AM,1825,2,2,0,0,CLEAR,DRY,False,REAR END IN TRAFFIC LANES BOTH VEHICLES MOVING,REAR END,STRAIGHT & HILLCREST,DAYLIGHT,,,8/20/2021 7:12:15 AM,False,7471,Accepted,
28540149,0568000,LOUISVILLE METRO POLICE DEPT,Accepted,JEFFERSON,,209,MOHAWK,AVE,,,,,,,,38.187178107,-85.759650992,0.119,8/19/2021 12:00:00 AM,1829,1,1,0,1,CLEAR,DRY,False,COLLISION WITH FIXED OBJECT NON - INTERSECTION - FIRST EVENT COLLISION 09 - 32 EXCLUDING 16,SINGLE VEHICLE,STRAIGHT & LEVEL,DAYLIGHT,,,8/20/2021 7:13:24 AM,False,5221,Accepted,
28540150,0568000,LOUISVILLE METRO POLICE DEPT,Accepted,JEFFERSON,KY0155,,TAYLORSVILLE,RD,,,WALLACE,,,,,38.223513915,-85.682730678,16.425,8/19/2021 12:00:00 AM,1540,2,2,0,1,CLEAR,DRY,False,ANGLE COLLISION - OTHER,ANGLE,STRAIGHT & GRADE,DAYLIGHT,,,8/20/2021 7:13:34 AM,False,7012,Accepted,
28540151,0568000,LOUISVILLE METRO POLICE DEPT,Accepted,JEFFERSON,,,RICHMOND,DR,,,,,ROSEDALE,US0031E,BARDSTOWN,38.225554999,-85.701594961,0.181,8/19/2021 12:00:00 AM,2256,4,4,0,0,CLEAR,DRY,False,1 VEHICLE PARKED POSITION (NOT PARKING LOT/DRIVEWAY),REAR END,STRAIGHT & LEVEL,DARK-HWY LIGHTED/ON,,,8/20/2021 7:13:41 AM,False,2816,Accepted,
28559119,0568000,LOUISVILLE METRO POLICE DEPT,Accepted,JEFFERSON,I 0264,,I264 E,,,,,,,,,38.226236644,-85.640324127,17.653,8/19/2021 12:00:00 AM,0906,2,2,0,0,RAINING,WET,False,SIDESWIPE COLLISION - SAME DIRECTION,SIDESWIPE-SAME DIRECTION,STRAIGHT & LEVEL,DAYLIGHT,,,8/25/2021 7:28:03 AM,False,4903,Accepted,
28549807,0568000,LOUISVILLE METRO POLICE DEPT,Accepted,JEFFERSON,KY1747,,HURSTBOURNE,PKWY,,,,,,,,38.168370265,-85.605359549,7.446,8/19/2021 12:00:00 AM,1830,2,2,0,0,CLEAR,DRY,False,1 VEHICLE ENTERING/LEAVING ENTRANCE,ANGLE,CURVE & LEVEL,DAYLIGHT,,,8/23/2021 7:36:07 AM,False,7642,Accepted,
28551255,0568000,LOUISVILLE METRO POLICE DEPT,Accepted,JEFFERSON,I 0264,,,,,,,,,,,38.210692963,-85.670976293,0.317,8/19/2021 12:00:00 AM,1710,2,2,0,0,CLEAR,DRY,True,OTHER RAMP RELATED COLLISIONS NOT LISTED ABOVE,REAR END,CURVE & LEVEL,DAYLIGHT,I 0264,US31E S,8/23/2021 12:55:08 PM,False,6531,Accepted,
28549756,0568000,LOUISVILLE METRO POLICE DEPT,Accepted,JEFFERSON,,500BLK,HANCOCK,ST,S,,,,,,,38.248145035,-85.743047655,0.478,8/19/2021 12:00:00 AM,1935,4,4,0,0,CLEAR,DRY,False,COLLISION IN PARKING LOT,ANGLE,STRAIGHT & LEVEL,DAWN,,,8/23/2021 7:32:48 AM,False,5135,Accepted,
28540145,0568000,LOUISVILLE METRO POLICE DEPT,Accepted,JEFFERSON,,,1ST,ST,S,,CHESTNUT,,,,,38.248471110,-85.753011141,0.527,8/19/2021 12:00:00 AM,1143,2,2,0,0,CLOUDY,DRY,False,SIDESWIPE-SAME DIRECTION,SIDESWIPE-SAME DIRECTION,STRAIGHT & LEVEL,DAYLIGHT,,,8/20/2021 7:12:42 AM,False,7239,Accepted,
28540146,0568000,LOUISVILLE METRO POLICE DEPT,Accepted,JEFFERSON,US0060,,SHELBYVILLE,RD,,KY0913,BLANKENBAKER,,,,,38.244075465,-85.547163016,9.473,8/19/2021 12:00:00 AM,2003,2,2,0,0,CLOUDY,DRY,False,OTHER INTERSECTION COLLISIONS,REAR END,CURVE & HILLCREST,DAYLIGHT,,,8/20/2021 7:12:51 AM,False,7130,Accepted,
28540147,0568000,LOUISVILLE METRO POLICE DEPT,Accepted,JEFFERSON,,,ELDERWOOD,WAY,,,DENA,,,,,38.193189692,-85.802442458,0.124,8/19/2021 12:00:00 AM,1811,2,2,0,0,CLEAR,DRY,False,COLLISION WITH PARKED VEHICLE,ANGLE,STRAIGHT & LEVEL,DAYLIGHT,,,8/20/2021 7:12:59 AM,False,7360,Accepted,
28540155,0568000,LOUISVILLE METRO POLICE DEPT,Accepted,JEFFERSON,KY0864,,POPLAR LEVEL,RD,,,,,,,,38.159790380,-85.661011855,7.479,8/19/2021 12:00:00 AM,2322,1,1,0,0,CLEAR,DRY,False,COLLISION WITH FIXED OBJECT NON - INTERSECTION - FIRST EVENT COLLISION 09 - 32 EXCLUDING 16,SINGLE VEHICLE,CURVE & LEVEL,DARK-HWY LIGHTED/ON,,,8/20/2021 7:14:17 AM,False,5328,Accepted,
28540372,KSP0400,KY STATE POLICE POST 04,Accepted,JEFFERSON,KY0061,,JACKSON,ST,S,,OAK,,,,,38.234168483,-85.747488898,11.522,8/19/2021 12:00:00 AM,1700,2,2,0,0,CLEAR,DRY,True,COLLISION WITH PARKED VEHICLE,SIDESWIPE-SAME DIRECTION,STRAIGHT & LEVEL,DAYLIGHT,,,8/20/2021 8:52:14 AM,False,571,Accepted,
28549754,0568000,LOUISVILLE METRO POLICE DEPT,Accepted,JEFFERSON,,,RIVER,RD,,,,,,,,38.326709070,-85.640479711,4.581,8/19/2021 12:00:00 AM,2027,2,2,0,1,CLEAR,DRY,False,SIDESWIPE COLLISION - OPPOSITE DIRECTION,SIDESWIPE-OPPOSITE DIRECTION,STRAIGHT & LEVEL,DUSK,,,8/23/2021 7:32:40 AM,False,5004,Accepted,
28549755,0568000,LOUISVILLE METRO POLICE DEPT,Accepted,JEFFERSON,,,CHESTNUT,ST,E,,BROOK,,,,,38.248292929,-85.751851244,0.058,8/19/2021 12:00:00 AM,1948,2,2,0,0,CLEAR,DRY,False,SIDESWIPE-SAME DIRECTION,SIDESWIPE-SAME DIRECTION,STRAIGHT & LEVEL,DAWN,,,8/23/2021 7:32:43 AM,False,5135,Accepted,
28536895,0564500,PROSPECT POLICE DEPARTMENT,Accepted,JEFFERSON,KY0841,,GENE SNYDER,FWY,,,,US0042,US42,KY0841,KY841 CROSSOVER,38.324822075,-85.621792966,37.028,8/19/2021 12:00:00 AM,0539,1,1,0,1,RAINING,WET,False,OTHER COLLISIONS ON SHOULDER,SINGLE VEHICLE,CURVE & GRADE,DARK-HWY LIGHTED/ON,,,8/19/2021 11:37:51 AM,False,1134,Accepted,
28540135,0568000,LOUISVILLE METRO POLICE DEPT,Accepted,JEFFERSON,KY0155,155,TAYLORSVILLE LAKE,RD,,KY1531,ROUTT,,,,,38.177450005,-85.464486663,3.044,8/19/2021 12:00:00 AM,0718,3,3,0,1,RAINING,WET,False,OTHER INTERSECTION COLLISIONS,REAR END,STRAIGHT & LEVEL,DAYLIGHT,,,8/20/2021 7:11:41 AM,False,7799,Accepted,
28540136,0568000,LOUISVILLE METRO POLICE DEPT,Accepted,JEFFERSON,KY1747,,HURSTBOURNE,PKWY,S,,,,,,,38.159542551,-85.630830903,5.818,8/19/2021 12:00:00 AM,0854,2,2,0,2,RAINING,WET,False,1 VEHICLE ENTERING/LEAVING ENTRANCE,ANGLE,CURVE & LEVEL,DAYLIGHT,,,8/20/2021 7:11:47 AM,False,7442,Accepted,
28540137,0568000,LOUISVILLE METRO POLICE DEPT,Accepted,JEFFERSON,,,AIR COMMERCE,DR,,,,,,,,38.122491671,-85.718917521,0.903,8/19/2021 12:00:00 AM,1645,2,2,0,0,CLOUDY,DRY,False,1 VEHICLE ENTERING/LEAVING ENTRANCE,ANGLE,STRAIGHT & LEVEL,DAYLIGHT,,,8/20/2021 7:11:52 AM,False,7442,Accepted,
28540138,0568000,LOUISVILLE METRO POLICE DEPT,Accepted,JEFFERSON,,320,CHESTNUT,ST,W,,,,,,,38.248951069,-85.757673816,2.355,8/19/2021 12:00:00 AM,1437,2,2,0,0,CLEAR,DRY,False,1 VEHICLE PARKED POSITION (NOT PARKING LOT/DRIVEWAY),SIDESWIPE-SAME DIRECTION,STRAIGHT & LEVEL,DAYLIGHT,,,8/20/2021 7:11:57 AM,False,5148,Accepted,