IncidentID,AgencyORI,AgencyName,IncidentStatusDesc,County,RdwyNumber,Street,RoadwayName,StreetSfx,StreetDir,IntersectionRdwy,IntersectionRdwyName,BetweenStRdwy1,BetweenStRdwyName1,BetweenStRdwy2,BetweenStRdwyName2,Latitude,Longitude,Milepoint,CollisionDate,CollisionTime,UnitsInvolved,MotorVehiclesInvolved,NumberKilled,NumberInjured,Weather,RdwyConditionCode,HitandRun,DirAnalysisCode,MannerofCollision,RdwyCharacter,LightCondition,RampFromRdwyId,RampToRdwyId,AcceptedDate,IsSecondaryCollision,OwnerBadge,IncidentStatus,
28537145,0568000,LOUISVILLE METRO POLICE DEPT,Accepted,JEFFERSON,I 0064,,,,,,,,,,,38.257144183,-85.740940591,0.181,8/19/2021 12:00:00 AM,0829,1,1,0,1,CLOUDY,WET,False,OTHER RAMP RELATED COLLISIONS NOT LISTED ABOVE,SINGLE VEHICLE,STRAIGHT & LEVEL,DAYLIGHT,I 0065,I 0064,8/19/2021 12:59:59 PM,False,5385,Accepted,
28540129,0568000,LOUISVILLE METRO POLICE DEPT,Accepted,JEFFERSON,I 0264,,I264 W,,,,,,,,,38.226102119,-85.821736571,3.827,8/19/2021 12:00:00 AM,1535,2,2,0,0,CLEAR,DRY,False,1 VEHICLE ENTERING/LEAVING ENTRANCE,ANGLE,STRAIGHT & LEVEL,DAYLIGHT,,,8/20/2021 7:10:59 AM,False,5232,Accepted,
28540143,0568000,LOUISVILLE METRO POLICE DEPT,Accepted,JEFFERSON,KY1931,,ST ANDREWS CHURCH,RD,,,,,,,,38.154675809,-85.802638471,5.423,8/19/2021 12:00:00 AM,1306,2,2,0,0,CLEAR,DRY,False,1 VEHICLE ENTERING/LEAVING ENTRANCE,ANGLE,STRAIGHT & LEVEL,DAYLIGHT,,,8/20/2021 7:12:19 AM,False,7234,Accepted,
28540144,0568000,LOUISVILLE METRO POLICE DEPT,Accepted,JEFFERSON,US0031W,,DIXIE,HWY,,,,,,,,38.155984986,-85.834556804,12.429,8/19/2021 12:00:00 AM,1657,2,2,0,0,CLEAR,DRY,False,REAR END IN TRAFFIC LANES BOTH VEHICLES MOVING,REAR END,STRAIGHT & LEVEL,DAYLIGHT,,,8/20/2021 7:12:33 AM,False,7234,Accepted,
28540152,0568000,LOUISVILLE METRO POLICE DEPT,Accepted,JEFFERSON,KY1934,,CANE RUN,RD,,,,,,,,38.181104572,-85.857975393,7.483,8/19/2021 12:00:00 AM,2117,3,3,0,0,CLEAR,DRY,False,REAR END IN TRAFFIC LANES BOTH VEHICLES MOVING,REAR END,STRAIGHT & LEVEL,DARK-HWY LIGHTED/ON,,,8/20/2021 7:13:48 AM,False,5170,Accepted,
28554309,0568000,LOUISVILLE METRO POLICE DEPT,Accepted,JEFFERSON,KY0841,,GENE SNYDER,FWY,,,STONESTREET,,,,,38.099473523,-85.824820591,3.043,8/19/2021 12:00:00 AM,0411,2,2,0,0,RAINING,WET,False,COLLISION WITH PARKED VEHICLE,HEAD ON,STRAIGHT & LEVEL,DARK-HWY LIGHTED/ON,,,8/24/2021 7:29:55 AM,False,5266,Accepted,
28551008,0568000,LOUISVILLE METRO POLICE DEPT,Accepted,JEFFERSON,,,ABRAHAM FLEXNER,WAY,,,,,,,,38.249137760,-85.748784527,0.069,8/19/2021 12:00:00 AM,0840,2,2,0,0,CLOUDY,DRY,False,REAR END IN TRAFFIC LANES BOTH VEHICLES MOVING,REAR END,STRAIGHT & LEVEL,DAYLIGHT,,,8/23/2021 11:54:38 AM,False,7239,Accepted,
28563383,0568000,LOUISVILLE METRO POLICE DEPT,Accepted,JEFFERSON,KY1631,,CRITTENDEN,DR,,,,,,,,38.192264700,-85.750899711,0.301,8/19/2021 12:00:00 AM,1811,2,2,0,0,CLEAR,DRY,False,1 VEHICLE ENTERING/LEAVING ENTRANCE,ANGLE,STRAIGHT & LEVEL,DAYLIGHT,,,8/26/2021 7:18:52 AM,False,8278,Accepted,
28577521,0568000,LOUISVILLE METRO POLICE DEPT,Accepted,JEFFERSON,KY1934,,CANE RUN,RD,,KY2051,LEES,,,,,38.183682729,-85.855365291,7.714,8/19/2021 12:00:00 AM,1739,2,2,0,0,CLEAR,DRY,False,OTHER INTERSECTION COLLISIONS,REAR END,STRAIGHT & LEVEL,DAYLIGHT,,,8/30/2021 8:51:04 AM,False,5208,Accepted,
28578256,0568000,LOUISVILLE METRO POLICE DEPT,Accepted,JEFFERSON,I 0265,,I265 E,,,,,,,,,38.206792626,-85.507015764,24.376,8/19/2021 12:00:00 AM,1832,3,1,0,0,CLEAR,DRY,False,OTHER ROADWAY OR MID-BLOCK COLLISION,REAR END,STRAIGHT & GRADE,DAYLIGHT,,,8/30/2021 11:24:00 AM,False,2321,Accepted,
28577497,0568000,LOUISVILLE METRO POLICE DEPT,Accepted,JEFFERSON,I 0264,,I264 W,,,,,,,,,38.190153120,-85.755050081,10.770,8/19/2021 12:00:00 AM,1630,3,3,0,3,CLEAR,DRY,False,REAR END IN TRAFFIC LANES BOTH VEHICLES MOVING,REAR END,STRAIGHT & GRADE,DAYLIGHT,,,8/30/2021 8:49:52 AM,False,5130,Accepted,
28563794,0561900,AUDUBON PARK POLICE DEPARTMENT,Accepted,JEFFERSON,KY0061,,PRESTON,HWY,,,AUDUBON,,,,,38.202825925,-85.734943965,9.177,8/19/2021 12:00:00 AM,0945,2,2,0,0,CLEAR,DRY,False,REAR END - ONE VEHICLE TURNING RIGHT,REAR END,STRAIGHT & LEVEL,DAYLIGHT,,,8/26/2021 9:12:04 AM,False,5111,Accepted,
28536000,0568000,LOUISVILLE METRO POLICE DEPT,Accepted,JEFFERSON,US0150,,BROADWAY,,E,,FLOYD,,,,,38.245395299,-85.749336510,2.831,8/19/2021 12:00:00 AM,0208,2,2,0,0,RAINING,WET,False,ANGLE COLLISION - OTHER,ANGLE,STRAIGHT & LEVEL,DUSK,,,8/19/2021 7:20:27 AM,False,7904,Accepted,
28536001,0568000,LOUISVILLE METRO POLICE DEPT,Accepted,JEFFERSON,,9218,OMAR KHAYYAM,BLVD,,,,,BROKERS TIP,,WINTERGREEN,38.118540151,-85.870071817,0.210,8/19/2021 12:00:00 AM,0342,1,1,0,0,RAINING,WET,True,COLLISION WITH FIXED OBJECT NON - INTERSECTION - FIRST EVENT COLLISION 09 - 32 EXCLUDING 16,SINGLE VEHICLE,STRAIGHT & LEVEL,DARK-HWY LIGHTED/ON,,,8/19/2021 7:20:34 AM,False,7166,Accepted,
28537152,0568000,LOUISVILLE METRO POLICE DEPT,Accepted,JEFFERSON,KY0864,,POPLAR LEVEL,RD,,,NIGHTINGALE,,,,,38.210216000,-85.716969375,12.471,8/19/2021 12:00:00 AM,0737,2,2,0,0,RAINING,WET,False,OTHER INTERSECTION COLLISIONS,REAR END,CURVE & GRADE,DAWN,,,8/19/2021 1:00:48 PM,False,7383,Accepted,
28539074,0561000,JEFFERSONTOWN POLICE DEPT,Accepted,JEFFERSON,KY0913C,,BLANKENBAKER ACCESS,DR,,KY1819,RUCKRIEGEL,,,,,38.197018474,-85.557204129,,8/19/2021 12:00:00 AM,1415,2,2,0,0,CLOUDY,DRY,False,ANGLE COLLISION - OTHER,ANGLE,STRAIGHT & LEVEL,DAYLIGHT,,,8/19/2021 10:59:17 PM,False,8278,Accepted,
28539082,0561000,JEFFERSONTOWN POLICE DEPT,Accepted,JEFFERSON,I 0064,,I64 W,,,,,I 0064,I64 W EXIT17 ON RAMP FROM KY913 N,I 0064,I64 W EXIT17 ON RAMP FROM KY913 S,38.223975774,-85.541989897,16.885,8/19/2021 12:00:00 AM,1524,4,4,0,1,CLEAR,DRY,False,REAR END IN TRAFFIC LANES BOTH VEHICLES MOVING,REAR END,STRAIGHT & LEVEL,DAYLIGHT,,,8/19/2021 10:59:34 PM,False,8316,Accepted,
28539117,0561000,JEFFERSONTOWN POLICE DEPT,Accepted,JEFFERSON,I 0064,17.2,I64 W,,,I 0064,I64 W EXIT17 ON RAMP FROM KY913 N,,,,,38.223925935,-85.539658678,17.012,8/19/2021 12:00:00 AM,1720,2,2,0,0,CLOUDY,DRY,False,OTHER INTERSECTION COLLISIONS,REAR END,STRAIGHT & LEVEL,DAYLIGHT,,,8/19/2021 11:08:49 PM,False,8319,Accepted,
28540110,0568000,LOUISVILLE METRO POLICE DEPT,Accepted,JEFFERSON,,,POPE LICK,RD,S,,,KY0155,TAYLORSVILLE,,REHL,38.190901733,-85.486963587,0.174,8/19/2021 12:00:00 AM,1525,2,1,0,1,CLEAR,DRY,False,COLLISION WITH BICYCLIST NON INTERSECTION,SINGLE VEHICLE,STRAIGHT & LEVEL,DAYLIGHT,,,8/20/2021 7:10:01 AM,False,6878,Accepted,
28540111,0568000,LOUISVILLE METRO POLICE DEPT,Accepted,JEFFERSON,,,HIKES,LN,,,CLINGSTONE,,,,,38.215405045,-85.633470359,2.701,8/19/2021 12:00:00 AM,0700,2,2,0,1,CLEAR,DRY,False,ANGLE COLLISION - OTHER,ANGLE,STRAIGHT & LEVEL,DAYLIGHT,,,8/20/2021 7:10:05 AM,False,5349,Accepted,
28540112,0568000,LOUISVILLE METRO POLICE DEPT,Accepted,JEFFERSON,,13309,HORNCASTLE,WAY,,,,,,,,38.064195600,-85.889008122,0.065,8/19/2021 12:00:00 AM,1455,2,2,0,0,CLEAR,DRY,False,1 VEHICLE PARKED POSITION (NOT PARKING LOT/DRIVEWAY),ANGLE,STRAIGHT & LEVEL,DAYLIGHT,,,8/20/2021 7:10:35 AM,False,2936,Accepted,
28535990,0568000,LOUISVILLE METRO POLICE DEPT,Accepted,JEFFERSON,KY1865,5469,NEW CUT,RD,,,,,,,,38.146012466,-85.775410156,2.684,8/18/2021 12:00:00 AM,1501,2,2,0,0,CLEAR,DRY,False,VEHICLE BACKING NON INTERSECTION,BACKING,STRAIGHT & LEVEL,DAYLIGHT,,,8/19/2021 7:19:34 AM,False,7427,Accepted,
28535991,0568000,LOUISVILLE METRO POLICE DEPT,Accepted,JEFFERSON,,,HAZELWOOD,AVE,,,,,,,,38.180870497,-85.788049080,0.917,8/18/2021 12:00:00 AM,1414,2,2,0,0,CLEAR,DRY,True,1 VEHICLE ENTERING/LEAVING ENTRANCE,ANGLE,STRAIGHT & LEVEL,DAYLIGHT,,,8/19/2021 7:19:37 AM,False,7667,Accepted,
28535992,0568000,LOUISVILLE METRO POLICE DEPT,Accepted,JEFFERSON,KY1020,10410,NATIONAL,TPKE,,,,,,,,38.098583506,-85.738211237,1.518,8/18/2021 12:00:00 AM,1152,1,1,0,0,CLEAR,DRY,False,COLLISION WITH FIXED OBJECT NON - INTERSECTION - FIRST EVENT COLLISION 09 - 32 EXCLUDING 16,SINGLE VEHICLE,STRAIGHT & HILLCREST,DAYLIGHT,,,8/19/2021 7:19:45 AM,False,7232,Accepted,
28533133,0568000,LOUISVILLE METRO POLICE DEPT,Accepted,JEFFERSON,KY1747,,HURSTBOURNE,PKWY,N,KY0022,BROWNSBORO,,,,,38.305098556,-85.577616238,18.412,8/18/2021 12:00:00 AM,0631,1,1,0,2,CLEAR,DRY,False,COLLISION WITH FIXED OBJECT IN INTERSECTION - FIRST EVENT COLLISION 09 - 32,SINGLE VEHICLE,STRAIGHT & LEVEL,DAWN,,,8/18/2021 1:35:01 PM,False,7440,Accepted,
28533143,0568000,LOUISVILLE METRO POLICE DEPT,Accepted,JEFFERSON,I 0064,,I64 W,,,,,,,,,38.258865317,-85.747504275,4.854,8/18/2021 12:00:00 AM,0757,3,3,0,4,CLEAR,DRY,False,REAR END IN TRAFFIC LANES BOTH VEHICLES MOVING,REAR END,STRAIGHT & LEVEL,DAYLIGHT,,,8/18/2021 1:36:03 PM,False,7772,Accepted,
28535985,0568000,LOUISVILLE METRO POLICE DEPT,Accepted,JEFFERSON,,,MARKET,ST,W,,28TH,,,,,38.259946810,-85.797588934,0.606,8/18/2021 12:00:00 AM,1113,2,2,0,0,CLEAR,DRY,False,COLLISION WITH PARKED VEHICLE,SIDESWIPE-SAME DIRECTION,STRAIGHT & LEVEL,DAYLIGHT,,,8/19/2021 7:19:01 AM,False,5368,Accepted,
28535994,0568000,LOUISVILLE METRO POLICE DEPT,Accepted,JEFFERSON,KY0155,3728,TAYLORSVILLE,RD,,,CAWEIN,,,,,38.220989093,-85.643846843,14.311,8/18/2021 12:00:00 AM,1956,2,2,0,2,CLEAR,DRY,False,OTHER INTERSECTION COLLISIONS,REAR END,STRAIGHT & LEVEL,DAYLIGHT,,,8/19/2021 7:19:55 AM,False,5363,Accepted,
28535984,0568000,LOUISVILLE METRO POLICE DEPT,Accepted,JEFFERSON,,4118,1ST,ST,S,,,,,,,38.195891569,-85.761550230,2.922,8/18/2021 12:00:00 AM,0759,3,3,0,0,CLEAR,DRY,True,1 VEHICLE PARKED POSITION (NOT PARKING LOT/DRIVEWAY),ANGLE,STRAIGHT & LEVEL,DAYLIGHT,,,8/19/2021 7:18:55 AM,False,5037,Accepted,
28531874,0568000,LOUISVILLE METRO POLICE DEPT,Accepted,JEFFERSON,KY2054,,ALGONQUIN,PKWY,,,LINDBERGH,,,,,38.216152866,-85.774445665,2.860,8/18/2021 12:00:00 AM,0447,2,2,0,0,CLEAR,DRY,False,SIDESWIPE-SAME DIRECTION,SIDESWIPE-SAME DIRECTION,STRAIGHT & LEVEL,DARK-HWY LIGHTED/ON,,,8/18/2021 7:27:38 AM,False,7040,Accepted,
28535965,0568000,LOUISVILLE METRO POLICE DEPT,Accepted,JEFFERSON,US0031E,,BARDSTOWN,RD,,,,,,,,38.150554271,-85.587544869,5.605,8/18/2021 12:00:00 AM,1138,2,2,0,1,CLEAR,DRY,False,1 VEHICLE ENTERING/LEAVING ENTRANCE,ANGLE,STRAIGHT & LEVEL,DAYLIGHT,,,8/19/2021 7:16:53 AM,False,7755,Accepted,
28535968,0568000,LOUISVILLE METRO POLICE DEPT,Accepted,JEFFERSON,US0060A,,LEXINGTON,RD,,,BAUER,,,,,38.251692834,-85.660896296,10.340,8/18/2021 12:00:00 AM,0849,2,2,0,0,CLEAR,DRY,False,OPPOSING LEFT TURN,OPPOSING LEFT TURN,STRAIGHT & LEVEL,DAYLIGHT,,,8/19/2021 7:17:01 AM,False,2673,Accepted,
28535982,0568000,LOUISVILLE METRO POLICE DEPT,Accepted,JEFFERSON,KY0061,,PRESTON,HWY,,,,,,,,38.129463808,-85.681792609,3.292,8/18/2021 12:00:00 AM,1137,2,2,0,1,CLEAR,DRY,False,1 VEHICLE ENTERING/LEAVING ENTRANCE,ANGLE,STRAIGHT & LEVEL,DAYLIGHT,,,8/19/2021 7:18:45 AM,False,4693,Accepted,
28535983,0568000,LOUISVILLE METRO POLICE DEPT,Accepted,JEFFERSON,,,GRADE,LN,,KY0061,PRESTON,,,,,38.179895943,-85.718427056,0.026,8/18/2021 12:00:00 AM,1031,2,2,0,1,CLEAR,DRY,False,REAR END - ONE VEHICLE TURNING RIGHT,REAR END,CURVE & LEVEL,DAYLIGHT,,,8/19/2021 7:18:51 AM,False,4693,Accepted,
28554943,0560600,WEST BUECHEL POLICE DEPT.,Accepted,JEFFERSON,US0031E,3610,BUECHEL,BYP,,,,,,,,38.198466668,-85.661280131,10.990,8/18/2021 12:00:00 AM,1520,2,2,0,0,CLEAR,DRY,True,1 VEHICLE ENTERING/LEAVING ENTRANCE,ANGLE,STRAIGHT & LEVEL,DAYLIGHT,,,8/24/2021 9:45:40 AM,False,1290,Accepted,
28554294,0568000,LOUISVILLE METRO POLICE DEPT,Accepted,JEFFERSON,KY1020,,SOUTHERN,PKWY,,KY2801,SOUTHERN HEIGHTS,,,,,38.189626170,-85.766704750,8.381,8/18/2021 12:00:00 AM,1451,2,2,0,1,CLEAR,DRY,True,OTHER INTERSECTION COLLISIONS,REAR END,STRAIGHT & LEVEL,DAYLIGHT,,,8/24/2021 7:29:00 AM,False,7116,Accepted,
28559123,0568000,LOUISVILLE METRO POLICE DEPT,Accepted,JEFFERSON,,,FLOYD,ST,S,,ST CATHERINE,,,,,38.236419685,-85.751283047,1.341,8/18/2021 12:00:00 AM,1147,2,2,0,0,CLEAR,DRY,False,SIDESWIPE-SAME DIRECTION,SIDESWIPE-SAME DIRECTION,STRAIGHT & LEVEL,DAYLIGHT,,,8/25/2021 7:28:31 AM,False,7619,Accepted,
28536002,0568000,LOUISVILLE METRO POLICE DEPT,Accepted,JEFFERSON,I 0065,,,,,,,,,,,38.188015652,-85.726829067,0.917,8/18/2021 12:00:00 AM,2058,2,2,0,1,CLOUDY,DRY,False,OTHER RAMP RELATED COLLISIONS NOT LISTED ABOVE,REAR END,STRAIGHT & HILLCREST,DARK (UNKNOWN ROADWAY LIGHTING),I 0065,I 0264,8/19/2021 7:20:42 AM,False,5304,Accepted,
28540154,0568000,LOUISVILLE METRO POLICE DEPT,Accepted,JEFFERSON,US0060,1764,FRANKFORT,AVE,,,,,,,,38.256815146,-85.716722561,0.120,8/18/2021 12:00:00 AM,2046,2,1,0,0,CLOUDY,DRY,True,COLLISION WITH PEDESTRIAN NON - INTERSECTION,SINGLE VEHICLE,STRAIGHT & HILLCREST,DAYLIGHT,,,8/20/2021 7:14:11 AM,False,7304,Accepted,
28549819,0568000,LOUISVILLE METRO POLICE DEPT,Accepted,JEFFERSON,I 0065,,I65 S,,,,,,,,,38.198144582,-85.734018362,131.343,8/18/2021 12:00:00 AM,0422,2,2,0,1,CLEAR,DRY,False,SIDESWIPE COLLISION - SAME DIRECTION,SIDESWIPE-SAME DIRECTION,CURVE & LEVEL,DUSK,,,8/23/2021 7:36:44 AM,False,7291,Accepted,
28554289,0568000,LOUISVILLE METRO POLICE DEPT,Accepted,JEFFERSON,KY0061,,PRESTON,HWY,,,,,,,,38.180149974,-85.718519108,7.357,8/18/2021 12:00:00 AM,1055,2,2,0,0,CLEAR,DRY,False,1 VEHICLE ENTERING/LEAVING ENTRANCE,ANGLE,STRAIGHT & LEVEL,DAYLIGHT,,,8/24/2021 7:28:42 AM,False,8278,Accepted,
28554290,0568000,LOUISVILLE METRO POLICE DEPT,Accepted,JEFFERSON,KY0841,,GENE SNYDER,FWY,,,,,,,,38.117350679,-85.750276941,7.530,8/18/2021 12:00:00 AM,1147,1,1,0,0,CLEAR,DRY,False,COLLISION WITH FIXED OBJECT NON - INTERSECTION - FIRST EVENT COLLISION 09 - 32 EXCLUDING 16,SINGLE VEHICLE,STRAIGHT & LEVEL,DAYLIGHT,,,8/24/2021 7:28:46 AM,False,8278,Accepted,
28563388,0568000,LOUISVILLE METRO POLICE DEPT,Accepted,JEFFERSON,,203,GRAY,ST,E,,,,,,,38.246852217,-85.750475168,0.146,8/18/2021 12:00:00 AM,0715,2,1,0,1,CLOUDY,DRY,True,COLLISION WITH PEDESTRIAN NON - INTERSECTION,SINGLE VEHICLE,STRAIGHT & LEVEL,DARK (UNKNOWN ROADWAY LIGHTING),,,8/26/2021 7:19:02 AM,False,7239,Accepted,
28549768,0568000,LOUISVILLE METRO POLICE DEPT,Accepted,JEFFERSON,,,RUFER,AVE,,KY1703,BAXTER,,,,,38.236955944,-85.722389676,0.032,8/18/2021 12:00:00 AM,0442,3,3,0,1,CLEAR,WET,False,OPPOSING LEFT TURN,OPPOSING LEFT TURN,STRAIGHT & LEVEL,DARK-HWY LIGHTED/ON,,,8/23/2021 7:33:49 AM,True,5250,Accepted,
28537142,0568000,LOUISVILLE METRO POLICE DEPT,Accepted,JEFFERSON,,,DIXIE,HWY,,,DUMESNIL,,,,,38.236383532,-85.787199280,0.911,8/18/2021 12:00:00 AM,1718,2,2,0,1,CLEAR,DRY,False,OTHER INTERSECTION COLLISIONS,REAR END,STRAIGHT & LEVEL,DAYLIGHT,,,8/19/2021 12:59:44 PM,False,5032,Accepted,
28535980,0568000,LOUISVILLE METRO POLICE DEPT,Accepted,JEFFERSON,US0042,,STORY,AVE,,I 0064,I64 E EXIT7 OFF RAMP TO  STORY AVE,,,,,38.257909506,-85.723682320,0.531,8/18/2021 12:00:00 AM,1653,2,2,0,0,CLEAR,DRY,True,OTHER INTERSECTION COLLISIONS,REAR END,STRAIGHT & LEVEL,DAYLIGHT,,,8/19/2021 7:18:11 AM,False,5385,Accepted,
28535986,0568000,LOUISVILLE METRO POLICE DEPT,Accepted,JEFFERSON,,,OWEN,ST,,,25TH,,,,,38.263817098,-85.790912295,0.625,8/18/2021 12:00:00 AM,1727,1,1,0,1,CLEAR,DRY,False,COLLISION WITH FIXED OBJECT IN INTERSECTION - FIRST EVENT COLLISION 09 - 32,SINGLE VEHICLE,STRAIGHT & LEVEL,DAYLIGHT,,,8/19/2021 7:19:06 AM,False,5368,Accepted,
28535988,0568000,LOUISVILLE METRO POLICE DEPT,Accepted,JEFFERSON,,,16TH,ST,S,,CHESTNUT,,,,,38.251142395,-85.777740779,0.534,8/18/2021 12:00:00 AM,1419,2,2,0,0,CLEAR,DRY,True,ANGLE COLLISION - OTHER,ANGLE,STRAIGHT & LEVEL,DAYLIGHT,,,8/19/2021 7:19:21 AM,False,7220,Accepted,
28535969,0568000,LOUISVILLE METRO POLICE DEPT,Accepted,JEFFERSON,,,UPPER HUNTERS,TRCE,,,,,,,,38.168403585,-85.834947911,0.355,8/18/2021 12:00:00 AM,1449,2,2,0,0,CLOUDY,DRY,False,HEAD-ON COLLISION,HEAD ON,CURVE & LEVEL,DAYLIGHT,,,8/19/2021 7:17:05 AM,False,7244,Accepted,
28535970,0568000,LOUISVILLE METRO POLICE DEPT,Accepted,JEFFERSON,KY1934,,CANE RUN,RD,,,MELODY ACRES,,,,,38.187021068,-85.852520868,8.006,8/18/2021 12:00:00 AM,1517,1,1,0,0,CLEAR,DRY,False,OTHER INTERSECTION COLLISIONS,SINGLE VEHICLE,STRAIGHT & LEVEL,DAYLIGHT,,,8/19/2021 7:17:09 AM,False,5208,Accepted,
28535971,0568000,LOUISVILLE METRO POLICE DEPT,Accepted,JEFFERSON,US0150,,22ND,ST,N,,,,PORTLAND,,LYTLE,38.267966247,-85.782772226,0.154,8/18/2021 12:00:00 AM,1540,2,2,0,1,CLOUDY,DRY,True,1 VEHICLE ENTERING/LEAVING ENTRANCE,ANGLE,STRAIGHT & LEVEL,DAYLIGHT,,,8/19/2021 7:17:13 AM,False,7292,Accepted,
28535972,0568000,LOUISVILLE METRO POLICE DEPT,Accepted,JEFFERSON,I 0065,,I65 S,,,,,,,,,38.261493713,-85.742020560,136.657,8/18/2021 12:00:00 AM,1649,2,2,0,0,CLOUDY,DRY,False,SIDESWIPE COLLISION - SAME DIRECTION,SIDESWIPE-SAME DIRECTION,STRAIGHT & LEVEL,DAYLIGHT,,,8/19/2021 7:17:28 AM,False,7239,Accepted,
28535978,0568000,LOUISVILLE METRO POLICE DEPT,Accepted,JEFFERSON,,,7TH,ST,S,,HILL,,,,,38.227393223,-85.768698528,0.695,8/18/2021 12:00:00 AM,1524,2,2,0,0,CLEAR,DRY,True,OTHER INTERSECTION COLLISIONS,REAR END,STRAIGHT & LEVEL,DAYLIGHT,,,8/19/2021 7:17:57 AM,False,5358,Accepted,
28533137,0568000,LOUISVILLE METRO POLICE DEPT,Accepted,JEFFERSON,,,URANUS,DR,,,ASTRAL,,,,,38.152534023,-85.856462159,0.242,8/18/2021 12:00:00 AM,0734,2,2,0,3,CLEAR,DRY,False,OPPOSING LEFT TURN,OPPOSING LEFT TURN,STRAIGHT & LEVEL,DAYLIGHT,,,8/18/2021 1:35:13 PM,False,7992,Accepted,
28533139,0568000,LOUISVILLE METRO POLICE DEPT,Accepted,JEFFERSON,US0031E,,BARDSTOWN,RD,,,EDENSIDE,,,,,38.232799866,-85.710772950,14.724,8/18/2021 12:00:00 AM,0753,3,3,0,1,CLEAR,DRY,False,ANGLE COLLISION - OTHER,ANGLE,STRAIGHT & LEVEL,DAYLIGHT,,,8/18/2021 1:35:24 PM,False,2228,Accepted,
28535964,0568000,LOUISVILLE METRO POLICE DEPT,Accepted,JEFFERSON,KY0061,,JACKSON,ST,S,,,,ST CATHERINE,,KENTUCKY,38.236561100,-85.747059419,11.696,8/18/2021 12:00:00 AM,1230,2,2,0,0,CLEAR,DRY,False,SIDESWIPE COLLISION - SAME DIRECTION,SIDESWIPE-SAME DIRECTION,STRAIGHT & LEVEL,DAYLIGHT,,,8/19/2021 7:16:48 AM,False,5358,Accepted,
28535981,0568000,LOUISVILLE METRO POLICE DEPT,Accepted,JEFFERSON,KY0148,,TAYLORSVILLE,RD,,,OLD TAYLORSVILLE,,,,,38.189388127,-85.456432260,1.132,8/18/2021 12:00:00 AM,0755,2,2,0,1,CLEAR,DRY,False,OTHER INTERSECTION COLLISIONS,REAR END,STRAIGHT & LEVEL,DAYLIGHT,,,8/19/2021 7:18:35 AM,False,4693,Accepted,
28535998,0568000,LOUISVILLE METRO POLICE DEPT,Accepted,JEFFERSON,US0031W,10007,DIXIE,HWY,,,,,,,,38.111139961,-85.864281226,8.910,8/18/2021 12:00:00 AM,1829,1,1,0,0,CLOUDY,DRY,False,COLLISION WITH FIXED OBJECT NON - INTERSECTION - FIRST EVENT COLLISION 09 - 32 EXCLUDING 16,SINGLE VEHICLE,STRAIGHT & LEVEL,DAYLIGHT,,,8/19/2021 7:20:14 AM,False,7264,Accepted,
28540133,0568000,LOUISVILLE METRO POLICE DEPT,Accepted,JEFFERSON,US0060A,,LEXINGTON,RD,,,BRIAR HILL,,,,,38.248644013,-85.676073844,9.470,8/18/2021 12:00:00 AM,1630,2,2,0,0,CLEAR,DRY,False,OTHER INTERSECTION COLLISIONS,REAR END,STRAIGHT & GRADE,DAYLIGHT,,,8/20/2021 7:11:18 AM,False,7632,Accepted,
28535996,0568000,LOUISVILLE METRO POLICE DEPT,Accepted,JEFFERSON,,,BROADWAY,,W,,30TH,,,,,38.249719276,-85.801637915,0.728,8/18/2021 12:00:00 AM,2028,2,2,0,2,CLEAR,WET,False,ANGLE COLLISION - OTHER,ANGLE,STRAIGHT & LEVEL,DAYLIGHT,,,8/19/2021 7:20:02 AM,False,5008,Accepted,
28536003,0568000,LOUISVILLE METRO POLICE DEPT,Accepted,JEFFERSON,KY0864,,LOGAN,ST,,,,,ST CATHERINE,,KENTUCKY,38.236197316,-85.739440462,14.828,8/18/2021 12:00:00 AM,1954,2,2,0,0,CLOUDY,DRY,False,1 VEHICLE PARKED POSITION (NOT PARKING LOT/DRIVEWAY),SIDESWIPE-SAME DIRECTION,STRAIGHT & LEVEL,DAYLIGHT,,,8/19/2021 7:20:52 AM,False,5304,Accepted,
28536072,KSP0400,KY STATE POLICE POST 04,Accepted,JEFFERSON,I 0265,,I265 E,,,,,,,,,38.205812534,-85.507091743,24.309,8/17/2021 12:00:00 AM,0533,3,3,0,0,CLOUDY,DRY,False,REAR END IN TRAFFIC LANES BOTH VEHICLES MOVING,REAR END,STRAIGHT & LEVEL,DAYLIGHT,,,8/19/2021 8:03:13 AM,False,0627,Accepted,
28541560,0568000,LOUISVILLE METRO POLICE DEPT,Accepted,JEFFERSON,,,7TH,ST,S,,HILL,,,,,38.226772725,-85.769026370,0.594,8/17/2021 12:00:00 AM,1548,4,4,0,0,CLEAR,DRY,False,SIDESWIPE-SAME DIRECTION,SIDESWIPE-SAME DIRECTION,STRAIGHT & LEVEL,DAYLIGHT,,,8/20/2021 1:55:04 PM,False,5287,Accepted,