IncidentID,AgencyORI,AgencyName,IncidentStatusDesc,County,RdwyNumber,Street,RoadwayName,StreetSfx,StreetDir,IntersectionRdwy,IntersectionRdwyName,BetweenStRdwy1,BetweenStRdwyName1,BetweenStRdwy2,BetweenStRdwyName2,Latitude,Longitude,Milepoint,CollisionDate,CollisionTime,UnitsInvolved,MotorVehiclesInvolved,NumberKilled,NumberInjured,Weather,RdwyConditionCode,HitandRun,DirAnalysisCode,MannerofCollision,RdwyCharacter,LightCondition,RampFromRdwyId,RampToRdwyId,AcceptedDate,IsSecondaryCollision,OwnerBadge,IncidentStatus,
28531869,0568000,LOUISVILLE METRO POLICE DEPT,Accepted,JEFFERSON,KY0155,,TAYLORSVILLE,RD,,,GLADSTONE,,,,,38.223217319,-85.672900714,15.886,8/17/2021 12:00:00 AM,1917,2,2,0,1,CLEAR,DRY,False,OTHER INTERSECTION COLLISIONS,REAR END,STRAIGHT & LEVEL,DAYLIGHT,,,8/18/2021 7:26:07 AM,False,7049,Accepted,
28531875,0568000,LOUISVILLE METRO POLICE DEPT,Accepted,JEFFERSON,KY1065,,OUTER,LOOP,,,JUDGE,,,,,38.137821985,-85.669352030,7.006,8/17/2021 12:00:00 AM,2253,2,2,0,0,CLEAR,DRY,False,ANGLE COLLISION - ONE VEHICLE TURNING LEFT,ANGLE,STRAIGHT & LEVEL,DAYLIGHT,,,8/18/2021 7:28:00 AM,False,5138,Accepted,
28549816,0568000,LOUISVILLE METRO POLICE DEPT,Accepted,JEFFERSON,,,INDIAN,TRL,E,KY0864,POPLAR LEVEL,,,,,38.171552841,-85.685006449,1.214,8/17/2021 12:00:00 AM,0558,2,2,0,0,CLEAR,DRY,True,ANGLE COLLISION - ONE VEHICLE TURNING LEFT,ANGLE,STRAIGHT & LEVEL,DARK-HWY LIGHTED/ON,,,8/23/2021 7:36:34 AM,False,5053,Accepted,
28554288,0568000,LOUISVILLE METRO POLICE DEPT,Accepted,JEFFERSON,I 0264,,I264 W,,,,,,,,,38.185846033,-85.822422613,6.953,8/17/2021 12:00:00 AM,1622,1,1,0,1,CLOUDY,DRY,False,OTHER ROADWAY OR MID-BLOCK COLLISION,SINGLE VEHICLE,STRAIGHT & LEVEL,DAYLIGHT,,,8/24/2021 7:28:38 AM,False,8278,Accepted,
28531850,0568000,LOUISVILLE METRO POLICE DEPT,Accepted,JEFFERSON,KY3064,,PORTLAND,AVE,,US0150,22ND,,,,,38.268439253,-85.782667778,0.008,8/17/2021 12:00:00 AM,1608,1,1,0,0,CLOUDY,WET,False,COLLISION WITH FIXED OBJECT IN INTERSECTION - FIRST EVENT COLLISION 09 - 32,SINGLE VEHICLE,STRAIGHT & LEVEL,DAYLIGHT,,,8/18/2021 7:21:18 AM,False,7805,Accepted,
28531851,0568000,LOUISVILLE METRO POLICE DEPT,Accepted,JEFFERSON,KY1020,,3RD,ST,S,,CENTRAL,,,,,38.204779463,-85.763939381,9.472,8/17/2021 12:00:00 AM,1708,2,2,0,0,CLOUDY,DRY,False,OTHER INTERSECTION COLLISIONS,REAR END,STRAIGHT & LEVEL,DAYLIGHT,,,8/18/2021 7:21:38 AM,False,7872,Accepted,
28531852,0568000,LOUISVILLE METRO POLICE DEPT,Accepted,JEFFERSON,,4604,LOWE,RD,,,,,,,,38.223650893,-85.610169268,0.381,8/17/2021 12:00:00 AM,0917,2,2,0,0,CLEAR,DRY,False,1 VEHICLE ENTERING/LEAVING ENTRANCE,ANGLE,STRAIGHT & LEVEL,DAYLIGHT,,,8/18/2021 7:22:10 AM,False,5146,Accepted,
28531853,0568000,LOUISVILLE METRO POLICE DEPT,Accepted,JEFFERSON,KY0841,,GENE SNYDER,FWY,,,,,,,,38.322013835,-85.616626689,36.680,8/17/2021 12:00:00 AM,1640,2,2,0,0,CLOUDY,DRY,False,OCCUPANT FELL FROM MOVING VEHICLE,ANGLE,STRAIGHT & GRADE,DAYLIGHT,,,8/18/2021 7:22:43 AM,False,2218,Accepted,
28531859,0568000,LOUISVILLE METRO POLICE DEPT,Accepted,JEFFERSON,KY3064,,PORTLAND,AVE,,,33RD,,,,,38.274934589,-85.800905338,1.098,8/17/2021 12:00:00 AM,1608,2,2,0,0,CLOUDY,WET,False,OTHER INTERSECTION COLLISIONS,REAR END,STRAIGHT & LEVEL,DAYLIGHT,,,8/18/2021 7:23:57 AM,False,7325,Accepted,
28531860,0568000,LOUISVILLE METRO POLICE DEPT,Accepted,JEFFERSON,US0031W,,DIXIE,HWY,,,,,,,,38.153046616,-85.835847215,12.255,8/17/2021 12:00:00 AM,1733,2,2,0,0,CLEAR,DRY,False,REAR END IN TRAFFIC LANES BOTH VEHICLES MOVING,REAR END,STRAIGHT & LEVEL,DAYLIGHT,,,8/18/2021 7:24:12 AM,False,7234,Accepted,
28528716,0568000,LOUISVILLE METRO POLICE DEPT,Accepted,JEFFERSON,KY1065,,OUTER,LOOP,,,,,,,,38.137857524,-85.639774983,8.631,8/17/2021 12:00:00 AM,0851,3,3,0,1,CLEAR,DRY,False,REAR END IN TRAFFIC LANES BOTH VEHICLES MOVING,REAR END,STRAIGHT & LEVEL,DAYLIGHT,,,8/17/2021 2:54:42 PM,False,4693,Accepted,
28528702,0568000,LOUISVILLE METRO POLICE DEPT,Accepted,JEFFERSON,,,MUD,LN,,,,,BROOKLEY,,SOUTHGATE MANOR,38.087834516,-85.673178741,0.619,8/17/2021 12:00:00 AM,0810,2,2,0,0,CLEAR,DRY,False,REAR END IN TRAFFIC LANES BOTH VEHICLES MOVING,REAR END,STRAIGHT & LEVEL,DAYLIGHT,,,8/17/2021 2:53:50 PM,False,2017,Accepted,
28528869,0561000,JEFFERSONTOWN POLICE DEPT,Accepted,JEFFERSON,KY0913,,BLANKENBAKER,PKWY,,,ELECTRON,,,,,38.204907192,-85.538046223,1.544,8/17/2021 12:00:00 AM,0104,1,1,0,1,CLOUDY,DRY,False,COLLISION WITH FIXED OBJECT IN INTERSECTION - FIRST EVENT COLLISION 09 - 32,SINGLE VEHICLE,STRAIGHT & GRADE,DAYLIGHT,,,8/17/2021 3:21:48 PM,False,8292,Accepted,
28531992,0566700,MIDDLETOWN POLICE DEPARTMENT,Accepted,JEFFERSON,US0060,,SHELBYVILLE,RD,,,BECKLEY WOODS,,,,,38.241574117,-85.498473889,12.291,8/17/2021 12:00:00 AM,0605,3,3,0,0,CLEAR,DRY,False,ANGLE COLLISION - OTHER,ANGLE,STRAIGHT & GRADE,DAYLIGHT,,,8/18/2021 7:58:43 AM,False,2020,Accepted,
28567976,0568000,LOUISVILLE METRO POLICE DEPT,Accepted,JEFFERSON,,,RANGOON,WAY,,,GENERAL,,,,,38.175749533,-85.663658316,0.092,8/17/2021 12:00:00 AM,1911,2,2,0,1,CLOUDY,DRY,False,ANGLE COLLISION - ONE VEHICLE TURNING LEFT,ANGLE,STRAIGHT & LEVEL,DAYLIGHT,,,8/27/2021 7:25:44 AM,False,5375,Accepted,
28549731,0568000,LOUISVILLE METRO POLICE DEPT,Accepted,JEFFERSON,,1236,CENTRAL,AVE,,,,,,,,38.208579807,-85.777993274,1.211,8/17/2021 12:00:00 AM,1230,2,2,0,0,CLEAR,DRY,False,1 VEHICLE PARKED POSITION (NOT PARKING LOT/DRIVEWAY),SIDESWIPE-SAME DIRECTION,STRAIGHT & LEVEL,DAYLIGHT,,,8/23/2021 7:30:50 AM,False,7046,Accepted,
28549740,0568000,LOUISVILLE METRO POLICE DEPT,Accepted,JEFFERSON,,,VIRGINIA,AVE,,,34TH,,,,,38.239002839,-85.810280088,0.767,8/17/2021 12:00:00 AM,1904,2,2,0,0,CLEAR,DRY,False,ANGLE COLLISION - OTHER,ANGLE,STRAIGHT & LEVEL,DAYLIGHT,,,8/23/2021 7:31:35 AM,False,5257,Accepted,
28549753,0568000,LOUISVILLE METRO POLICE DEPT,Accepted,JEFFERSON,KY1865,,TAYLOR,BLVD,,,LEHIGH,,,,,38.180350387,-85.783339210,5.085,8/17/2021 12:00:00 AM,1900,2,2,0,1,CLEAR,DRY,False,ANGLE COLLISION - OTHER,ANGLE,STRAIGHT & LEVEL,DAYLIGHT,,,8/23/2021 7:32:35 AM,False,5123,Accepted,
28537063,0560400,SHIVELY POLICE DEPARTMENT,Accepted,JEFFERSON,KY2049,3220,CRUMS,LN,,,,,,,,38.199081892,-85.837013833,0.022,8/17/2021 12:00:00 AM,1620,2,2,0,0,CLEAR,DRY,True,HEAD-ON COLLISION,HEAD ON,STRAIGHT & LEVEL,DAYLIGHT,,,8/19/2021 12:31:27 PM,False,7132,Accepted,
28549780,0568000,LOUISVILLE METRO POLICE DEPT,Accepted,JEFFERSON,I 0264,,I264 E,,,,,,,,,38.226351148,-85.640019772,17.671,8/17/2021 12:00:00 AM,0800,4,4,0,2,CLEAR,DRY,False,REAR END IN TRAFFIC LANES BOTH VEHICLES MOVING,REAR END,STRAIGHT & LEVEL,DAYLIGHT,,,8/23/2021 7:34:45 AM,False,7793,Accepted,
28563366,0568000,LOUISVILLE METRO POLICE DEPT,Accepted,JEFFERSON,,,BROADWAY,,W,,41ST,,,,,38.250343715,-85.819679486,1.678,8/17/2021 12:00:00 AM,1319,2,2,0,2,CLEAR,DRY,False,SIDESWIPE-SAME DIRECTION,SIDESWIPE-SAME DIRECTION,STRAIGHT & LEVEL,DAYLIGHT,,,8/26/2021 7:18:15 AM,False,5257,Accepted,
28531863,0568000,LOUISVILLE METRO POLICE DEPT,Accepted,JEFFERSON,,728,COKE,ST,,,,,,,,38.239435844,-85.741219740,0.255,8/17/2021 12:00:00 AM,0649,2,2,0,0,CLEAR,DRY,False,1 VEHICLE PARKED POSITION (NOT PARKING LOT/DRIVEWAY),SIDESWIPE-OPPOSITE DIRECTION,STRAIGHT & LEVEL,DAWN,,,8/18/2021 7:25:02 AM,False,5175,Accepted,
28531864,0568000,LOUISVILLE METRO POLICE DEPT,Accepted,JEFFERSON,,,HILL,ST,E,,1ST,,,,,38.225470325,-85.756942284,0.550,8/17/2021 12:00:00 AM,1635,2,2,0,1,CLOUDY,WET,False,ANGLE COLLISION - OTHER,ANGLE,STRAIGHT & LEVEL,DAYLIGHT,,,8/18/2021 7:25:09 AM,False,5175,Accepted,
28531871,0568000,LOUISVILLE METRO POLICE DEPT,Accepted,JEFFERSON,KY1450,8714,BLUE LICK,RD,,,,,,,,38.123097152,-85.689455908,2.642,8/17/2021 12:00:00 AM,2203,1,1,0,0,CLEAR,DRY,False,COLLISION WITH FIXED OBJECT NON - INTERSECTION - FIRST EVENT COLLISION 09 - 32 EXCLUDING 16,SINGLE VEHICLE,STRAIGHT & LEVEL,DARK (UNKNOWN ROADWAY LIGHTING),,,8/18/2021 7:26:42 AM,False,5336,Accepted,
28531872,0568000,LOUISVILLE METRO POLICE DEPT,Accepted,JEFFERSON,KY1747,,FERN VALLEY,RD,,,OLD FERN VALLEY,,,,,38.157527719,-85.686363092,2.517,8/17/2021 12:00:00 AM,2211,2,2,0,0,CLEAR,DRY,True,ANGLE COLLISION - OTHER,ANGLE,STRAIGHT & LEVEL,DARK-HWY LIGHTED/ON,,,8/18/2021 7:26:55 AM,False,5214,Accepted,
28528715,0568000,LOUISVILLE METRO POLICE DEPT,Accepted,JEFFERSON,KY1020,,NATIONAL,TPKE,,KY0841,KY841 RAMP TO KY1020,,,,,38.116988076,-85.748090399,3.024,8/17/2021 12:00:00 AM,0844,2,2,0,0,CLOUDY,DRY,False,OTHER INTERSECTION COLLISIONS,REAR END,STRAIGHT & LEVEL,DAYLIGHT,,,8/17/2021 2:54:39 PM,False,7772,Accepted,
28531866,0568000,LOUISVILLE METRO POLICE DEPT,Accepted,JEFFERSON,,,LIBERTY,ST,W,KY1020,2ND,,,,,38.252692998,-85.753816427,0.791,8/17/2021 12:00:00 AM,1624,2,2,0,1,CLOUDY,DRY,False,OPPOSING LEFT TURN,OPPOSING LEFT TURN,STRAIGHT & LEVEL,DAYLIGHT,,,8/18/2021 7:25:25 AM,False,7239,Accepted,
28531044,0561000,JEFFERSONTOWN POLICE DEPT,Accepted,JEFFERSON,I 0064,,I64 W,,,,,I 0064,I64 W EXIT17 ON RAMP FROM KY913 S,I 0064,I64 W EXIT15 OFF RAMP FROM KY1747,38.223981375,-85.545199990,16.710,8/17/2021 12:00:00 AM,2145,1,1,0,1,CLOUDY,DRY,False,OTHER COLLISIONS ON SHOULDER,SINGLE VEHICLE,STRAIGHT & LEVEL,DARK-HWY LIGHTED/ON,,,8/18/2021 12:34:52 AM,False,8316,Accepted,
28531848,0568000,LOUISVILLE METRO POLICE DEPT,Accepted,JEFFERSON,,4511,LAKE DREAMLAND,RD,,,,,,,,38.208391308,-85.862126333,0.653,8/17/2021 12:00:00 AM,1322,2,2,0,0,CLOUDY,DRY,True,1 VEHICLE PARKED POSITION (NOT PARKING LOT/DRIVEWAY),ANGLE,STRAIGHT & LEVEL,DAYLIGHT,,,8/18/2021 7:20:13 AM,False,7656,Accepted,
28536695,0560000,JEFFERSON COUNTY SHERIFF DEPT.,Accepted,JEFFERSON,,,WALLINGFORD,LN,,,SIX MILE,,,,,38.197865605,-85.632781575,0.212,8/17/2021 12:00:00 AM,1610,2,2,0,0,CLEAR,DRY,False,COLLISION WITH PARKED VEHICLE,SIDESWIPE-SAME DIRECTION,STRAIGHT & LEVEL,DAYLIGHT,,,8/19/2021 10:47:42 AM,False,3949,Accepted,
28528295,0564500,PROSPECT POLICE DEPARTMENT,Accepted,JEFFERSON,KY3222,8000,ROSE ISLAND,RD,,,,US0042,US42,US0042,US42,38.367444864,-85.617870606,0.947,8/17/2021 12:00:00 AM,0023,1,1,0,1,CLOUDY,WET,False,COLLISION WITH FIXED OBJECT NON - INTERSECTION - FIRST EVENT COLLISION 09 - 32 EXCLUDING 16,SINGLE VEHICLE,CURVE & LEVEL,DARK-HWY NOT LIGHTED,,,8/17/2021 1:23:06 PM,False,1134,Accepted,
28528704,0568000,LOUISVILLE METRO POLICE DEPT,Accepted,JEFFERSON,KY1727,,TERRY,RD,,,FRANK LEE,,,,,38.166476398,-85.866206127,3.144,8/17/2021 12:00:00 AM,0922,2,2,0,1,CLOUDY,DRY,False,REAR END - ONE VEHICLE TURNING LEFT,REAR END,STRAIGHT & LEVEL,DAYLIGHT,,,8/17/2021 2:53:57 PM,False,7339,Accepted,
28528705,0568000,LOUISVILLE METRO POLICE DEPT,Accepted,JEFFERSON,,,BROADWAY,,W,,,,,,,38.249953187,-85.809946507,1.184,8/16/2021 12:00:00 AM,1803,2,2,0,2,CLEAR,DRY,False,1 VEHICLE ENTERING/LEAVING ENTRANCE,ANGLE,STRAIGHT & LEVEL,DAYLIGHT,,,8/17/2021 2:54:00 PM,False,5179,Accepted,
28527133,0568000,LOUISVILLE METRO POLICE DEPT,Accepted,JEFFERSON,I 0265,,I265 E,,,,,I 0265,I265 E EXIT14 ON RAMP FROM  COOPER CHAPEL RD,I 0265,I265 E EXIT15 OFF RAMP TO KY864,38.118923307,-85.638114710,13.846,8/16/2021 12:00:00 AM,1530,2,2,0,0,CLOUDY,DRY,True,OTHER ROADWAY OR MID-BLOCK COLLISION,,STRAIGHT & LEVEL,DAYLIGHT,,,8/17/2021 7:15:43 AM,False,7465,Accepted,
28527134,0568000,LOUISVILLE METRO POLICE DEPT,Accepted,JEFFERSON,,,13TH,ST,S,,MUHAMMAD ALI,,,,,38.252765815,-85.772421260,0.381,8/16/2021 12:00:00 AM,1049,2,2,0,2,RAINING,WET,False,ANGLE COLLISION - OTHER,ANGLE,STRAIGHT & LEVEL,DAYLIGHT,,,8/17/2021 7:15:47 AM,False,7628,Accepted,
28527141,0568000,LOUISVILLE METRO POLICE DEPT,Accepted,JEFFERSON,,,SHELBY,ST,S,,ZIEGLER,,,,,38.221710921,-85.743513705,0.638,8/16/2021 12:00:00 AM,0904,2,2,0,0,CLOUDY,DRY,False,ANGLE COLLISION - OTHER,ANGLE,STRAIGHT & LEVEL,DAYLIGHT,,,8/17/2021 7:16:15 AM,False,5301,Accepted,
28527142,0568000,LOUISVILLE METRO POLICE DEPT,Accepted,JEFFERSON,US0060A,,EASTERN,PKWY,,,BRADLEY,,,,,38.212537048,-85.747014847,4.277,8/16/2021 12:00:00 AM,1403,2,2,0,0,CLOUDY,DRY,False,ANGLE COLLISION - OTHER,ANGLE,STRAIGHT & LEVEL,DAYLIGHT,,,8/17/2021 7:16:18 AM,False,5301,Accepted,
28527150,0568000,LOUISVILLE METRO POLICE DEPT,Accepted,JEFFERSON,US0031E,6620,BARDSTOWN,RD,,,,,,,,38.150086767,-85.587926687,5.529,8/16/2021 12:00:00 AM,1708,2,2,0,0,CLEAR,DRY,False,COLLISION IN PARKING LOT,REAR END,STRAIGHT & LEVEL,DAYLIGHT,,,8/17/2021 7:16:42 AM,False,7484,Accepted,
28527151,0568000,LOUISVILLE METRO POLICE DEPT,Accepted,JEFFERSON,I 0264,,I264 E,,,,,,,,,38.230760425,-85.631604882,18.213,8/16/2021 12:00:00 AM,1707,2,2,0,0,CLEAR,DRY,False,REAR END IN TRAFFIC LANES BOTH VEHICLES MOVING,REAR END,STRAIGHT & LEVEL,DAYLIGHT,,,8/17/2021 7:16:46 AM,False,5006,Accepted,
28527159,0568000,LOUISVILLE METRO POLICE DEPT,Accepted,JEFFERSON,KY1703,1920,NEWBURG,RD,,,,,,,,38.221453333,-85.710272599,4.181,8/16/2021 12:00:00 AM,2000,2,2,0,0,CLEAR,DRY,False,1 VEHICLE ENTERING/LEAVING ENTRANCE,ANGLE,STRAIGHT & GRADE,DAYLIGHT,,,8/17/2021 7:17:34 AM,False,5296,Accepted,
28524529,0568000,LOUISVILLE METRO POLICE DEPT,Accepted,JEFFERSON,,629,ORMSBY,AVE,W,,,,,,,38.233193298,-85.764485658,0.480,8/16/2021 12:00:00 AM,0710,4,4,0,0,CLEAR,DRY,False,1 VEHICLE PARKED POSITION (NOT PARKING LOT/DRIVEWAY),SIDESWIPE-SAME DIRECTION,STRAIGHT & LEVEL,DAYLIGHT,,,8/16/2021 2:19:53 PM,False,7433,Accepted,
28527135,0568000,LOUISVILLE METRO POLICE DEPT,Accepted,JEFFERSON,US0031E,,BARDSTOWN,RD,,KY2053,THIXTON,,,,,38.100691455,-85.565483397,1.922,8/16/2021 12:00:00 AM,1554,3,3,0,2,CLOUDY,WET,False,OTHER INTERSECTION COLLISIONS,REAR END,STRAIGHT & LEVEL,DAYLIGHT,,,8/17/2021 7:15:51 AM,False,7698,Accepted,
28527136,0568000,LOUISVILLE METRO POLICE DEPT,Accepted,JEFFERSON,US0031E,,BARDSTOWN,RD,,,,,BARINGER,US0060A,EASTERN,38.232725994,-85.710643947,14.719,8/16/2021 12:00:00 AM,1615,2,2,0,0,CLOUDY,DRY,True,SIDESWIPE COLLISION - SAME DIRECTION,SIDESWIPE-SAME DIRECTION,STRAIGHT & LEVEL,DAYLIGHT,,,8/17/2021 7:15:55 AM,False,7570,Accepted,
28527143,0568000,LOUISVILLE METRO POLICE DEPT,Accepted,JEFFERSON,I 0065,,,,,,,,,,,38.178017510,-85.720528691,0.288,8/16/2021 12:00:00 AM,1350,2,1,0,1,CLOUDY,DRY,True,OTHER RAMP RELATED COLLISIONS NOT LISTED ABOVE,SINGLE VEHICLE,STRAIGHT & LEVEL,DAYLIGHT,I 0065,GRADE LN,8/17/2021 7:16:22 AM,False,7751,Accepted,
28527144,0568000,LOUISVILLE METRO POLICE DEPT,Accepted,JEFFERSON,KY1703,,BAXTER,AVE,,,,,LUCIA,,BEECHWOOD,38.235676287,-85.720662189,5.314,8/16/2021 12:00:00 AM,1612,2,2,0,0,CLEAR,DRY,False,1 VEHICLE PARKED POSITION (NOT PARKING LOT/DRIVEWAY),SIDESWIPE-SAME DIRECTION,STRAIGHT & LEVEL,DAYLIGHT,,,8/17/2021 7:16:26 AM,False,7129,Accepted,
28535999,0568000,LOUISVILLE METRO POLICE DEPT,Accepted,JEFFERSON,US0031,,CLARK MEMORIAL,BRG,,,,,,,,38.259274242,-85.752641132,0.212,8/16/2021 12:00:00 AM,0640,2,2,0,0,CLEAR,DRY,False,HEAD-ON COLLISION,HEAD ON,STRAIGHT & LEVEL,DAYLIGHT,,,8/19/2021 7:20:20 AM,False,5318,Accepted,
28531849,0568000,LOUISVILLE METRO POLICE DEPT,Accepted,JEFFERSON,,,1ST,ST,S,,WELLINGTON,,,,,38.183564484,-85.762512810,3.698,8/16/2021 12:00:00 AM,1433,2,2,0,0,CLOUDY,DRY,False,ANGLE COLLISION - OTHER,ANGLE,STRAIGHT & LEVEL,DAYLIGHT,,,8/18/2021 7:20:36 AM,False,7472,Accepted,
28527152,0568000,LOUISVILLE METRO POLICE DEPT,Accepted,JEFFERSON,KY0841,,GENE SNYDER,FWY,,,,,,,,38.322437723,-85.617188350,36.721,8/16/2021 12:00:00 AM,2032,1,1,0,1,RAINING,WET,False,COLLISION WITH FIXED OBJECT NON - INTERSECTION - FIRST EVENT COLLISION 09 - 32 EXCLUDING 16,SINGLE VEHICLE,STRAIGHT & LEVEL,DARK-HWY LIGHTED/ON,,,8/17/2021 7:16:49 AM,False,5155,Accepted,
28527153,0568000,LOUISVILLE METRO POLICE DEPT,Accepted,JEFFERSON,KY0061,,PRESTON,HWY,,I 0265,I265 W EXIT12 ON RAMP FROM KY61 N,,,,,38.111740733,-85.675333961,1.991,8/16/2021 12:00:00 AM,1959,2,2,0,0,CLEAR,DRY,False,ANGLE COLLISION - ONE VEHICLE TURNING LEFT,ANGLE,STRAIGHT & GRADE,DAYLIGHT,,,8/17/2021 7:16:53 AM,False,5336,Accepted,
28527160,0568000,LOUISVILLE METRO POLICE DEPT,Accepted,JEFFERSON,,,MUHAMMAD ALI,BLVD,W,US0031W,DR W J HODGE,,,,,38.254282966,-85.785638087,1.816,8/16/2021 12:00:00 AM,1958,2,2,0,0,CLEAR,DRY,False,ANGLE COLLISION - OTHER,ANGLE,STRAIGHT & LEVEL,DAYLIGHT,,,8/17/2021 7:17:41 AM,True,5271,Accepted,
28528706,0568000,LOUISVILLE METRO POLICE DEPT,Accepted,JEFFERSON,,,1ST,ST,S,,,,,,,38.246028216,-85.753330578,0.700,8/16/2021 12:00:00 AM,1055,2,2,0,0,RAINING,WET,False,SIDESWIPE COLLISION - SAME DIRECTION,SIDESWIPE-SAME DIRECTION,STRAIGHT & LEVEL,DAYLIGHT,,,8/17/2021 2:54:04 PM,False,8278,Accepted,
28531873,0568000,LOUISVILLE METRO POLICE DEPT,Accepted,JEFFERSON,I 0065,,,,,,,,,,,38.191417249,-85.733278905,1.433,8/16/2021 12:00:00 AM,1956,1,1,0,1,CLEAR,DRY,False,COLLISION WITH FIXED OBJECT NOT IN GORE ,SINGLE VEHICLE,STRAIGHT & GRADE,DAYLIGHT,I 0065,I 0264,8/18/2021 7:27:10 AM,False,7291,Accepted,
28541557,0568000,LOUISVILLE METRO POLICE DEPT,Accepted,JEFFERSON,,,26TH,ST,S,,MADISON,,,,,38.254011059,-85.794388525,0.409,8/16/2021 12:00:00 AM,1818,2,2,0,0,CLEAR,DRY,False,ANGLE COLLISION - OTHER,ANGLE,CURVE & LEVEL,DAYLIGHT,,,8/20/2021 1:54:41 PM,False,5124,Accepted,
28534871,0565000,LYNDON POLICE DEPARTMENT,Accepted,JEFFERSON,US0060,,SHELBYVILLE,RD,,,,,,,,38.247795596,-85.594178777,6.916,8/16/2021 12:00:00 AM,1750,2,2,0,0,CLEAR,DRY,False,OTHER COLLISIONS ON SHOULDER,SIDESWIPE-SAME DIRECTION,STRAIGHT & LEVEL,DAYLIGHT,,,8/18/2021 11:18:58 PM,False,1349,Accepted,
28567989,0568000,LOUISVILLE METRO POLICE DEPT,Accepted,JEFFERSON,,,12TH,ST,S,,,US0150,BROADWAY,,BRECKINRIDGE,38.245678204,-85.771936523,0.510,8/16/2021 12:00:00 AM,2000,2,2,0,0,CLEAR,DRY,False,1 VEHICLE PARKED POSITION (NOT PARKING LOT/DRIVEWAY),SIDESWIPE-SAME DIRECTION,STRAIGHT & LEVEL,DAYLIGHT,,,8/27/2021 7:26:39 AM,False,7746,Accepted,
28578491,0568000,LOUISVILLE METRO POLICE DEPT,Accepted,JEFFERSON,,,4TH,ST,S,,BASEBALL,,,,,38.239405535,-85.759547353,1.199,8/16/2021 12:00:00 AM,1607,3,1,0,1,CLEAR,DRY,False,COLLISION WITH PARKED VEHICLE,REAR END,STRAIGHT & LEVEL,DAYLIGHT,,,8/30/2021 12:22:48 PM,False,5378,Accepted,
29312651,0568000,LOUISVILLE METRO POLICE DEPT,Accepted,JEFFERSON,I 0064,,I64 W,,,,,,,,,38.218629678,-85.423011178,23.392,8/16/2021 12:00:00 AM,0215,2,2,0,0,CLOUDY,DRY,False,SIDESWIPE COLLISION - SAME DIRECTION,SIDESWIPE-SAME DIRECTION,STRAIGHT & LEVEL,DARK-HWY LIGHTED/ON,,,11/15/2021 8:20:29 AM,False,5329,Accepted,
28531870,0568000,LOUISVILLE METRO POLICE DEPT,Accepted,JEFFERSON,KY1020,,2ND,ST,S,,,,MUHAMMAD ALI,,CHESTNUT,38.249676446,-85.754450214,12.363,8/16/2021 12:00:00 AM,0608,2,2,0,0,CLEAR,DRY,False,1 VEHICLE ENTERING/LEAVING ENTRANCE,ANGLE,STRAIGHT & LEVEL,DARK-HWY LIGHTED/ON,,,8/18/2021 7:26:24 AM,False,5341,Accepted,
28528701,0568000,LOUISVILLE METRO POLICE DEPT,Accepted,JEFFERSON,,8424,HUDSON,LN,,,,,,,,38.167150007,-85.598633530,0.161,8/16/2021 12:00:00 AM,2250,1,1,0,0,CLOUDY,DRY,False,COLLISION WITH FIXED OBJECT NON - INTERSECTION - FIRST EVENT COLLISION 09 - 32 EXCLUDING 16,SINGLE VEHICLE,STRAIGHT & LEVEL,OTHER,,,8/17/2021 2:53:46 PM,False,2017,Accepted,
28528711,0568000,LOUISVILLE METRO POLICE DEPT,Accepted,JEFFERSON,I 0065,,,,,,,,,,,38.140490641,-85.709389677,1.244,8/16/2021 12:00:00 AM,1621,2,2,0,0,CLEAR,DRY,False,OTHER RAMP RELATED COLLISIONS NOT LISTED ABOVE,SIDESWIPE-SAME DIRECTION,STRAIGHT & LEVEL,DAYLIGHT,I 0065,KY1065,8/17/2021 2:54:16 PM,False,8278,Accepted,
28527140,0568000,LOUISVILLE METRO POLICE DEPT,Accepted,JEFFERSON,US0031W,,DIXIE,HWY,,,,,,,,38.170600876,-85.826916604,13.463,8/16/2021 12:00:00 AM,1346,4,4,0,2,CLOUDY,DRY,False,1 VEHICLE PARKED POSITION (NOT PARKING LOT/DRIVEWAY),ANGLE,STRAIGHT & LEVEL,DAYLIGHT,,,8/17/2021 7:16:11 AM,False,7340,Accepted,
28527148,0568000,LOUISVILLE METRO POLICE DEPT,Accepted,JEFFERSON,KY1931,,GREENWOOD,RD,,,,,,,,38.143529835,-85.841274966,3.052,8/16/2021 12:00:00 AM,1820,2,2,0,0,CLOUDY,DRY,False,SIDESWIPE COLLISION - SAME DIRECTION,SIDESWIPE-SAME DIRECTION,STRAIGHT & LEVEL,DAYLIGHT,,,8/17/2021 7:16:38 AM,False,7723,Accepted,