IncidentID,AgencyORI,AgencyName,IncidentStatusDesc,County,RdwyNumber,Street,RoadwayName,StreetSfx,StreetDir,IntersectionRdwy,IntersectionRdwyName,BetweenStRdwy1,BetweenStRdwyName1,BetweenStRdwy2,BetweenStRdwyName2,Latitude,Longitude,Milepoint,CollisionDate,CollisionTime,UnitsInvolved,MotorVehiclesInvolved,NumberKilled,NumberInjured,Weather,RdwyConditionCode,HitandRun,DirAnalysisCode,MannerofCollision,RdwyCharacter,LightCondition,RampFromRdwyId,RampToRdwyId,AcceptedDate,IsSecondaryCollision,OwnerBadge,IncidentStatus,
28527156,0568000,LOUISVILLE METRO POLICE DEPT,Accepted,JEFFERSON,KY1065,,OUTER,LOOP,,,BRIARCLIFF,,,,,38.136154840,-85.697104118,5.463,8/16/2021 12:00:00 AM,2212,3,3,0,2,CLEAR,DRY,True,OPPOSING LEFT TURN,OPPOSING LEFT TURN,STRAIGHT & LEVEL,DARK-HWY LIGHTED/ON,,,8/17/2021 7:17:04 AM,False,7100,Accepted,
28531861,0568000,LOUISVILLE METRO POLICE DEPT,Accepted,JEFFERSON,KY0907,,3RD ST,RD,,,,,BRUCE,,SHOREWOOD,38.144442743,-85.776976516,6.177,8/16/2021 12:00:00 AM,1253,2,2,0,0,RAINING,WET,False,1 VEHICLE ENTERING/LEAVING ENTRANCE,ANGLE,STRAIGHT & LEVEL,DAYLIGHT,,,8/18/2021 7:24:48 AM,False,7232,Accepted,
28527132,0568000,LOUISVILLE METRO POLICE DEPT,Accepted,JEFFERSON,US0150,,BROADWAY,,E,,BROOK,,,,,38.245591839,-85.751715240,2.730,8/16/2021 12:00:00 AM,1230,2,2,0,0,RAINING,WET,False,ANGLE COLLISION - OTHER,ANGLE,STRAIGHT & LEVEL,DAYLIGHT,,,8/17/2021 7:15:40 AM,False,7823,Accepted,
28524525,0568000,LOUISVILLE METRO POLICE DEPT,Accepted,JEFFERSON,,,WITHERSPOON,ST,E,,RIVER,,,,,38.260066884,-85.736740284,0.862,8/16/2021 12:00:00 AM,0113,1,1,0,1,CLOUDY,DRY,False,COLLISION WITH FIXED OBJECT IN INTERSECTION - FIRST EVENT COLLISION 09 - 32,SINGLE VEHICLE,STRAIGHT & LEVEL,DUSK,,,8/16/2021 2:19:45 PM,False,7904,Accepted,
28524564,0568000,LOUISVILLE METRO POLICE DEPT,Accepted,JEFFERSON,KY1747,,HURSTBOURNE,PKWY,S,KY1747,KY1747 CROSSOVER,,,,,38.161931087,-85.639615756,5.212,8/16/2021 12:00:00 AM,1246,2,2,0,0,RAINING,WET,False,OTHER INTERSECTION COLLISIONS,REAR END,STRAIGHT & GRADE,DAYLIGHT,,,8/16/2021 2:21:09 PM,False,2017,Accepted,
28524583,0568000,LOUISVILLE METRO POLICE DEPT,Accepted,JEFFERSON,KY0155,,TAYLORSVILLE,RD,,,,,,,,38.220195573,-85.630501732,13.592,8/16/2021 12:00:00 AM,1012,2,2,0,0,CLOUDY,DRY,False,REAR END IN TRAFFIC LANES BOTH VEHICLES MOVING,REAR END,STRAIGHT & LEVEL,DAYLIGHT,,,8/16/2021 2:25:59 PM,False,4903,Accepted,
28527131,0568000,LOUISVILLE METRO POLICE DEPT,Accepted,JEFFERSON,US0150,,BROADWAY,,W,KY1020,2ND,,,,,38.245853977,-85.755062283,2.559,8/16/2021 12:00:00 AM,1250,3,3,0,2,CLOUDY,WET,False,ANGLE COLLISION - OTHER,ANGLE,STRAIGHT & LEVEL,DAYLIGHT,,,8/17/2021 7:15:36 AM,False,7216,Accepted,
28527137,0568000,LOUISVILLE METRO POLICE DEPT,Accepted,JEFFERSON,KY1931,,ST ANDREWS CHURCH,RD,,,BROOKVIEW,,,,,38.152763433,-85.817633224,4.535,8/16/2021 12:00:00 AM,1702,2,2,0,0,CLOUDY,DRY,False,OTHER INTERSECTION COLLISIONS,REAR END,STRAIGHT & LEVEL,DAYLIGHT,,,8/17/2021 7:15:59 AM,False,7723,Accepted,
28527138,0568000,LOUISVILLE METRO POLICE DEPT,Accepted,JEFFERSON,US0031W,,DIXIE,HWY,,KY1849,MOORMAN,,,,,38.089497404,-85.877319257,7.247,8/16/2021 12:00:00 AM,1625,2,2,0,3,CLEAR,DRY,False,ANGLE COLLISION - OTHER,ANGLE,STRAIGHT & LEVEL,DAYLIGHT,,,8/17/2021 7:16:02 AM,False,2936,Accepted,
28527145,0568000,LOUISVILLE METRO POLICE DEPT,Accepted,JEFFERSON,KY1065,,LOVERS,LN,,,,,FERN CREEK,,VETERANS,38.153847445,-85.572683478,12.795,8/16/2021 12:00:00 AM,1438,2,2,0,0,CLOUDY,WET,False,HEAD-ON COLLISION,HEAD ON,CURVE & LEVEL,DAYLIGHT,,,8/17/2021 7:16:30 AM,False,7278,Accepted,
28527146,0568000,LOUISVILLE METRO POLICE DEPT,Accepted,JEFFERSON,US0150,,BROADWAY,,W,,12TH ST CONN,,,,,38.247594150,-85.771626195,1.650,8/16/2021 12:00:00 AM,1743,2,2,0,2,CLEAR,DRY,False,ANGLE COLLISION - OTHER,ANGLE,STRAIGHT & LEVEL,DAYLIGHT,,,8/17/2021 7:16:34 AM,False,5187,Accepted,
28527154,0568000,LOUISVILLE METRO POLICE DEPT,Accepted,JEFFERSON,KY2845,,MANSLICK,RD,E,,SHEPHERDSVILLE,,,,,38.119372445,-85.668725894,0.468,8/16/2021 12:00:00 AM,2033,2,2,0,1,CLEAR,DRY,False,ANGLE COLLISION - ONE VEHICLE TURNING LEFT,ANGLE,STRAIGHT & LEVEL,DUSK,,,8/17/2021 7:16:57 AM,False,7100,Accepted,
28524531,0568000,LOUISVILLE METRO POLICE DEPT,Accepted,JEFFERSON,KY1020,,SOUTHERN,PKWY,,,WOODLAWN,,,,,38.181833161,-85.768414524,7.839,8/16/2021 12:00:00 AM,0742,3,3,0,0,CLOUDY,DRY,True,OTHER INTERSECTION COLLISIONS,REAR END,CURVE & LEVEL,DAYLIGHT,,,8/16/2021 2:19:57 PM,False,7872,Accepted,
28524540,0568000,LOUISVILLE METRO POLICE DEPT,Accepted,JEFFERSON,KY1931,,7TH ST,RD,,KY2054,ALGONQUIN,,,,,38.220042777,-85.777411275,10.523,8/16/2021 12:00:00 AM,0801,3,3,0,1,CLOUDY,WET,True,SIDESWIPE-SAME DIRECTION,SIDESWIPE-SAME DIRECTION,CURVE & LEVEL,DAYLIGHT,,,8/16/2021 2:20:15 PM,False,5252,Accepted,
28527130,0568000,LOUISVILLE METRO POLICE DEPT,Accepted,JEFFERSON,,,4TH,ST,S,,REESER,,,,,38.224229923,-85.762216017,2.255,8/16/2021 12:00:00 AM,0743,2,2,0,0,CLOUDY,WET,False,OPPOSITE DIRECTION - BOTH VEHICLES GOING STRAIGHT AHEAD,SIDESWIPE-OPPOSITE DIRECTION,STRAIGHT & LEVEL,DAYLIGHT,,,8/17/2021 7:15:31 AM,False,5175,Accepted,
28549801,0568000,LOUISVILLE METRO POLICE DEPT,Accepted,JEFFERSON,KY2052,,SHEPHERDSVILLE,RD,,KY1747,FERN VALLEY,,,,,38.156315294,-85.659776556,1.201,8/16/2021 12:00:00 AM,1801,2,2,0,0,CLEAR,DRY,False,ANGLE COLLISION - OTHER,ANGLE,STRAIGHT & LEVEL,DAYLIGHT,,,8/23/2021 7:35:48 AM,False,7283,Accepted,
28531868,0568000,LOUISVILLE METRO POLICE DEPT,Accepted,JEFFERSON,US0031W,,DIXIE,HWY,,,,,ABBOTTS BEACH,,ELEENA,38.015751573,-85.923830571,1.427,8/16/2021 12:00:00 AM,1927,2,2,0,0,CLEAR,DRY,True,SIDESWIPE COLLISION - SAME DIRECTION,SIDESWIPE-SAME DIRECTION,STRAIGHT & LEVEL,DAYLIGHT,,,8/18/2021 7:25:53 AM,False,5279,Accepted,
28537150,0568000,LOUISVILLE METRO POLICE DEPT,Accepted,JEFFERSON,KY1747,600,FERN VALLEY,RD,,,,KY0864,POPLAR LEVEL,,FEGENBUSH,38.160338912,-85.642213024,5.033,8/15/2021 12:00:00 AM,0357,2,1,1,0,CLOUDY,DRY,True,OTHER ROADWAY OR MID-BLOCK COLLISION,SINGLE VEHICLE,STRAIGHT & LEVEL,DARK-HWY NOT LIGHTED,,,8/19/2021 1:00:44 PM,False,2217,Accepted,
28554295,0568000,LOUISVILLE METRO POLICE DEPT,Accepted,JEFFERSON,KY1020,,NATIONAL,TPKE,,,HARRISON,,,,,38.095324134,-85.735911917,1.236,8/15/2021 12:00:00 AM,0750,1,1,0,1,CLEAR,DRY,False,COLLISION WITH FIXED OBJECT IN INTERSECTION - FIRST EVENT COLLISION 09 - 32,SINGLE VEHICLE,CURVE & LEVEL,DAYLIGHT,,,8/24/2021 7:29:04 AM,False,7263,Accepted,
28559126,0568000,LOUISVILLE METRO POLICE DEPT,Accepted,JEFFERSON,US0031E,1147,BARDSTOWN,RD,,,,,ELLWOOD,,PATTERSON,38.237551154,-85.719332076,15.316,8/15/2021 12:00:00 AM,1205,2,2,0,0,CLOUDY,DRY,True,1 VEHICLE ENTERING/LEAVING ENTRANCE,ANGLE,STRAIGHT & LEVEL,DAYLIGHT,,,8/25/2021 7:28:34 AM,False,5020,Accepted,
28522118,0568000,LOUISVILLE METRO POLICE DEPT,Accepted,JEFFERSON,US0060,,FRANKFORT,AVE,,,,,INGLE,KY2048,CANNONS,38.254022212,-85.669895460,2.766,8/15/2021 12:00:00 AM,1551,2,2,0,1,CLEAR,DRY,False,1 VEHICLE ENTERING/LEAVING ENTRANCE,ANGLE,STRAIGHT & LEVEL,DAYLIGHT,,,8/16/2021 7:45:38 AM,False,7632,Accepted,
28522126,0568000,LOUISVILLE METRO POLICE DEPT,Accepted,JEFFERSON,,612,FLORAL,TER,,,6TH,,,,,38.232615655,-85.765175679,0.057,8/15/2021 12:00:00 AM,0800,1,1,0,0,CLEAR,DRY,True,OTHER INTERSECTION COLLISIONS,SINGLE VEHICLE,STRAIGHT & LEVEL,UNKNOWN,,,8/16/2021 7:46:11 AM,False,5267,Accepted,
28522090,0568000,LOUISVILLE METRO POLICE DEPT,Accepted,JEFFERSON,,,LEXINGTON,RD,,US0031E,BAXTER,,,,,38.248508806,-85.730689079,0.134,8/15/2021 12:00:00 AM,0051,2,2,0,0,CLEAR,DRY,False,ANGLE COLLISION - OTHER,ANGLE,CURVE & LEVEL,DARK-HWY LIGHTED/ON,,,8/16/2021 7:44:16 AM,False,5195,Accepted,
28522116,0568000,LOUISVILLE METRO POLICE DEPT,Accepted,JEFFERSON,,,MUHAMMAD ALI,BLVD,W,,8TH,,,,,38.251871676,-85.764131252,0.635,8/15/2021 12:00:00 AM,1651,2,2,0,7,CLOUDY,DRY,False,ANGLE COLLISION - OTHER,ANGLE,STRAIGHT & LEVEL,DAYLIGHT,,,8/16/2021 7:45:29 AM,False,7937,Accepted,
28522123,0568000,LOUISVILLE METRO POLICE DEPT,Accepted,JEFFERSON,I 0065,,I65 N EXIT130 TRANSIT,,,,,,,,,38.181330296,-85.721035240,0.351,8/15/2021 12:00:00 AM,0711,2,2,0,0,CLOUDY,DRY,True,SIDESWIPE COLLISION - SAME DIRECTION,SIDESWIPE-SAME DIRECTION,STRAIGHT & LEVEL,DAYLIGHT,,,8/16/2021 7:45:57 AM,False,5037,Accepted,
28522124,0568000,LOUISVILLE METRO POLICE DEPT,Accepted,JEFFERSON,KY0907,8800,3RD ST,RD,,,,,,,,38.116594940,-85.811134140,3.429,8/15/2021 12:00:00 AM,1328,1,1,0,0,CLEAR,DRY,False,COLLISION WITH FIXED OBJECT NON - INTERSECTION - FIRST EVENT COLLISION 09 - 32 EXCLUDING 16,SINGLE VEHICLE,CURVE & LEVEL,DAYLIGHT,,,8/16/2021 7:46:04 AM,False,5371,Accepted,
28522101,0568000,LOUISVILLE METRO POLICE DEPT,Accepted,JEFFERSON,KY1020,1341,2ND,ST,S,,,,,,,38.229925276,-85.757982381,10.992,8/15/2021 12:00:00 AM,0714,4,4,0,3,CLOUDY,DRY,False,REAR END IN TRAFFIC LANES BOTH VEHICLES MOVING,REAR END,STRAIGHT & LEVEL,DAWN,,,8/16/2021 7:44:47 AM,False,7495,Accepted,
28522109,0568000,LOUISVILLE METRO POLICE DEPT,Accepted,JEFFERSON,,,BASHFORD MANOR,LN,,US0031E,BARDSTOWN,,,,,38.202587788,-85.665155592,0.048,8/15/2021 12:00:00 AM,0953,2,2,0,0,CLOUDY,DRY,False,ANGLE COLLISION - OTHER,ANGLE,STRAIGHT & LEVEL,DAYLIGHT,,,8/16/2021 7:45:10 AM,False,5349,Accepted,
28531650,0560400,SHIVELY POLICE DEPARTMENT,Accepted,JEFFERSON,I 0264,4400,I264 E,,,,,,,,,38.185713754,-85.822071570,6.965,8/15/2021 12:00:00 AM,1229,2,2,0,0,CLOUDY,DRY,False,SIDESWIPE COLLISION - SAME DIRECTION,SIDESWIPE-SAME DIRECTION,STRAIGHT & LEVEL,DAYLIGHT,,,8/18/2021 6:28:49 AM,False,7082,Accepted,
28527455,KSP0400,KY STATE POLICE POST 04,Accepted,JEFFERSON,I 0071,,I71 S,,,,,,,,,38.318414714,-85.571181260,9.735,8/15/2021 12:00:00 AM,1946,2,2,0,0,CLOUDY,DRY,True,1 VEHICLE PARKED POSITION (NOT PARKING LOT/DRIVEWAY),SIDESWIPE-SAME DIRECTION,STRAIGHT & LEVEL,DAYLIGHT,,,8/17/2021 8:39:52 AM,False,521,Accepted,
28531867,0568000,LOUISVILLE METRO POLICE DEPT,Accepted,JEFFERSON,,400,JEFFERSON,ST,E,,,,,,,38.252613609,-85.745362741,0.597,8/15/2021 12:00:00 AM,1729,2,1,0,1,CLOUDY,DRY,True,OTHER ROADWAY OR MID-BLOCK COLLISION,SINGLE VEHICLE,STRAIGHT & LEVEL,DAYLIGHT,,,8/18/2021 7:25:41 AM,False,7239,Accepted,
28533134,0568000,LOUISVILLE METRO POLICE DEPT,Accepted,JEFFERSON,I 0064,,,,,,,,,,,38.234599584,-85.657642009,0.280,8/15/2021 12:00:00 AM,1818,2,2,0,0,CLEAR,DRY,True,OTHER RAMP RELATED COLLISIONS NOT LISTED ABOVE,BACKING,CURVE & LEVEL,DAYLIGHT,I 0064,KY2048,8/18/2021 1:35:05 PM,False,7632,Accepted,
28540113,0568000,LOUISVILLE METRO POLICE DEPT,Accepted,JEFFERSON,,,34TH,ST,S,,BROADWAY,,,,,38.249873207,-85.807998024,0.859,8/15/2021 12:00:00 AM,1707,2,2,0,1,CLEAR,DRY,False,ANGLE COLLISION - OTHER,ANGLE,STRAIGHT & LEVEL,DAYLIGHT,,,8/20/2021 7:10:45 AM,False,7329,Accepted,
28522119,0568000,LOUISVILLE METRO POLICE DEPT,Accepted,JEFFERSON,KY0061,,PRESTON,HWY,,,,,PHILLIPS,,LARUE,38.197437288,-85.731487862,8.752,8/15/2021 12:00:00 AM,1759,2,2,0,1,CLEAR,DRY,False,SIDESWIPE COLLISION - SAME DIRECTION,SIDESWIPE-SAME DIRECTION,STRAIGHT & LEVEL,DAYLIGHT,,,8/16/2021 7:45:41 AM,False,7383,Accepted,
28522120,0568000,LOUISVILLE METRO POLICE DEPT,Accepted,JEFFERSON,KY1865,4148,TAYLOR,BLVD,,,,,,,,38.180283724,-85.783353662,5.080,8/15/2021 12:00:00 AM,1652,1,1,0,0,CLEAR,DRY,True,COLLISION IN PARKING LOT,SINGLE VEHICLE,STRAIGHT & LEVEL,DAYLIGHT,,,8/16/2021 7:45:45 AM,False,7471,Accepted,
28522102,0568000,LOUISVILLE METRO POLICE DEPT,Accepted,JEFFERSON,KY1020,1300BLK,2ND,ST,S,,,,,,,38.230395528,-85.757914127,11.023,8/15/2021 12:00:00 AM,0830,2,2,0,0,CLOUDY,DRY,True,1 VEHICLE PARKED POSITION (NOT PARKING LOT/DRIVEWAY),SIDESWIPE-SAME DIRECTION,STRAIGHT & LEVEL,DAWN,,,8/16/2021 7:44:50 AM,False,7495,Accepted,
28522094,0568000,LOUISVILLE METRO POLICE DEPT,Accepted,JEFFERSON,I 0071,,,,,,,,,,,38.312390601,-85.577048975,0.039,8/15/2021 12:00:00 AM,0423,1,1,0,0,CLOUDY,DRY,False,COLLISION WITH FIXED OBJECT NOT IN GORE ,SINGLE VEHICLE,CURVE & GRADE,DARK-HWY LIGHTED/ON,I 0071,I 0071,8/16/2021 7:44:25 AM,False,7159,Accepted,
28522111,0568000,LOUISVILLE METRO POLICE DEPT,Accepted,JEFFERSON,US0150,,22ND,ST,N,,,,LYTLE,,PORTLAND,38.267963823,-85.782801603,0.154,8/15/2021 12:00:00 AM,0850,2,2,0,0,CLOUDY,DRY,True,SIDESWIPE COLLISION - SAME DIRECTION,SIDESWIPE-SAME DIRECTION,STRAIGHT & LEVEL,DAYLIGHT,,,8/16/2021 7:45:13 AM,False,7292,Accepted,
28522114,0568000,LOUISVILLE METRO POLICE DEPT,Accepted,JEFFERSON,I 0265,,I265 E,,,,,I 0065,I65 S EXIT10 ON RAMP FROM I65,I 0065,I65 N EXIT125B OFF RAMP TO KY481,38.113855060,-85.698012347,10.447,8/15/2021 12:00:00 AM,1530,2,2,0,0,CLOUDY,DRY,False,SIDESWIPE COLLISION - SAME DIRECTION,SIDESWIPE-SAME DIRECTION,STRAIGHT & LEVEL,DAYLIGHT,,,8/16/2021 7:45:25 AM,False,6878,Accepted,
28522088,0568000,LOUISVILLE METRO POLICE DEPT,Accepted,JEFFERSON,US0031,,CLARK MEMORIAL,BRG,,,,,,,,38.262015809,-85.752047716,0.404,8/15/2021 12:00:00 AM,0122,2,2,0,0,CLEAR,DRY,False,HEAD-ON COLLISION,HEAD ON,STRAIGHT & LEVEL,DARK-HWY NOT LIGHTED,,,8/16/2021 7:44:09 AM,False,5148,Accepted,
28522089,0568000,LOUISVILLE METRO POLICE DEPT,Accepted,JEFFERSON,KY1934,,GREENBELT,HWY,,KY1230,CANE RUN,,,,,38.116433411,-85.894982949,2.300,8/15/2021 12:00:00 AM,0154,2,2,0,2,CLEAR,DRY,False,OPPOSING LEFT TURN,OPPOSING LEFT TURN,STRAIGHT & LEVEL,DARK-HWY LIGHTED/ON,,,8/16/2021 7:44:13 AM,False,5318,Accepted,
28522105,0568000,LOUISVILLE METRO POLICE DEPT,Accepted,JEFFERSON,,700B,7TH,ST,S,,,,,,,38.245989702,-85.763465342,1.990,8/15/2021 12:00:00 AM,0732,1,1,0,0,CLEAR,DRY,True,COLLISION WITH FIXED OBJECT NON - INTERSECTION - FIRST EVENT COLLISION 09 - 32 EXCLUDING 16,SINGLE VEHICLE,STRAIGHT & LEVEL,DAYLIGHT,,,8/16/2021 7:44:57 AM,False,7132,Accepted,
28522106,0568000,LOUISVILLE METRO POLICE DEPT,Accepted,JEFFERSON,,,1ST,ST,S,,ST CATHERINE,,,,,38.236899202,-85.754912675,1.335,8/15/2021 12:00:00 AM,1114,2,2,0,2,CLEAR,DRY,False,ANGLE COLLISION - OTHER,ANGLE,STRAIGHT & LEVEL,DAYLIGHT,,,8/16/2021 7:45:00 AM,False,7132,Accepted,
28522080,0568000,LOUISVILLE METRO POLICE DEPT,Accepted,JEFFERSON,US0060,,SHELBYVILLE,RD,,KY0146,NEW LA GRANGE,,,,,38.249473708,-85.615242402,5.761,8/14/2021 12:00:00 AM,2058,3,3,0,0,CLEAR,DRY,True,OTHER INTERSECTION COLLISIONS,REAR END,STRAIGHT & LEVEL,DARK-HWY LIGHTED/ON,,,8/16/2021 7:43:46 AM,False,7096,Accepted,
28522096,0568000,LOUISVILLE METRO POLICE DEPT,Accepted,JEFFERSON,KY1865,,NEW CUT,RD,,KY0907,SOUTHSIDE,,,,,38.145421775,-85.775222947,2.689,8/14/2021 12:00:00 AM,1540,2,2,0,0,CLOUDY,WET,False,OPPOSITE DIRECTION - BOTH VEHICLES GOING STRAIGHT AHEAD,SIDESWIPE-OPPOSITE DIRECTION,STRAIGHT & LEVEL,DAYLIGHT,,,8/16/2021 7:44:32 AM,False,7427,Accepted,
28522097,0568000,LOUISVILLE METRO POLICE DEPT,Accepted,JEFFERSON,KY0907,,SOUTHSIDE,DR,,KY1142,PALATKA,,,,,38.148580649,-85.772113786,6.575,8/14/2021 12:00:00 AM,1840,2,2,0,0,CLOUDY,WET,False,ANGLE COLLISION - OTHER,ANGLE,STRAIGHT & LEVEL,DAYLIGHT,,,8/16/2021 7:44:35 AM,False,7427,Accepted,
28522046,0568000,LOUISVILLE METRO POLICE DEPT,Accepted,JEFFERSON,,,26TH,ST,S,,MARKET,,,,,38.259499211,-85.793747529,0.087,8/14/2021 12:00:00 AM,0143,2,1,0,1,CLEAR,DRY,True,COLLISION WITH BICYCLE IN INTERSECTION,SINGLE VEHICLE,STRAIGHT & LEVEL,DARK-HWY LIGHTED/ON,,,8/16/2021 7:42:01 AM,False,5306,Accepted,
28522045,0568000,LOUISVILLE METRO POLICE DEPT,Accepted,JEFFERSON,,2907,GARFIELD,AVE,,,,,,,,38.267635166,-85.797970244,0.576,8/14/2021 12:00:00 AM,0243,2,2,0,0,CLEAR,DRY,True,1 VEHICLE PARKED POSITION (NOT PARKING LOT/DRIVEWAY),SIDESWIPE-SAME DIRECTION,STRAIGHT & LEVEL,DARK-HWY LIGHTED/ON,,,8/16/2021 7:41:58 AM,False,5306,Accepted,
28522063,0568000,LOUISVILLE METRO POLICE DEPT,Accepted,JEFFERSON,,2000,7TH,ST,S,,,,,,,38.220065453,-85.777397772,0.001,8/14/2021 12:00:00 AM,1342,2,2,0,1,CLEAR,DRY,False,HEAD-ON COLLISION,HEAD ON,STRAIGHT & LEVEL,DAYLIGHT,,,8/16/2021 7:43:06 AM,False,5161,Accepted,
28522113,0568000,LOUISVILLE METRO POLICE DEPT,Accepted,JEFFERSON,KY1934,,CANE RUN,RD,,,,,WILKIE,,LINDENWOOD,38.178727045,-85.860366196,7.303,8/14/2021 12:00:00 AM,1618,2,2,0,0,CLOUDY,DRY,False,SIDESWIPE COLLISION - SAME DIRECTION,SIDESWIPE-SAME DIRECTION,STRAIGHT & LEVEL,DAYLIGHT,,,8/16/2021 7:45:20 AM,False,2457,Accepted,
28522095,0568000,LOUISVILLE METRO POLICE DEPT,Accepted,JEFFERSON,,,NEW,WAY,,,SOUTHSIDE,,,,,38.158325767,-85.755440504,0.057,8/14/2021 12:00:00 AM,1546,2,2,0,1,RAINING,WET,False,ANGLE COLLISION - OTHER,ANGLE,STRAIGHT & LEVEL,DAYLIGHT,,,8/16/2021 7:44:29 AM,False,7427,Accepted,
28522104,0568000,LOUISVILLE METRO POLICE DEPT,Accepted,JEFFERSON,US0042,,STORY,AVE,,,,,JOHNSON,,BICKEL,38.255065352,-85.730171217,0.146,8/14/2021 12:00:00 AM,1210,2,2,0,1,CLEAR,DRY,False,SIDESWIPE COLLISION - SAME DIRECTION,SIDESWIPE-SAME DIRECTION,STRAIGHT & LEVEL,DAYLIGHT,,,8/16/2021 7:44:53 AM,False,7058,Accepted,
28522061,0568000,LOUISVILLE METRO POLICE DEPT,Accepted,JEFFERSON,KY1703,,NEWBURG,RD,,,BELLARMINE,,,,,38.216894727,-85.707562390,3.829,8/14/2021 12:00:00 AM,1401,1,1,0,0,CLOUDY,DRY,False,COLLISION WITH FIXED OBJECT IN INTERSECTION - FIRST EVENT COLLISION 09 - 32,SINGLE VEHICLE,STRAIGHT & HILLCREST,DAYLIGHT,,,8/16/2021 7:43:02 AM,False,7740,Accepted,
28522069,0568000,LOUISVILLE METRO POLICE DEPT,Accepted,JEFFERSON,US0060,,SHELBYVILLE,RD,,,,,,,,38.249892064,-85.617954576,5.611,8/14/2021 12:00:00 AM,1530,2,2,0,0,RAINING,WET,False,REAR END IN TRAFFIC LANES BOTH VEHICLES MOVING,REAR END,STRAIGHT & LEVEL,DAYLIGHT,,,8/16/2021 7:43:22 AM,False,2013,Accepted,
28522077,0568000,LOUISVILLE METRO POLICE DEPT,Accepted,JEFFERSON,,,JEFFERSON,ST,E,,BROOK,,,,,38.253109041,-85.750415840,0.959,8/14/2021 12:00:00 AM,1538,2,2,0,0,CLOUDY,DRY,False,ANGLE COLLISION - OTHER,ANGLE,STRAIGHT & LEVEL,DAYLIGHT,,,8/16/2021 7:43:37 AM,False,7904,Accepted,
28522078,0568000,LOUISVILLE METRO POLICE DEPT,Accepted,JEFFERSON,,,3RD,ST,S,KY2801,SOUTHERN HEIGHTS,,,,,38.189171119,-85.764867996,0.788,8/14/2021 12:00:00 AM,1303,3,3,0,0,CLOUDY,DRY,False,ANGLE COLLISION - OTHER,ANGLE,STRAIGHT & LEVEL,DAYLIGHT,,,8/16/2021 7:43:41 AM,False,5221,Accepted,
28522086,0568000,LOUISVILLE METRO POLICE DEPT,Accepted,JEFFERSON,,,RIVER PARK,DR,,,31ST,,,,,38.253942330,-85.802579862,1.341,8/14/2021 12:00:00 AM,2240,2,2,0,1,CLEAR,DRY,False,ANGLE COLLISION - OTHER,ANGLE,STRAIGHT & LEVEL,DARK-HWY LIGHTED/ON,,,8/16/2021 7:44:03 AM,False,5047,Accepted,
28522127,0568000,LOUISVILLE METRO POLICE DEPT,Accepted,JEFFERSON,,7303,OSWEGO,CIR,,,,,,,,38.158208856,-85.804602699,0.075,8/14/2021 12:00:00 AM,1911,2,2,0,0,CLEAR,WET,False,1 VEHICLE PARKED POSITION (NOT PARKING LOT/DRIVEWAY),ANGLE,CURVE & LEVEL,DAYLIGHT,,,8/16/2021 7:46:17 AM,False,5170,Accepted,
28535967,0568000,LOUISVILLE METRO POLICE DEPT,Accepted,JEFFERSON,,,ZORN,AVE,,,MELLWOOD,,,,,38.273505206,-85.696318042,1.443,8/14/2021 12:00:00 AM,1444,2,2,0,0,CLEAR,DRY,False,OPPOSING LEFT TURN,OPPOSING LEFT TURN,STRAIGHT & LEVEL,DAYLIGHT,,,8/19/2021 7:16:57 AM,False,2673,Accepted,
28540153,0568000,LOUISVILLE METRO POLICE DEPT,Accepted,JEFFERSON,,,BARRET,AVE,,,RUBEL,,,,,38.246560187,-85.731533471,0.112,8/14/2021 12:00:00 AM,0530,3,3,0,0,CLEAR,DRY,False,COLLISION WITH PARKED VEHICLE,REAR END,STRAIGHT & LEVEL,DARK-HWY LIGHTED/ON,,,8/20/2021 7:13:56 AM,False,7488,Accepted,
28522082,0568000,LOUISVILLE METRO POLICE DEPT,Accepted,JEFFERSON,,,EASUM,RD,,,,,CHENOWETH RUN,,CHARLIE VETTINER PARK,38.169249247,-85.553829532,0.899,8/14/2021 12:00:00 AM,2140,2,2,0,0,CLOUDY,DRY,False,SIDESWIPE COLLISION - OPPOSITE DIRECTION,SIDESWIPE-OPPOSITE DIRECTION,CURVE & HILLCREST,DARK-HWY NOT LIGHTED,,,8/16/2021 7:43:52 AM,False,2775,Accepted,
28522059,0568000,LOUISVILLE METRO POLICE DEPT,Accepted,JEFFERSON,KY0155,,TAYLORSVILLE,RD,,,,,,,,38.219784519,-85.623498574,13.193,8/14/2021 12:00:00 AM,1110,1,1,0,0,CLEAR,DRY,False,COLLISION IN PARKING LOT,SINGLE VEHICLE,STRAIGHT & LEVEL,DAYLIGHT,,,8/16/2021 7:42:55 AM,False,5349,Accepted,