IncidentID,AgencyORI,AgencyName,IncidentStatusDesc,County,RdwyNumber,Street,RoadwayName,StreetSfx,StreetDir,IntersectionRdwy,IntersectionRdwyName,BetweenStRdwy1,BetweenStRdwyName1,BetweenStRdwy2,BetweenStRdwyName2,Latitude,Longitude,Milepoint,CollisionDate,CollisionTime,UnitsInvolved,MotorVehiclesInvolved,NumberKilled,NumberInjured,Weather,RdwyConditionCode,HitandRun,DirAnalysisCode,MannerofCollision,RdwyCharacter,LightCondition,RampFromRdwyId,RampToRdwyId,AcceptedDate,IsSecondaryCollision,OwnerBadge,IncidentStatus,
28522060,0568000,LOUISVILLE METRO POLICE DEPT,Accepted,JEFFERSON,I 0264,,I264 W,,,,,I 0264,I264 W EXIT16 OFF RAMP TO US31E,I 0264,I264 W EXIT17 ON RAMP FROM KY155,38.214068513,-85.666099812,16.015,8/14/2021 12:00:00 AM,0742,2,2,0,0,CLEAR,DRY,False,REAR END IN TRAFFIC LANES BOTH VEHICLES MOVING,REAR END,STRAIGHT & LEVEL,DAYLIGHT,,,8/16/2021 7:42:58 AM,False,7632,Accepted,
28522075,0568000,LOUISVILLE METRO POLICE DEPT,Accepted,JEFFERSON,US0031E,,3RD,ST,S,US0031E,MAIN,,,,,38.256258354,-85.754989918,17.858,8/14/2021 12:00:00 AM,0640,1,1,0,0,CLEAR,DRY,False,COLLISION WITH FIXED OBJECT IN INTERSECTION - FIRST EVENT COLLISION 09 - 32,SINGLE VEHICLE,STRAIGHT & LEVEL,DAYLIGHT,,,8/16/2021 7:43:30 AM,False,5354,Accepted,
28522076,0568000,LOUISVILLE METRO POLICE DEPT,Accepted,JEFFERSON,,,7TH,ST,S,,MUHAMMAD ALI,,,,,38.252155926,-85.762359720,2.419,8/14/2021 12:00:00 AM,1514,2,2,0,0,CLEAR,DRY,False,ANGLE COLLISION - OTHER,ANGLE,STRAIGHT & LEVEL,DAYLIGHT,,,8/16/2021 7:43:34 AM,False,5354,Accepted,
28522084,0568000,LOUISVILLE METRO POLICE DEPT,Accepted,JEFFERSON,,416,24TH,ST,N,,,,,,,38.265715264,-85.787749147,0.352,8/14/2021 12:00:00 AM,0304,3,3,0,0,CLEAR,DRY,True,1 VEHICLE PARKED POSITION (NOT PARKING LOT/DRIVEWAY),REAR END,STRAIGHT & LEVEL,DARK-HWY LIGHTED/ON,,,8/16/2021 7:43:59 AM,False,5008,Accepted,
28522093,0568000,LOUISVILLE METRO POLICE DEPT,Accepted,JEFFERSON,US0042,,US42,,,,ELMCROFT,,,,,38.315642343,-85.624644120,8.388,8/14/2021 12:00:00 AM,2352,1,1,0,0,CLOUDY,DRY,False,OTHER INTERSECTION COLLISIONS,SINGLE VEHICLE,STRAIGHT & GRADE,DARK (UNKNOWN ROADWAY LIGHTING),,,8/16/2021 7:44:22 AM,False,5004,Accepted,
28515893,0560300,ST. MATTHEWS POLICE DEPARTMENT,Accepted,JEFFERSON,US0060,5000,SHELBYVILLE,RD,,,,,,,,38.250053712,-85.619927650,5.503,8/14/2021 12:00:00 AM,1439,2,2,0,0,RAINING,WET,False,OTHER ROADWAY OR MID-BLOCK COLLISION,REAR END,STRAIGHT & LEVEL,DAYLIGHT,,,8/15/2021 3:06:32 PM,False,9155,Accepted,
28522040,0568000,LOUISVILLE METRO POLICE DEPT,Accepted,JEFFERSON,US0060A,,EASTERN,PKWY,,US0031E,BARDSTOWN,,,,,38.231994010,-85.709314384,6.831,8/14/2021 12:00:00 AM,0249,2,2,0,0,CLEAR,DRY,False,ANGLE COLLISION - OTHER,ANGLE,STRAIGHT & GRADE,DARK-HWY LIGHTED/ON,,,8/16/2021 7:41:45 AM,False,5195,Accepted,
28522066,0568000,LOUISVILLE METRO POLICE DEPT,Accepted,JEFFERSON,I 0264,,I264 W,,,,,,,,,38.190099428,-85.750543789,10.990,8/14/2021 12:00:00 AM,1420,2,2,0,0,CLOUDY,DRY,False,REAR END IN TRAFFIC LANES BOTH VEHICLES MOVING,REAR END,STRAIGHT & LEVEL,DAYLIGHT,,,8/16/2021 7:43:17 AM,False,5037,Accepted,
28522074,0568000,LOUISVILLE METRO POLICE DEPT,Accepted,JEFFERSON,KY0864,,BEULAH CHURCH,RD,,,,,,,,38.136110858,-85.613549340,4.146,8/14/2021 12:00:00 AM,1725,2,2,0,0,RAINING,WET,False,1 VEHICLE ENTERING/LEAVING ENTRANCE,ANGLE,STRAIGHT & LEVEL,DAYLIGHT,,,8/16/2021 7:43:26 AM,False,7442,Accepted,
28522091,0568000,LOUISVILLE METRO POLICE DEPT,Accepted,JEFFERSON,,2559,S BROOK CONNECTOR,,,,,,,,,38.210545943,-85.758077146,0.387,8/14/2021 12:00:00 AM,2138,2,2,0,1,CLEAR,DRY,True,SIDESWIPE COLLISION - OPPOSITE DIRECTION,SIDESWIPE-OPPOSITE DIRECTION,CURVE & HILLCREST,DARK-HWY LIGHTED/ON,,,8/16/2021 7:44:19 AM,False,5249,Accepted,
28522107,0568000,LOUISVILLE METRO POLICE DEPT,Accepted,JEFFERSON,KY1065,,OUTER,LOOP,,,,,CAROL,,WOODCREST,38.138253594,-85.683312559,6.246,8/14/2021 12:00:00 AM,1515,2,2,0,0,RAINING,WET,False,OTHER ROADWAY OR MID-BLOCK COLLISION,OPPOSING LEFT TURN,STRAIGHT & LEVEL,DAYLIGHT,,,8/16/2021 7:45:03 AM,False,2583,Accepted,
28522058,0568000,LOUISVILLE METRO POLICE DEPT,Accepted,JEFFERSON,US0031W,9070,DIXIE,HWY,,,,,,,,38.124493997,-85.853081207,10.016,8/14/2021 12:00:00 AM,1248,2,2,0,0,CLEAR,DRY,False,OTHER ROADWAY OR MID-BLOCK COLLISION,REAR END,STRAIGHT & LEVEL,DAYLIGHT,,,8/16/2021 7:42:52 AM,False,5371,Accepted,
28554298,0568000,LOUISVILLE METRO POLICE DEPT,Accepted,JEFFERSON,,,WATTERSON,TRL,S,,,,STANSBURY,,WOODHAVEN,38.167106943,-85.622804654,0.813,8/14/2021 12:00:00 AM,1522,2,2,0,1,CLOUDY,WET,True,OTHER COLLISIONS ON SHOULDER,HEAD ON,CURVE & GRADE,DAYLIGHT,,,8/24/2021 7:29:16 AM,False,7851,Accepted,
28535987,0568000,LOUISVILLE METRO POLICE DEPT,Accepted,JEFFERSON,US0060A,,BERRY,BLVD,,,,KY1931,7TH STREET,,CONTINENTAL,38.196757505,-85.798436653,0.622,8/14/2021 12:00:00 AM,1200,2,2,0,0,CLEAR,DRY,False,1 VEHICLE ENTERING/LEAVING ENTRANCE,ANGLE,STRAIGHT & LEVEL,DAYLIGHT,,,8/19/2021 7:19:14 AM,False,7116,Accepted,
28594654,0568000,LOUISVILLE METRO POLICE DEPT,Accepted,JEFFERSON,US0031E,,BARDSTOWN,RD,,,FEGENBUSH,,,,,38.186744068,-85.636933183,9.375,8/14/2021 12:00:00 AM,1434,3,3,0,1,RAINING,WET,False,OTHER INTERSECTION COLLISIONS,REAR END,STRAIGHT & LEVEL,DAYLIGHT,,,9/3/2021 7:38:07 AM,False,7851,Accepted,
28802757,0568000,LOUISVILLE METRO POLICE DEPT,Accepted,JEFFERSON,KY0061,,PRESTON,HWY,,,ANTLE,,,,,38.087468588,-85.667576610,0.268,8/14/2021 12:00:00 AM,0242,2,1,1,0,CLEAR,DRY,True,COLLISION WITH PEDESTRIAN IN INTERSECTION,SINGLE VEHICLE,STRAIGHT & LEVEL,DARK-HWY NOT LIGHTED,,,10/7/2021 8:12:50 AM,False,2308,Accepted,
28924975,0568000,LOUISVILLE METRO POLICE DEPT,Accepted,JEFFERSON,I 0065,,,,,,,,,,,38.157976817,-85.716992637,0.035,8/13/2021 12:00:00 AM,1122,1,1,0,0,CLEAR,DRY,False,OTHER RAMP RELATED COLLISIONS NOT LISTED ABOVE,SINGLE VEHICLE,CURVE & GRADE,DAYLIGHT,KY1631,I 0065,10/20/2021 8:11:51 AM,False,4693,Accepted,
28522117,0568000,LOUISVILLE METRO POLICE DEPT,Accepted,JEFFERSON,I 0264,,I264 E,,,,,I 0065,I65 W EXIT12 RAMP TO I65 S,I 0065,I65 S EXIT131A RAMP TO I264 E,38.189705473,-85.738321977,11.600,8/13/2021 12:00:00 AM,1500,3,3,0,0,CLEAR,DRY,False,REAR END IN TRAFFIC LANES BOTH VEHICLES MOVING,REAR END,STRAIGHT & LEVEL,DAYLIGHT,,,8/16/2021 7:45:33 AM,False,7383,Accepted,
28522065,0568000,LOUISVILLE METRO POLICE DEPT,Accepted,JEFFERSON,,4500,3RD,ST,S,,,,,,,38.189053589,-85.764903960,0.782,8/13/2021 12:00:00 AM,1500,2,2,0,0,CLEAR,DRY,True,1 VEHICLE PARKED POSITION (NOT PARKING LOT/DRIVEWAY),BACKING,STRAIGHT & LEVEL,DAYLIGHT,,,8/16/2021 7:43:14 AM,False,7116,Accepted,
28522018,0568000,LOUISVILLE METRO POLICE DEPT,Accepted,JEFFERSON,,3600BLK,TARRAGON,RD,,,,,,,,38.166431234,-85.694062064,0.217,8/13/2021 12:00:00 AM,1500,2,2,0,0,CLEAR,DRY,False,1 VEHICLE ENTERING/LEAVING ENTRANCE,ANGLE,CURVE & LEVEL,DAYLIGHT,,,8/16/2021 7:40:25 AM,False,5342,Accepted,
28522034,0568000,LOUISVILLE METRO POLICE DEPT,Accepted,JEFFERSON,KY3084,,OLD HENRY,RD,,,,,,,,38.264624805,-85.513597105,0.331,8/13/2021 12:00:00 AM,2255,2,2,0,0,CLEAR,DRY,True,SIDESWIPE COLLISION - SAME DIRECTION,SIDESWIPE-SAME DIRECTION,,DARK-HWY LIGHTED/OFF,,,8/16/2021 7:41:27 AM,False,7330,Accepted,
28522043,0568000,LOUISVILLE METRO POLICE DEPT,Accepted,JEFFERSON,US0060A,808,EASTERN,PKWY,,,,KY0061,SHELBY,,ALEXANDER,38.215008859,-85.742337369,4.603,8/13/2021 12:00:00 AM,2309,2,2,0,2,CLEAR,DRY,False,OTHER ROADWAY OR MID-BLOCK COLLISION,OPPOSING LEFT TURN,STRAIGHT & LEVEL,DARK-HWY LIGHTED/ON,,,8/16/2021 7:41:51 AM,False,5204,Accepted,
28522049,0568000,LOUISVILLE METRO POLICE DEPT,Accepted,JEFFERSON,KY1865,3500,TAYLOR,BLVD,,,,,,,,38.196312611,-85.782954721,6.193,8/13/2021 12:00:00 AM,1826,4,4,0,0,CLEAR,DRY,False,OTHER ROADWAY OR MID-BLOCK COLLISION,OPPOSING LEFT TURN,STRAIGHT & LEVEL,DAYLIGHT,,,8/16/2021 7:42:13 AM,False,5180,Accepted,
28522057,0568000,LOUISVILLE METRO POLICE DEPT,Accepted,JEFFERSON,I 0264,,I264 E,,,,,,,,,38.259159207,-85.622973091,20.462,8/13/2021 12:00:00 AM,1844,2,2,0,0,CLEAR,DRY,False,OTHER ROADWAY OR MID-BLOCK COLLISION,REAR END,STRAIGHT & LEVEL,DAYLIGHT,,,8/16/2021 7:42:49 AM,False,5102,Accepted,
28522016,0568000,LOUISVILLE METRO POLICE DEPT,Accepted,JEFFERSON,US0031E,,BARDSTOWN,RD,,,LANCASHIRE,,,,,38.216244719,-85.675403653,12.438,8/13/2021 12:00:00 AM,1458,2,2,0,1,CLEAR,DRY,False,OPPOSING LEFT TURN,OPPOSING LEFT TURN,STRAIGHT & LEVEL,DAYLIGHT,,,8/16/2021 7:40:18 AM,False,6813,Accepted,
28522017,0568000,LOUISVILLE METRO POLICE DEPT,Accepted,JEFFERSON,I 0264,,I264 W,,,,,,,,,38.270199427,-85.808237120,0.502,8/13/2021 12:00:00 AM,1635,2,2,0,1,CLEAR,DRY,False,OTHER ROADWAY OR MID-BLOCK COLLISION,REAR END,STRAIGHT & LEVEL,DAYLIGHT,,,8/16/2021 7:40:22 AM,False,5132,Accepted,
28522015,0568000,LOUISVILLE METRO POLICE DEPT,Accepted,JEFFERSON,,350,CHESTNUT,ST,W,,,,,,,38.248858863,-85.757044375,2.410,8/13/2021 12:00:00 AM,1517,2,1,0,1,CLEAR,DRY,False,COLLISION WITH PEDESTRIAN NON - INTERSECTION,SINGLE VEHICLE,STRAIGHT & LEVEL,DAYLIGHT,,,8/16/2021 7:40:15 AM,False,5187,Accepted,
28522023,0568000,LOUISVILLE METRO POLICE DEPT,Accepted,JEFFERSON,,,NANCY,LN,,,LILA,,,,,38.137142325,-85.851479739,0.471,8/13/2021 12:00:00 AM,1501,2,2,0,2,CLEAR,DRY,False,ANGLE COLLISION - OTHER,ANGLE,STRAIGHT & LEVEL,DAYLIGHT,,,8/16/2021 7:40:36 AM,False,7234,Accepted,
28522024,0568000,LOUISVILLE METRO POLICE DEPT,Accepted,JEFFERSON,,,7TH,ST,S,,,,,,,38.225048897,-85.770147463,0.524,8/13/2021 12:00:00 AM,1451,2,2,0,0,CLOUDY,DRY,False,COLLISION WITH FIXED OBJECT NON - INTERSECTION - FIRST EVENT COLLISION 09 - 32 EXCLUDING 16,REAR TO REAR,STRAIGHT & GRADE,DAYLIGHT,,,8/16/2021 7:40:39 AM,False,5180,Accepted,
28522054,0568000,LOUISVILLE METRO POLICE DEPT,Accepted,JEFFERSON,,,CHESTNUT,ST,W,,,,27TH,,28TH,38.253150977,-85.795843644,0.268,8/13/2021 12:00:00 AM,1545,2,2,0,0,CLEAR,DRY,False,REAR END IN TRAFFIC LANES BOTH VEHICLES MOVING,REAR END,STRAIGHT & LEVEL,DAYLIGHT,,,8/16/2021 7:42:42 AM,False,5251,Accepted,
28533243,0564400,INDIAN HILLS POLICE DEPARTMENT,Accepted,JEFFERSON,US0042,,BROWNSBORO,RD,,,OLD BROWNSBORO,,,,,38.267293559,-85.660501204,4.198,8/13/2021 12:00:00 AM,2130,2,2,0,3,CLEAR,DRY,False,ANGLE COLLISION - OTHER,ANGLE,STRAIGHT & GRADE,DARK-HWY LIGHTED/ON,,,8/18/2021 2:24:07 PM,False,4411,Accepted,
28528713,0568000,LOUISVILLE METRO POLICE DEPT,Accepted,JEFFERSON,I 0264,,I264 E,,,,,,,,,38.190088943,-85.757798691,10.537,8/13/2021 12:00:00 AM,1609,2,2,0,0,CLEAR,DRY,False,REAR END IN TRAFFIC LANES BOTH VEHICLES MOVING,REAR END,STRAIGHT & GRADE,DAYLIGHT,,,8/17/2021 2:54:23 PM,False,8278,Accepted,
28522021,0568000,LOUISVILLE METRO POLICE DEPT,Accepted,JEFFERSON,KY1931,,ST ANDREWS CHURCH,RD,,,,,,,,38.153657080,-85.805027149,5.269,8/13/2021 12:00:00 AM,1302,2,2,0,0,CLEAR,DRY,False,SIDESWIPE COLLISION - SAME DIRECTION,SIDESWIPE-SAME DIRECTION,STRAIGHT & LEVEL,DAYLIGHT,,,8/16/2021 7:40:32 AM,False,7234,Accepted,
28522039,0568000,LOUISVILLE METRO POLICE DEPT,Accepted,JEFFERSON,KY0864,7501,BEULAH CHURCH,RD,,,,,,,,38.130302661,-85.614129227,3.754,8/13/2021 12:00:00 AM,2303,2,2,0,0,CLEAR,DRY,False,OTHER COLLISIONS ON SHOULDER,SIDESWIPE-SAME DIRECTION,STRAIGHT & LEVEL,DARK-HWY NOT LIGHTED,,,8/16/2021 7:41:41 AM,False,5141,Accepted,
28521994,0568000,LOUISVILLE METRO POLICE DEPT,Accepted,JEFFERSON,I 0265,,I265 W,,,,,,,,,38.151200528,-85.538114317,19.922,8/13/2021 12:00:00 AM,0511,2,2,0,1,CLEAR,DRY,False,REAR END IN TRAFFIC LANES BOTH VEHICLES MOVING,REAR END,STRAIGHT & LEVEL,DARK-HWY NOT LIGHTED,,,8/16/2021 7:39:19 AM,False,7827,Accepted,
28522002,0568000,LOUISVILLE METRO POLICE DEPT,Accepted,JEFFERSON,,,GREENWOOD,RD,,KY1230,CANE RUN,,,,,38.147517881,-85.896210077,0.001,8/13/2021 12:00:00 AM,0908,2,2,0,0,CLEAR,DRY,False,ANGLE COLLISION - OTHER,ANGLE,STRAIGHT & GRADE,DAYLIGHT,,,8/16/2021 7:39:40 AM,False,7723,Accepted,
28522010,0568000,LOUISVILLE METRO POLICE DEPT,Accepted,JEFFERSON,,,PARK,RD,S,,,,,,,38.115746563,-85.720230640,2.552,8/13/2021 12:00:00 AM,1356,2,2,0,1,CLEAR,DRY,False,1 VEHICLE ENTERING/LEAVING ENTRANCE,ANGLE,STRAIGHT & GRADE,DAYLIGHT,,,8/16/2021 7:40:02 AM,False,8278,Accepted,
28522011,0568000,LOUISVILLE METRO POLICE DEPT,Accepted,JEFFERSON,,,ENGLISH VILLA,DR,,,WYNDEMERE,,,,,38.240241922,-85.496086887,0.140,8/13/2021 12:00:00 AM,0900,2,2,0,3,CLEAR,DRY,False,ANGLE COLLISION - OTHER,ANGLE,STRAIGHT & LEVEL,DAYLIGHT,,,8/16/2021 7:40:05 AM,False,7631,Accepted,
28522019,0568000,LOUISVILLE METRO POLICE DEPT,Accepted,JEFFERSON,I 0264,,I264 E,,,,,,,,,38.189680416,-85.735432058,11.758,8/13/2021 12:00:00 AM,1425,2,2,0,0,CLEAR,DRY,False,REAR END IN TRAFFIC LANES BOTH VEHICLES MOVING,REAR END,STRAIGHT & LEVEL,DAYLIGHT,,,8/16/2021 7:40:28 AM,False,5342,Accepted,
28522027,0568000,LOUISVILLE METRO POLICE DEPT,Accepted,JEFFERSON,,,16TH,ST,S,,MUHAMMAD ALI,,,,,38.253347514,-85.777421529,0.378,8/13/2021 12:00:00 AM,1601,2,2,0,0,CLEAR,DRY,False,SIDESWIPE-SAME DIRECTION,SIDESWIPE-SAME DIRECTION,STRAIGHT & LEVEL,DAYLIGHT,,,8/16/2021 7:40:48 AM,False,7805,Accepted,
28522028,0568000,LOUISVILLE METRO POLICE DEPT,Accepted,JEFFERSON,KY1703,922,BAXTER,AVE,,US0031E,BARDSTOWN,,,,,38.239630848,-85.723814584,5.635,8/13/2021 12:00:00 AM,1245,2,2,0,0,CLEAR,DRY,False,VEHICLE BACKING IN INTERSECTION,BACKING,STRAIGHT & LEVEL,DAYLIGHT,,,8/16/2021 7:40:52 AM,False,5353,Accepted,
28522029,0568000,LOUISVILLE METRO POLICE DEPT,Accepted,JEFFERSON,US0031W,,MAIN,ST,W,,4TH,,,,,38.256634929,-85.756191753,21.951,8/13/2021 12:00:00 AM,1119,2,2,0,0,CLEAR,DRY,False,OTHER INTERSECTION COLLISIONS,REAR END,STRAIGHT & LEVEL,DAYLIGHT,,,8/16/2021 7:40:55 AM,False,5354,Accepted,
28522044,0568000,LOUISVILLE METRO POLICE DEPT,Accepted,JEFFERSON,,,25TH,ST,N,KY3064,PORTLAND,,,,,38.270674411,-85.788869789,0.192,8/13/2021 12:00:00 AM,2059,1,0,0,1,CLEAR,DRY,True,ANGLE COLLISION - OTHER,ANGLE,STRAIGHT & LEVEL,DARK-HWY LIGHTED/ON,,,8/16/2021 7:41:55 AM,False,5306,Accepted,
28522047,0568000,LOUISVILLE METRO POLICE DEPT,Accepted,JEFFERSON,I 0264,,I264 W,,,,,I 0264,I264 W EXIT22 ON RAMP FROM US42,I 0264,I264 W EXIT21 OFF RAMP TO KY1447,38.275570023,-85.632127496,21.711,8/13/2021 12:00:00 AM,1625,4,4,0,5,CLEAR,DRY,False,SIDESWIPE COLLISION - SAME DIRECTION,SIDESWIPE-SAME DIRECTION,STRAIGHT & LEVEL,DAYLIGHT,,,8/16/2021 7:42:04 AM,False,2308,Accepted,
28522055,0568000,LOUISVILLE METRO POLICE DEPT,Accepted,JEFFERSON,,,CHESTNUT,ST,W,,,US0031W,22ND,,24TH,38.252241599,-85.788151035,0.702,8/13/2021 12:00:00 AM,1727,3,3,0,0,CLEAR,DRY,False,1 VEHICLE PARKED POSITION (NOT PARKING LOT/DRIVEWAY),REAR END,CURVE & LEVEL,DAYLIGHT,,,8/16/2021 7:42:45 AM,False,5251,Accepted,
28505590,0560400,SHIVELY POLICE DEPARTMENT,Accepted,JEFFERSON,,1800,CRUMS,LN,,,,,VALLEY VIEW,US0031W,DIXIE,38.192242190,-85.808473899,0.026,8/13/2021 12:00:00 AM,1626,2,2,0,0,CLOUDY,DRY,True,REAR END IN TRAFFIC LANES BOTH VEHICLES MOVING,REAR END,STRAIGHT & LEVEL,DAYLIGHT,,,8/14/2021 9:07:25 AM,False,7082,Accepted,
28522004,0568000,LOUISVILLE METRO POLICE DEPT,Accepted,JEFFERSON,I 0065,,,,,,,,,,,38.149429335,-85.713855582,0.570,8/12/2021 12:00:00 AM,1121,2,2,0,1,CLEAR,DRY,False,OTHER RAMP RELATED COLLISIONS NOT LISTED ABOVE,REAR END,STRAIGHT & LEVEL,DAYLIGHT,I 0065,KY1065,8/16/2021 7:39:45 AM,False,4693,Accepted,
28522005,0568000,LOUISVILLE METRO POLICE DEPT,Accepted,JEFFERSON,I 0264,,I264 W,,,,,,,,,38.191809729,-85.714669973,12.910,8/12/2021 12:00:00 AM,1318,3,3,0,2,CLEAR,DRY,False,REAR END IN TRAFFIC LANES BOTH VEHICLES MOVING,REAR END,STRAIGHT & LEVEL,DAYLIGHT,,,8/16/2021 7:39:49 AM,False,4693,Accepted,
28501374,0568000,LOUISVILLE METRO POLICE DEPT,Accepted,JEFFERSON,,462,38TH,ST,N,,,,,,,38.271979228,-85.810683981,0.002,8/12/2021 12:00:00 AM,1450,2,2,0,0,CLEAR,DRY,False,1 VEHICLE ENTERING/LEAVING ENTRANCE,ANGLE,STRAIGHT & LEVEL,DAYLIGHT,,,8/13/2021 7:44:54 AM,False,5282,Accepted,
28497318,0568000,LOUISVILLE METRO POLICE DEPT,Accepted,JEFFERSON,US0031E,,BARDSTOWN,RD,,,,I 0264,I264 W EXIT16 OFF RAMP TO US31E S,,,38.211252509,-85.671094287,12.044,8/12/2021 12:00:00 AM,0025,2,2,0,3,CLEAR,DRY,False,REAR END IN TRAFFIC LANES BOTH VEHICLES MOVING,REAR END,STRAIGHT & HILLCREST,DARK-HWY LIGHTED/ON,,,8/12/2021 8:45:35 AM,False,7916,Accepted,
28501364,0568000,LOUISVILLE METRO POLICE DEPT,Accepted,JEFFERSON,,,JEANINE,DR,,,,,,,,38.167628051,-85.687957746,0.692,8/12/2021 12:00:00 AM,0648,2,2,0,0,CLEAR,DRY,False,VEHICLE BACKING NON INTERSECTION,BACKING,STRAIGHT & LEVEL,DAYLIGHT,,,8/13/2021 7:44:24 AM,False,4693,Accepted,
28501365,0568000,LOUISVILLE METRO POLICE DEPT,Accepted,JEFFERSON,KY1065,,OUTER,LOOP,,,,,,,,38.138457523,-85.685891662,6.099,8/12/2021 12:00:00 AM,0859,2,2,0,0,CLEAR,DRY,False,REAR END IN TRAFFIC LANES BOTH VEHICLES MOVING,REAR END,STRAIGHT & LEVEL,DAYLIGHT,,,8/13/2021 7:44:27 AM,False,4693,Accepted,
28501371,0568000,LOUISVILLE METRO POLICE DEPT,Accepted,JEFFERSON,,,HILL,ST,W,,15TH,,,,,38.227932189,-85.780159575,1.271,8/12/2021 12:00:00 AM,1629,2,2,0,0,CLEAR,DRY,False,ANGLE COLLISION - ONE VEHICLE TURNING LEFT,ANGLE,STRAIGHT & HILLCREST,DAYLIGHT,,,8/13/2021 7:44:44 AM,False,7091,Accepted,
28501372,0568000,LOUISVILLE METRO POLICE DEPT,Accepted,JEFFERSON,KY0864,5057,POPLAR LEVEL,RD,,,,,SHADY VILLA,,POPLAR LEVEL,38.163700060,-85.678984743,8.586,8/12/2021 12:00:00 AM,1225,2,2,0,2,CLEAR,DRY,False,OTHER ROADWAY OR MID-BLOCK COLLISION,OPPOSING LEFT TURN,STRAIGHT & LEVEL,DAYLIGHT,,,8/13/2021 7:44:47 AM,False,7451,Accepted,
28501373,0568000,LOUISVILLE METRO POLICE DEPT,Accepted,JEFFERSON,US0060A,,EASTERN,PKWY,,,LYDIA,,,,,38.220725839,-85.733172577,5.241,8/12/2021 12:00:00 AM,1447,2,2,0,1,CLEAR,DRY,False,ANGLE COLLISION - OTHER,ANGLE,STRAIGHT & LEVEL,DAYLIGHT,,,8/13/2021 7:44:50 AM,False,5301,Accepted,
28501379,0568000,LOUISVILLE METRO POLICE DEPT,Accepted,JEFFERSON,US0031E,,BARDSTOWN,RD,,,CEDARLOOK,,,,,38.147092872,-85.585905481,5.329,8/12/2021 12:00:00 AM,1745,2,2,0,2,CLEAR,DRY,False,OTHER INTERSECTION COLLISIONS,REAR END,STRAIGHT & LEVEL,DAYLIGHT,,,8/13/2021 7:45:14 AM,False,7486,Accepted,
28501380,0568000,LOUISVILLE METRO POLICE DEPT,Accepted,JEFFERSON,,,STONESTREET,RD,,,VALLEY COLLEGE,,,,,38.118032723,-85.844373919,0.680,8/12/2021 12:00:00 AM,1812,2,2,0,0,CLEAR,DRY,False,OTHER INTERSECTION COLLISIONS,REAR END,STRAIGHT & LEVEL,DAYLIGHT,,,8/13/2021 7:45:20 AM,False,6318,Accepted,
28497320,0568000,LOUISVILLE METRO POLICE DEPT,Accepted,JEFFERSON,,,1ST,ST,S,,JACOB,,,,,38.244382906,-85.753614408,0.814,8/12/2021 12:00:00 AM,0729,2,2,0,0,CLEAR,DRY,False,ANGLE COLLISION - OTHER,ANGLE,STRAIGHT & LEVEL,DAYLIGHT,,,8/12/2021 8:45:46 AM,False,7433,Accepted,
28501354,0568000,LOUISVILLE METRO POLICE DEPT,Accepted,JEFFERSON,KY0146,,LA GRANGE,RD,,I 0265,I265 N EXIT30 ON RAMP FROM KY146,,,,,38.288182844,-85.513179928,7.467,8/12/2021 12:00:00 AM,0906,2,2,0,0,CLEAR,DRY,False,ANGLE COLLISION - OTHER,ANGLE,STRAIGHT & LEVEL,DAYLIGHT,,,8/13/2021 7:43:46 AM,False,6927,Accepted,
28501389,0568000,LOUISVILLE METRO POLICE DEPT,Accepted,JEFFERSON,KY0841,,GENE SNYDER,FWY,,,,,,,,38.118039636,-85.740419763,8.072,8/12/2021 12:00:00 AM,0538,1,1,0,0,CLEAR,DRY,False,OTHER COLLISIONS ON SHOULDER,SINGLE VEHICLE,STRAIGHT & LEVEL,DARK (UNKNOWN ROADWAY LIGHTING),,,8/13/2021 7:45:54 AM,False,5312,Accepted,
28501390,0568000,LOUISVILLE METRO POLICE DEPT,Accepted,JEFFERSON,KY1865,,TAYLOR,BLVD,,,BICKNELL,,,,,38.183164403,-85.783792800,5.289,8/12/2021 12:00:00 AM,0001,2,2,0,1,CLEAR,DRY,False,OTHER INTERSECTION COLLISIONS,REAR END,STRAIGHT & LEVEL,DARK-HWY LIGHTED/ON,,,8/13/2021 7:45:57 AM,False,7040,Accepted,
28524534,0568000,LOUISVILLE METRO POLICE DEPT,Accepted,JEFFERSON,KY1727,,TERRY,RD,,,,,WESTSHIRE,,PAGES,38.131526846,-85.874161851,0.673,8/12/2021 12:00:00 AM,1559,2,2,0,0,CLEAR,DRY,False,SIDESWIPE COLLISION - SAME DIRECTION,SIDESWIPE-SAME DIRECTION,STRAIGHT & LEVEL,DAYLIGHT,,,8/16/2021 2:20:01 PM,False,2098,Accepted,