IncidentID,AgencyORI,AgencyName,IncidentStatusDesc,County,RdwyNumber,Street,RoadwayName,StreetSfx,StreetDir,IntersectionRdwy,IntersectionRdwyName,BetweenStRdwy1,BetweenStRdwyName1,BetweenStRdwy2,BetweenStRdwyName2,Latitude,Longitude,Milepoint,CollisionDate,CollisionTime,UnitsInvolved,MotorVehiclesInvolved,NumberKilled,NumberInjured,Weather,RdwyConditionCode,HitandRun,DirAnalysisCode,MannerofCollision,RdwyCharacter,LightCondition,RampFromRdwyId,RampToRdwyId,AcceptedDate,IsSecondaryCollision,OwnerBadge,IncidentStatus,
28524526,0568000,LOUISVILLE METRO POLICE DEPT,Accepted,JEFFERSON,KY1934,,CANE RUN,RD,,,KRAMERS,,,,,38.201082375,-85.834950709,9.363,8/12/2021 12:00:00 AM,0726,2,2,1,0,CLEAR,DRY,False,ANGLE COLLISION - ONE VEHICLE TURNING LEFT,ANGLE,STRAIGHT & LEVEL,DAYLIGHT,,,8/16/2021 2:19:49 PM,False,6886,Accepted,
28531856,0568000,LOUISVILLE METRO POLICE DEPT,Accepted,JEFFERSON,KY2052,,SHEPHERDSVILLE,RD,,,,,,,,38.158632794,-85.659974740,1.408,8/12/2021 12:00:00 AM,1553,2,2,0,0,CLEAR,DRY,False,1 VEHICLE ENTERING/LEAVING ENTRANCE,ANGLE,STRAIGHT & LEVEL,DAYLIGHT,,,8/18/2021 7:23:37 AM,False,7283,Accepted,
28535975,0568000,LOUISVILLE METRO POLICE DEPT,Accepted,JEFFERSON,KY0841,,GENE SNYDER,FWY,,,,KY2055,MANSLICK,KY0841,KY841 RAMP TO  STONESTREET RD,38.111114010,-85.803479618,4.469,8/12/2021 12:00:00 AM,1940,1,1,0,0,CLEAR,DRY,False,OTHER COLLISIONS ON SHOULDER,SINGLE VEHICLE,STRAIGHT & LEVEL,DAYLIGHT,,,8/19/2021 7:17:51 AM,False,2905,Accepted,
28501391,0568000,LOUISVILLE METRO POLICE DEPT,Accepted,JEFFERSON,KY1020,,3RD,ST,S,,IOWA,,,,,38.207549559,-85.763473019,9.676,8/12/2021 12:00:00 AM,2114,2,2,0,0,RAINING,WET,False,COLLISION WITH FIXED OBJECT IN INTERSECTION - FIRST EVENT COLLISION 09 - 32,HEAD ON,STRAIGHT & LEVEL,DUSK,,,8/13/2021 7:46:00 AM,False,7291,Accepted,
28501393,0568000,LOUISVILLE METRO POLICE DEPT,Accepted,JEFFERSON,,2106,BUECHEL BANK,RD,,,,,BRUCE,,MISTY WOODS,38.188699460,-85.647483668,0.253,8/12/2021 12:00:00 AM,0217,2,2,0,0,CLEAR,DRY,True,COLLISION IN PARKING LOT,ANGLE,STRAIGHT & LEVEL,DARK-HWY LIGHTED/ON,,,8/13/2021 7:46:09 AM,False,5315,Accepted,
28501383,0568000,LOUISVILLE METRO POLICE DEPT,Accepted,JEFFERSON,US0031W,,DIXIE,HWY,,,ASHBY,,,,,38.102982079,-85.869634333,8.273,8/12/2021 12:00:00 AM,1537,2,2,0,2,CLEAR,DRY,False,ANGLE COLLISION - ONE VEHICLE TURNING LEFT,ANGLE,STRAIGHT & LEVEL,DAYLIGHT,,,8/13/2021 7:45:34 AM,False,7234,Accepted,
28501384,0568000,LOUISVILLE METRO POLICE DEPT,Accepted,JEFFERSON,KY1065,,OUTER,LOOP,,,,,,,,38.127105291,-85.791380264,0.187,8/12/2021 12:00:00 AM,1801,2,2,0,0,CLEAR,DRY,True,1 VEHICLE ENTERING/LEAVING ENTRANCE,ANGLE,STRAIGHT & LEVEL,DAYLIGHT,,,8/13/2021 7:45:37 AM,False,7234,Accepted,
28501385,0568000,LOUISVILLE METRO POLICE DEPT,Accepted,JEFFERSON,US0031E,,BUECHEL,BYP,,,,KY2052,HIKES,KY2251,KY2251 CROSSOVER,38.198471300,-85.661324634,10.992,8/12/2021 12:00:00 AM,1521,3,3,0,3,CLEAR,DRY,False,1 VEHICLE ENTERING/LEAVING ENTRANCE,ANGLE,STRAIGHT & LEVEL,DAYLIGHT,,,8/13/2021 7:45:40 AM,False,5247,Accepted,
28501370,0568000,LOUISVILLE METRO POLICE DEPT,Accepted,JEFFERSON,KY0146,,LA GRANGE,RD,,I 0265,I265 N EXIT30 ON RAMP FROM KY146,,,,,38.288293359,-85.513353552,7.474,8/12/2021 12:00:00 AM,1307,3,3,0,1,CLEAR,DRY,False,OTHER INTERSECTION COLLISIONS,REAR END,STRAIGHT & LEVEL,DAYLIGHT,,,8/13/2021 7:44:40 AM,False,7802,Accepted,
28521992,0568000,LOUISVILLE METRO POLICE DEPT,Accepted,JEFFERSON,I 0065,,I65 N,,,,,,,,,38.105258763,-85.701041827,124.488,8/12/2021 12:00:00 AM,2310,3,3,0,1,CLEAR,DRY,False,SIDESWIPE COLLISION - SAME DIRECTION,SIDESWIPE-SAME DIRECTION,STRAIGHT & LEVEL,DARK-HWY LIGHTED/ON,,,8/16/2021 7:39:11 AM,False,5138,Accepted,
28501361,0568000,LOUISVILLE METRO POLICE DEPT,Accepted,JEFFERSON,I 0064,,I64 E,,,,,,,,,38.260556047,-85.736514307,5.766,8/12/2021 12:00:00 AM,1218,2,2,0,0,CLEAR,DRY,False,SIDESWIPE COLLISION - SAME DIRECTION,SIDESWIPE-SAME DIRECTION,CURVE & LEVEL,DAYLIGHT,,,8/13/2021 7:44:14 AM,False,7216,Accepted,
28501366,0568000,LOUISVILLE METRO POLICE DEPT,Accepted,JEFFERSON,KY1447,,WESTPORT,RD,,,REAMERS,,,,,38.296986702,-85.506151017,9.239,8/12/2021 12:00:00 AM,1441,2,2,0,0,CLEAR,DRY,False,OTHER INTERSECTION COLLISIONS,REAR END,STRAIGHT & LEVEL,DAYLIGHT,,,8/13/2021 7:44:31 AM,False,6927,Accepted,
28501367,0568000,LOUISVILLE METRO POLICE DEPT,Accepted,JEFFERSON,,,ARCADE,AVE,,,COLORADO,,,,,38.207915341,-85.785786167,0.459,8/12/2021 12:00:00 AM,1606,2,2,0,0,CLEAR,DRY,False,OTHER INTERSECTION COLLISIONS,REAR END,STRAIGHT & LEVEL,DAYLIGHT,,,8/13/2021 7:44:34 AM,False,7872,Accepted,
28501368,0568000,LOUISVILLE METRO POLICE DEPT,Accepted,JEFFERSON,US0031E,,BARDSTOWN,RD,,,CEDARLOOK,,,,,38.147019791,-85.585916074,5.329,8/12/2021 12:00:00 AM,1645,2,2,0,0,CLEAR,DRY,False,ANGLE COLLISION - OTHER,ANGLE,STRAIGHT & LEVEL,DAYLIGHT,,,8/13/2021 7:44:37 AM,False,7486,Accepted,
28501375,0568000,LOUISVILLE METRO POLICE DEPT,Accepted,JEFFERSON,,,4TH,ST,S,US0060A,WINKLER,,,,,38.210357508,-85.764667020,3.221,8/12/2021 12:00:00 AM,1247,2,2,0,0,CLEAR,DRY,False,OPPOSING LEFT TURN,OPPOSING LEFT TURN,STRAIGHT & GRADE,DAYLIGHT,,,8/13/2021 7:44:57 AM,False,5378,Accepted,
28501376,0568000,LOUISVILLE METRO POLICE DEPT,Accepted,JEFFERSON,US0031W,,DIXIE,HWY,,,BONNYVILLE,,,,,38.166933099,-85.829241052,13.188,8/12/2021 12:00:00 AM,1515,2,2,0,1,CLEAR,DRY,False,ANGLE COLLISION - OTHER,ANGLE,STRAIGHT & LEVEL,DAYLIGHT,,,8/13/2021 7:45:00 AM,False,7340,Accepted,
28501377,0568000,LOUISVILLE METRO POLICE DEPT,Accepted,JEFFERSON,,,ST CATHERINE,ST,W,,1ST,,,,,38.236899201,-85.754930077,0.002,8/12/2021 12:00:00 AM,1245,2,2,0,2,CLEAR,DRY,False,ANGLE COLLISION - OTHER,ANGLE,STRAIGHT & LEVEL,DAYLIGHT,,,8/13/2021 7:45:04 AM,False,7132,Accepted,
28501378,0568000,LOUISVILLE METRO POLICE DEPT,Accepted,JEFFERSON,KY1020,,3RD,ST,S,,HILL,,,,,38.225754839,-85.760260056,10.695,8/12/2021 12:00:00 AM,1446,3,3,0,1,CLEAR,DRY,False,OTHER INTERSECTION COLLISIONS,REAR END,STRAIGHT & LEVEL,DAYLIGHT,,,8/13/2021 7:45:08 AM,False,7132,Accepted,
28497316,0568000,LOUISVILLE METRO POLICE DEPT,Accepted,JEFFERSON,,406,28TH,ST,S,,,,,,,38.257313280,-85.796947702,0.259,8/12/2021 12:00:00 AM,0357,2,2,0,0,CLEAR,DRY,True,1 VEHICLE PARKED POSITION (NOT PARKING LOT/DRIVEWAY),SIDESWIPE-SAME DIRECTION,STRAIGHT & LEVEL,DARK-HWY LIGHTED/ON,,,8/12/2021 8:45:29 AM,False,5271,Accepted,
28528703,0568000,LOUISVILLE METRO POLICE DEPT,Accepted,JEFFERSON,,,13TH,ST,S,US0150,BROADWAY,,,,,38.247838163,-85.773257439,0.645,8/12/2021 12:00:00 AM,1645,2,2,0,0,CLEAR,DRY,False,ANGLE COLLISION - OTHER,ANGLE,STRAIGHT & GRADE,DAYLIGHT,,,8/17/2021 2:53:53 PM,False,2661,Accepted,
28527139,0568000,LOUISVILLE METRO POLICE DEPT,Accepted,JEFFERSON,,,27TH,ST,S,,MAGAZINE,,,,,38.251858704,-85.796205128,0.300,8/12/2021 12:00:00 AM,1842,3,3,0,3,CLEAR,DRY,False,ANGLE COLLISION - OTHER,ANGLE,STRAIGHT & LEVEL,DAYLIGHT,,,8/17/2021 7:16:07 AM,False,5168,Accepted,
28549733,0568000,LOUISVILLE METRO POLICE DEPT,Accepted,JEFFERSON,KY0864,,POPLAR LEVEL,RD,,,,KY0864,KY864 CROSSOVER,KY0864,KY864 CROSSOVER,38.195527574,-85.707569057,11.321,8/12/2021 12:00:00 AM,1211,2,2,0,0,CLEAR,DRY,False,SIDESWIPE COLLISION - SAME DIRECTION,SIDESWIPE-SAME DIRECTION,STRAIGHT & LEVEL,DAYLIGHT,,,8/23/2021 7:31:02 AM,False,7938,Accepted,
28521998,0568000,LOUISVILLE METRO POLICE DEPT,Accepted,JEFFERSON,KY0841,,GENE SNYDER,FWY,,,,,,,,38.114208274,-85.794636082,4.999,8/11/2021 12:00:00 AM,1955,1,1,1,0,CLEAR,DRY,False,RAN OFF ROADWAY (1 VEHICLE WITH/EARTH EMBANKMENT/DITCH),SINGLE VEHICLE,STRAIGHT & LEVEL,DUSK,,,8/16/2021 7:39:30 AM,False,7772,Accepted,
28522006,0568000,LOUISVILLE METRO POLICE DEPT,Accepted,JEFFERSON,US0150,,22ND,ST,N,,ROWAN,,,,,38.261266282,-85.786065423,0.647,8/11/2021 12:00:00 AM,1855,2,2,0,0,CLEAR,DRY,False,ANGLE COLLISION - ONE VEHICLE TURNING RIGHT,ANGLE,STRAIGHT & LEVEL,DAYLIGHT,,,8/16/2021 7:39:53 AM,False,5344,Accepted,
28497300,0568000,LOUISVILLE METRO POLICE DEPT,Accepted,JEFFERSON,,4512,SUNFLOWER,AVE,,,,,,,,38.186631025,-85.839205052,0.820,8/11/2021 12:00:00 AM,0846,2,2,0,0,CLEAR,DRY,True,SIDESWIPE COLLISION - SAME DIRECTION,SIDESWIPE-SAME DIRECTION,CURVE & LEVEL,DAYLIGHT,,,8/12/2021 8:44:32 AM,False,5257,Accepted,
28497317,0568000,LOUISVILLE METRO POLICE DEPT,Accepted,JEFFERSON,,,BROADWAY,,W,,26TH,,,,,38.249455159,-85.794878282,0.362,8/11/2021 12:00:00 AM,2351,2,2,0,0,CLEAR,DRY,True,ANGLE COLLISION - OTHER,ANGLE,STRAIGHT & LEVEL,DARK-HWY LIGHTED/ON,,,8/12/2021 8:45:32 AM,False,5021,Accepted,
28497283,0568000,LOUISVILLE METRO POLICE DEPT,Accepted,JEFFERSON,I 0064,,,,,,,,,,,38.258409588,-85.764146336,0.094,8/11/2021 12:00:00 AM,0717,1,1,0,2,CLEAR,DRY,False,OTHER RAMP RELATED COLLISIONS NOT LISTED ABOVE,SINGLE VEHICLE,CURVE & GRADE,DAWN,US31W,I 0064,8/12/2021 8:43:31 AM,False,7361,Accepted,
28501386,0568000,LOUISVILLE METRO POLICE DEPT,Accepted,JEFFERSON,,,COLONIAL OAKS,CT,,KY1020,SOUTHSIDE,,,,,38.173457145,-85.764651203,0.002,8/11/2021 12:00:00 AM,2040,1,1,0,0,CLEAR,DRY,True,OTHER ROADWAY OR MID-BLOCK COLLISION,SINGLE VEHICLE,STRAIGHT & GRADE,DUSK,,,8/13/2021 7:45:44 AM,False,5324,Accepted,
28492888,0568000,LOUISVILLE METRO POLICE DEPT,Accepted,JEFFERSON,KY2054,1790,ALGONQUIN,PKWY,,,,,,,,38.223119095,-85.792297345,1.630,8/11/2021 12:00:00 AM,0104,1,1,0,1,CLEAR,DRY,False,COLLISION WITH FIXED OBJECT NON - INTERSECTION - FIRST EVENT COLLISION 09 - 32 EXCLUDING 16,SINGLE VEHICLE,STRAIGHT & LEVEL,DARK-HWY LIGHTED/ON,,,8/11/2021 7:47:28 AM,False,5239,Accepted,
28497290,0568000,LOUISVILLE METRO POLICE DEPT,Accepted,JEFFERSON,KY1747,,HURSTBOURNE,PKWY,S,,BUNSEN,,,,,38.218978608,-85.584210395,11.455,8/11/2021 12:00:00 AM,0857,2,2,0,0,CLEAR,DRY,False,ANGLE COLLISION - OTHER,ANGLE,STRAIGHT & LEVEL,DAYLIGHT,,,8/12/2021 8:43:55 AM,False,4693,Accepted,
28497291,0568000,LOUISVILLE METRO POLICE DEPT,Accepted,JEFFERSON,KY0061,,PRESTON,HWY,,,,,,,,38.180289178,-85.718664847,7.370,8/11/2021 12:00:00 AM,1149,2,2,0,0,CLEAR,DRY,False,REAR END IN TRAFFIC LANES BOTH VEHICLES MOVING,REAR END,STRAIGHT & LEVEL,DAYLIGHT,,,8/12/2021 8:43:58 AM,False,4693,Accepted,
28497297,0568000,LOUISVILLE METRO POLICE DEPT,Accepted,JEFFERSON,KY0155,,TAYLORSVILLE,RD,,,,,,,,38.188741343,-85.509174539,6.073,8/11/2021 12:00:00 AM,1429,3,3,0,1,CLEAR,DRY,False,OTHER ROADWAY OR MID-BLOCK COLLISION,REAR END,STRAIGHT & LEVEL,DAYLIGHT,,,8/12/2021 8:44:22 AM,False,2017,Accepted,
28497305,0568000,LOUISVILLE METRO POLICE DEPT,Accepted,JEFFERSON,KY1931,,MANSLICK,RD,,,HAZELWOOD,,,,,38.169421915,-85.797247617,6.500,8/11/2021 12:00:00 AM,1619,2,2,0,0,CLEAR,DRY,True,VEHICLE BACKING IN INTERSECTION,BACKING,STRAIGHT & LEVEL,DAYLIGHT,,,8/12/2021 8:44:42 AM,False,5123,Accepted,
28497306,0568000,LOUISVILLE METRO POLICE DEPT,Accepted,JEFFERSON,,,LIBERTY,ST,W,,,,,,,38.252867580,-85.754057971,0.670,8/11/2021 12:00:00 AM,1751,2,2,0,1,CLEAR,DRY,False,OTHER ROADWAY OR MID-BLOCK COLLISION,OPPOSING LEFT TURN,STRAIGHT & LEVEL,DAYLIGHT,,,8/12/2021 8:44:45 AM,False,7239,Accepted,
28497307,0568000,LOUISVILLE METRO POLICE DEPT,Accepted,JEFFERSON,,1100,MARKET,ST,E,,,,,,,38.252493195,-85.731373940,0.050,8/11/2021 12:00:00 AM,1627,1,1,0,0,CLEAR,DRY,False,OTHER ROADWAY OR MID-BLOCK COLLISION,SINGLE VEHICLE,STRAIGHT & LEVEL,DAYLIGHT,,,8/12/2021 8:44:49 AM,False,7239,Accepted,
28497308,0568000,LOUISVILLE METRO POLICE DEPT,Accepted,JEFFERSON,US0031E,,BARDSTOWN,RD,,,DREAMS END,,,,,38.175663444,-85.616602069,8.026,8/11/2021 12:00:00 AM,1554,2,2,0,1,CLEAR,DRY,False,OTHER INTERSECTION COLLISIONS,REAR END,STRAIGHT & LEVEL,DAYLIGHT,,,8/12/2021 8:44:52 AM,False,5247,Accepted,
28644918,0565000,LYNDON POLICE DEPARTMENT,Accepted,JEFFERSON,KY2050,,HERR,LN,,,GREENLAWN,,,,,38.277282821,-85.622186576,1.631,8/11/2021 12:00:00 AM,0918,2,2,0,0,CLEAR,DRY,False,ANGLE COLLISION - OTHER,ANGLE,STRAIGHT & LEVEL,DAYLIGHT,,,9/10/2021 4:33:41 PM,False,1358,Accepted,
28531847,0568000,LOUISVILLE METRO POLICE DEPT,Accepted,JEFFERSON,,,35TH,ST,S,,BOHNE,,,,,38.228399310,-85.813919117,1.070,8/11/2021 12:00:00 AM,1125,2,2,0,1,CLEAR,DRY,False,HEAD-ON COLLISION,HEAD ON,STRAIGHT & LEVEL,DAYLIGHT,,,8/18/2021 7:20:02 AM,False,2569,Accepted,
28492882,0568000,LOUISVILLE METRO POLICE DEPT,Accepted,JEFFERSON,US0031E,,BARDSTOWN,RD,,,BROOKRIDGE VILLAGE,,,,,38.145192292,-85.584959980,5.191,8/11/2021 12:00:00 AM,0221,2,2,0,0,CLEAR,DRY,False,OPPOSING LEFT TURN,OPPOSING LEFT TURN,STRAIGHT & LEVEL,DARK-HWY LIGHTED/ON,,,8/11/2021 7:47:01 AM,False,5141,Accepted,
28492883,0568000,LOUISVILLE METRO POLICE DEPT,Accepted,JEFFERSON,,1469,BELMAR,DR,,,,,,,,38.196877766,-85.719735024,0.688,8/11/2021 12:00:00 AM,0245,2,2,0,0,CLEAR,DRY,False,1 VEHICLE PARKED POSITION (NOT PARKING LOT/DRIVEWAY),ANGLE,STRAIGHT & GRADE,DARK-HWY NOT LIGHTED,,,8/11/2021 7:47:04 AM,False,7419,Accepted,
28497312,0568000,LOUISVILLE METRO POLICE DEPT,Accepted,JEFFERSON,KY1934,4426,CANE RUN,RD,,,,,,,,38.197188141,-85.840059117,8.972,8/11/2021 12:00:00 AM,2100,2,2,0,2,CLEAR,DRY,False,REAR END IN TRAFFIC LANES BOTH VEHICLES MOVING,REAR END,STRAIGHT & LEVEL,DARK-HWY LIGHTED/ON,,,8/12/2021 8:45:08 AM,False,2877,Accepted,
28497296,0568000,LOUISVILLE METRO POLICE DEPT,Accepted,JEFFERSON,I 0265,,I265 W,,,,,,,,,38.116634648,-85.654731066,12.920,8/11/2021 12:00:00 AM,1332,1,1,0,0,CLEAR,DRY,False,OTHER COLLISIONS ON SHOULDER,SINGLE VEHICLE,STRAIGHT & LEVEL,DAYLIGHT,,,8/12/2021 8:44:17 AM,False,2017,Accepted,
28497287,0568000,LOUISVILLE METRO POLICE DEPT,Accepted,JEFFERSON,,,BRECKINRIDGE,ST,W,,4TH,,,,,38.241889651,-85.759112126,0.273,8/11/2021 12:00:00 AM,1306,2,2,0,0,CLEAR,DRY,False,ANGLE COLLISION - OTHER,ANGLE,STRAIGHT & LEVEL,DAYLIGHT,,,8/12/2021 8:43:45 AM,False,7433,Accepted,
28497293,0568000,LOUISVILLE METRO POLICE DEPT,Accepted,JEFFERSON,I 0064,,I64 E,,,,,,,,,38.222709157,-85.497813637,19.355,8/11/2021 12:00:00 AM,1430,2,2,0,0,CLEAR,DRY,False,SIDESWIPE COLLISION - SAME DIRECTION,SIDESWIPE-SAME DIRECTION,STRAIGHT & LEVEL,DAYLIGHT,,,8/12/2021 8:44:06 AM,False,2013,Accepted,
28497294,0568000,LOUISVILLE METRO POLICE DEPT,Accepted,JEFFERSON,,5408,HEAFER FARM,LN,,,,,,,,38.154777172,-85.665678210,0.067,8/11/2021 12:00:00 AM,0739,1,1,0,0,CLEAR,DRY,False,COLLISION IN PARKING LOT,SINGLE VEHICLE,STRAIGHT & LEVEL,DAYLIGHT,,,8/12/2021 8:44:09 AM,False,2017,Accepted,
28497295,0568000,LOUISVILLE METRO POLICE DEPT,Accepted,JEFFERSON,I 0265,,I265 W,,,,,I 0065,I65 N EXIT125B OFF RAMP TO KY481,I 0065,I65 S EXIT10 RAMP TO I65 N,38.114511525,-85.699230395,10.377,8/11/2021 12:00:00 AM,0923,2,2,0,0,CLEAR,DRY,False,REAR END IN TRAFFIC LANES BOTH VEHICLES MOVING,REAR END,STRAIGHT & LEVEL,DAYLIGHT,,,8/12/2021 8:44:13 AM,False,2017,Accepted,
28497301,0568000,LOUISVILLE METRO POLICE DEPT,Accepted,JEFFERSON,I 0064,,I64 W,,,,,,,,,38.223533461,-85.527365184,17.739,8/11/2021 12:00:00 AM,0340,2,2,0,1,CLEAR,DRY,False,1 VEHICLE PARKED POSITION (NOT PARKING LOT/DRIVEWAY),SIDESWIPE-SAME DIRECTION,STRAIGHT & LEVEL,DARK-HWY NOT LIGHTED,,,8/12/2021 8:44:35 AM,False,5059,Accepted,
28497303,0568000,LOUISVILLE METRO POLICE DEPT,Accepted,JEFFERSON,,,COOPER CHAPEL,RD,,,,,,,,38.103745214,-85.672306392,0.018,8/11/2021 12:00:00 AM,1543,2,2,0,0,CLEAR,DRY,False,OTHER ROADWAY OR MID-BLOCK COLLISION,REAR END,STRAIGHT & LEVEL,DAYLIGHT,,,8/12/2021 8:44:39 AM,False,7272,Accepted,
28497309,0568000,LOUISVILLE METRO POLICE DEPT,Accepted,JEFFERSON,US0031W,,DIXIE,HWY,,,UPPER HUNTERS,,,,,38.168437513,-85.828491330,13.264,8/11/2021 12:00:00 AM,1334,2,2,0,1,CLEAR,DRY,False,ANGLE COLLISION - OTHER,ANGLE,STRAIGHT & LEVEL,DAYLIGHT,,,8/12/2021 8:44:55 AM,False,7234,Accepted,
28497310,0568000,LOUISVILLE METRO POLICE DEPT,Accepted,JEFFERSON,KY0907,,3RD ST,RD,,,,,,,,38.122689093,-85.800690765,4.183,8/11/2021 12:00:00 AM,1809,1,1,0,1,CLEAR,DRY,False,RAN OFF ROADWAY (1 VEHICLE WITH/EARTH EMBANKMENT/DITCH),SINGLE VEHICLE,CURVE & LEVEL,DAYLIGHT,,,8/12/2021 8:44:58 AM,False,7234,Accepted,
28497311,0568000,LOUISVILLE METRO POLICE DEPT,Accepted,JEFFERSON,I 0071,,I71 S,,,I 0071,I71 S EXIT5 RAMP TO I264 W,,,,,38.291897002,-85.640280619,5.460,8/11/2021 12:00:00 AM,2139,1,1,0,0,CLEAR,DRY,False,OTHER INTERSECTION COLLISIONS,SINGLE VEHICLE,STRAIGHT & LEVEL,DUSK,,,8/12/2021 8:45:02 AM,False,5030,Accepted,
28501381,0568000,LOUISVILLE METRO POLICE DEPT,Accepted,JEFFERSON,US0060A,,TAYLOR,BLVD,,,LONGFIELD,,,,,38.198737600,-85.782171817,1.604,8/11/2021 12:00:00 AM,1833,2,2,0,0,CLEAR,DRY,False,ANGLE COLLISION - OTHER,ANGLE,STRAIGHT & LEVEL,DAYLIGHT,,,8/13/2021 7:45:25 AM,False,5123,Accepted,
28501382,0568000,LOUISVILLE METRO POLICE DEPT,Accepted,JEFFERSON,I 0264,,I264 W,,,,,,,,,38.189927978,-85.749079410,11.065,8/11/2021 12:00:00 AM,2249,3,3,0,1,CLEAR,DRY,False,REAR END IN TRAFFIC LANES BOTH VEHICLES MOVING,REAR END,STRAIGHT & LEVEL,DARK-HWY LIGHTED/ON,,,8/13/2021 7:45:30 AM,False,5307,Accepted,
28501387,0568000,LOUISVILLE METRO POLICE DEPT,Accepted,JEFFERSON,,4201,SIMCOE,LN,,,,,,,,38.306804756,-85.572763779,0.110,8/11/2021 12:00:00 AM,1530,1,1,0,0,CLEAR,DRY,False,OTHER ROADWAY OR MID-BLOCK COLLISION,SINGLE VEHICLE,STRAIGHT & GRADE,DAYLIGHT,,,8/13/2021 7:45:47 AM,False,6929,Accepted,
28501388,0568000,LOUISVILLE METRO POLICE DEPT,Accepted,JEFFERSON,KY0864,4239,POPLAR LEVEL,RD,,,,,,,,38.197416342,-85.707670230,,8/11/2021 12:00:00 AM,2120,2,2,0,0,CLEAR,DRY,False,,BACKING,STRAIGHT & LEVEL,DARK-HWY LIGHTED/ON,,,8/13/2021 7:45:50 AM,False,7547,Accepted,
28497319,0568000,LOUISVILLE METRO POLICE DEPT,Accepted,JEFFERSON,KY1931,,ST ANDREWS CHURCH,RD,,,BIRNAMWOOD,,,,,38.149191299,-85.824940827,4.066,8/11/2021 12:00:00 AM,0810,3,3,0,0,CLEAR,DRY,False,ANGLE COLLISION - OTHER,ANGLE,STRAIGHT & LEVEL,DAYLIGHT,,,8/12/2021 8:45:39 AM,False,7339,Accepted,
28500160,0560300,ST. MATTHEWS POLICE DEPARTMENT,Accepted,JEFFERSON,US0060,5000,SHELBYVILLE,RD,,,,,,,,38.250093512,-85.623123223,5.326,8/11/2021 12:00:00 AM,2000,2,2,0,0,CLEAR,DRY,False,COLLISION IN PARKING LOT,REAR TO REAR,STRAIGHT & LEVEL,DAYLIGHT,,,8/12/2021 11:10:25 PM,False,9157,Accepted,
28521997,0568000,LOUISVILLE METRO POLICE DEPT,Accepted,JEFFERSON,I 0264,,I264 E,,,,,,,,,38.226061671,-85.640654758,17.631,8/10/2021 12:00:00 AM,1900,2,2,0,0,CLEAR,DRY,False,REAR END IN TRAFFIC LANES BOTH VEHICLES MOVING,REAR END,STRAIGHT & LEVEL,DAYLIGHT,,,8/16/2021 7:39:26 AM,False,2228,Accepted,
28501363,0568000,LOUISVILLE METRO POLICE DEPT,Accepted,JEFFERSON,KY1065,,OUTER,LOOP,,,,,,,,38.138283992,-85.683738841,6.222,8/10/2021 12:00:00 AM,1200,2,2,0,0,CLEAR,DRY,False,OTHER ROADWAY OR MID-BLOCK COLLISION,OPPOSING LEFT TURN,STRAIGHT & LEVEL,DAYLIGHT,,,8/13/2021 7:44:20 AM,False,7628,Accepted,
28492881,0568000,LOUISVILLE METRO POLICE DEPT,Accepted,JEFFERSON,,1800B,EDGELAND,AVE,,,,,,,,38.232723493,-85.712597938,0.198,8/10/2021 12:00:00 AM,1914,5,5,0,0,CLEAR,DRY,False,1 VEHICLE PARKED POSITION (NOT PARKING LOT/DRIVEWAY),SIDESWIPE-SAME DIRECTION,STRAIGHT & LEVEL,DAYLIGHT,,,8/11/2021 7:46:57 AM,False,2976,Accepted,
28492867,0568000,LOUISVILLE METRO POLICE DEPT,Accepted,JEFFERSON,KY1934,,GREENBELT,HWY,,,,,,,,38.154718434,-85.885347582,5.000,8/10/2021 12:00:00 AM,1140,1,1,0,0,CLOUDY,DRY,False,OTHER COLLISIONS ON SHOULDER,SINGLE VEHICLE,STRAIGHT & LEVEL,DAYLIGHT,,,8/11/2021 7:46:09 AM,False,7751,Accepted,
28492875,0568000,LOUISVILLE METRO POLICE DEPT,Accepted,JEFFERSON,I 0264,,,,,,,,,,,38.189596121,-85.783125043,0.187,8/10/2021 12:00:00 AM,1454,3,3,0,0,CLEAR,DRY,True,OTHER RAMP RELATED COLLISIONS NOT LISTED ABOVE,ANGLE,STRAIGHT & HILLCREST,DAYLIGHT,I 0264,KY1865,8/11/2021 7:46:36 AM,False,7360,Accepted,
28492884,0568000,LOUISVILLE METRO POLICE DEPT,Accepted,JEFFERSON,KY0864,,FEGENBUSH,LN,,,GLASER,,,,,38.140801235,-85.619477403,4.651,8/10/2021 12:00:00 AM,1941,2,2,0,1,CLEAR,DRY,False,REAR END - ONE VEHICLE TURNING LEFT,REAR END,STRAIGHT & LEVEL,DAYLIGHT,,,8/11/2021 7:47:12 AM,False,5115,Accepted,
28497285,0568000,LOUISVILLE METRO POLICE DEPT,Accepted,JEFFERSON,US0150,,BROADWAY,,E,KY0061,PRESTON,,,,,38.245268036,-85.747562119,2.963,8/10/2021 12:00:00 AM,1420,2,2,0,2,CLEAR,DRY,False,SIDESWIPE-SAME DIRECTION,SIDESWIPE-SAME DIRECTION,STRAIGHT & LEVEL,DAYLIGHT,,,8/12/2021 8:43:38 AM,False,7058,Accepted,