IncidentID,AgencyORI,AgencyName,IncidentStatusDesc,County,RdwyNumber,Street,RoadwayName,StreetSfx,StreetDir,IntersectionRdwy,IntersectionRdwyName,BetweenStRdwy1,BetweenStRdwyName1,BetweenStRdwy2,BetweenStRdwyName2,Latitude,Longitude,Milepoint,CollisionDate,CollisionTime,UnitsInvolved,MotorVehiclesInvolved,NumberKilled,NumberInjured,Weather,RdwyConditionCode,HitandRun,DirAnalysisCode,MannerofCollision,RdwyCharacter,LightCondition,RampFromRdwyId,RampToRdwyId,AcceptedDate,IsSecondaryCollision,OwnerBadge,IncidentStatus,
28484066,0568000,LOUISVILLE METRO POLICE DEPT,Accepted,JEFFERSON,,6917,SOUTHSIDE,DR,,,,,,,,38.177774124,-85.764767894,0.077,8/6/2021 12:00:00 AM,2103,1,1,0,0,CLEAR,DRY,False,COLLISION IN PARKING LOT,SINGLE VEHICLE,STRAIGHT & LEVEL,DARK (UNKNOWN ROADWAY LIGHTING),,,8/9/2021 7:37:00 AM,False,5312,Accepted,
28484067,0568000,LOUISVILLE METRO POLICE DEPT,Accepted,JEFFERSON,US0031E,3290,BARDSTOWN,RD,,,,,,,,38.208418435,-85.669146998,11.767,8/6/2021 12:00:00 AM,2346,2,2,0,0,CLEAR,DRY,True,COLLISION IN PARKING LOT,SIDESWIPE-OPPOSITE DIRECTION,STRAIGHT & LEVEL,DARK-HWY LIGHTED/ON,,,8/9/2021 7:37:03 AM,False,5305,Accepted,
28484050,0568000,LOUISVILLE METRO POLICE DEPT,Accepted,JEFFERSON,,960,4TH,ST,S,,,,,,,38.240298195,-85.759392660,1.137,8/6/2021 12:00:00 AM,1349,2,2,0,0,CLEAR,DRY,False,1 VEHICLE PARKED POSITION (NOT PARKING LOT/DRIVEWAY),SIDESWIPE-SAME DIRECTION,STRAIGHT & LEVEL,DAYLIGHT,,,8/9/2021 7:36:05 AM,False,7433,Accepted,
28484056,0568000,LOUISVILLE METRO POLICE DEPT,Accepted,JEFFERSON,,713,FAIRDALE,RD,,,,,,,,38.115639775,-85.738560872,1.339,8/6/2021 12:00:00 AM,1000,1,1,0,0,CLEAR,DRY,False,COLLISION WITH FIXED OBJECT NON - INTERSECTION - FIRST EVENT COLLISION 09 - 32 EXCLUDING 16,SINGLE VEHICLE,STRAIGHT & LEVEL,DAYLIGHT,,,8/9/2021 7:36:27 AM,False,7234,Accepted,
28484058,0568000,LOUISVILLE METRO POLICE DEPT,Accepted,JEFFERSON,I 0265,,I265 W,,,,,,,,,38.110426023,-85.679107754,11.516,8/6/2021 12:00:00 AM,1507,2,2,0,0,CLEAR,DRY,True,REAR END IN TRAFFIC LANES BOTH VEHICLES MOVING,REAR END,STRAIGHT & LEVEL,DAYLIGHT,,,8/9/2021 7:36:35 AM,False,7272,Accepted,
28484059,0568000,LOUISVILLE METRO POLICE DEPT,Accepted,JEFFERSON,KY2054,,ALGONQUIN,PKWY,,KY1934,CANE RUN,,,,,38.224384266,-85.809311128,0.719,8/6/2021 12:00:00 AM,1548,2,2,0,2,CLEAR,DRY,False,ANGLE COLLISION - OTHER,ANGLE,STRAIGHT & LEVEL,DAYLIGHT,,,8/9/2021 7:36:38 AM,False,2569,Accepted,
28484060,0568000,LOUISVILLE METRO POLICE DEPT,Accepted,JEFFERSON,KY1065,,OUTER,LOOP,,KY2052,SHEPHERDSVILLE,,,,,38.138968788,-85.657598185,7.656,8/6/2021 12:00:00 AM,1254,2,2,0,0,CLEAR,DRY,False,SIDESWIPE-SAME DIRECTION,SIDESWIPE-SAME DIRECTION,STRAIGHT & LEVEL,DAYLIGHT,,,8/9/2021 7:36:41 AM,False,5005,Accepted,
28484074,0568000,LOUISVILLE METRO POLICE DEPT,Accepted,JEFFERSON,KY0061,5900,PRESTON,HWY,,,,,,,,38.164950595,-85.702565643,5.998,8/6/2021 12:00:00 AM,1806,1,1,0,1,CLEAR,DRY,False,COLLISION WITH FIXED OBJECT NON - INTERSECTION - FIRST EVENT COLLISION 09 - 32 EXCLUDING 16,SINGLE VEHICLE,STRAIGHT & LEVEL,DAYLIGHT,,,8/9/2021 7:37:29 AM,False,7451,Accepted,
28497313,0568000,LOUISVILLE METRO POLICE DEPT,Accepted,JEFFERSON,,2900,CONESTOGA,AVE,,,,,,,,38.226798800,-85.802069763,0.152,8/6/2021 12:00:00 AM,1947,3,3,0,1,CLEAR,DRY,False,HEAD-ON COLLISION,HEAD ON,STRAIGHT & LEVEL,DAYLIGHT,,,8/12/2021 8:45:14 AM,False,5164,Accepted,
28533142,0568000,LOUISVILLE METRO POLICE DEPT,Accepted,JEFFERSON,,2015,SHELBY,ST,S,,,,,,,38.220314195,-85.743674780,1.226,8/6/2021 12:00:00 AM,2354,2,2,0,0,CLEAR,DRY,False,1 VEHICLE PARKED POSITION (NOT PARKING LOT/DRIVEWAY),SIDESWIPE-SAME DIRECTION,STRAIGHT & LEVEL,DARK (UNKNOWN ROADWAY LIGHTING),,,8/18/2021 1:35:57 PM,False,5050,Accepted,
28577456,0568000,LOUISVILLE METRO POLICE DEPT,Accepted,JEFFERSON,US0031E,,BARDSTOWN,RD,,,COLONEL HANCOCK,,,,,38.130441294,-85.577370740,4.088,8/6/2021 12:00:00 AM,1528,3,3,1,2,CLEAR,DRY,False,OPPOSING LEFT TURN,OPPOSING LEFT TURN,STRAIGHT & LEVEL,DAYLIGHT,,,8/30/2021 8:46:22 AM,False,7751,Accepted,
28678730,0568000,LOUISVILLE METRO POLICE DEPT,Accepted,JEFFERSON,KY1747,,FERN VALLEY,RD,,KY0864,POPLAR LEVEL,,,,,38.157867011,-85.645932440,4.782,8/6/2021 12:00:00 AM,1832,2,2,0,0,CLEAR,DRY,False,ANGLE COLLISION - OTHER,ANGLE,STRAIGHT & LEVEL,DAYLIGHT,,,9/20/2021 8:20:24 AM,False,5116,Accepted,
28484079,0568000,LOUISVILLE METRO POLICE DEPT,Accepted,JEFFERSON,I 0264,,,,,,,,,,,38.254112941,-85.805332673,0.013,8/6/2021 12:00:00 AM,1618,2,2,0,0,CLEAR,DRY,True,OTHER RAMP RELATED COLLISIONS NOT LISTED ABOVE,REAR END,STRAIGHT & LEVEL,DAYLIGHT,I 0264,MUHAMMAD ALI BLVD,8/9/2021 7:37:45 AM,False,7805,Accepted,
28484080,0568000,LOUISVILLE METRO POLICE DEPT,Accepted,JEFFERSON,KY1865,,NEW CUT,RD,,,COMMERCE PARK,,,,,38.117603848,-85.775422379,0.607,8/6/2021 12:00:00 AM,1455,2,2,0,0,CLEAR,DRY,True,ANGLE COLLISION - OTHER,ANGLE,STRAIGHT & LEVEL,DAYLIGHT,,,8/9/2021 7:37:49 AM,False,7483,Accepted,
28485443,0568000,LOUISVILLE METRO POLICE DEPT,Accepted,JEFFERSON,,3704,MUD,LN,,,,,,,,38.089027714,-85.695006261,1.811,8/6/2021 12:00:00 AM,1534,2,1,0,2,CLEAR,DRY,False,HEAD-ON COLLISION,HEAD ON,STRAIGHT & LEVEL,DAYLIGHT,,,8/9/2021 1:20:04 PM,False,7474,Accepted,
28484131,0568000,LOUISVILLE METRO POLICE DEPT,Accepted,JEFFERSON,I 0264,,I264 E,,,,,I 0264,I264 E EXIT16 ON RAMP FROM US31E,I 0264,I264 E EXIT17A OFF RAMP TO KY155 S,38.215315566,-85.663213245,16.194,8/6/2021 12:00:00 AM,2223,2,2,0,1,CLEAR,DRY,True,1 VEHICLE ENTERING OR LEAVING PARKED POSITION (NOT PARKING LOT),REAR END,STRAIGHT & LEVEL,DARK-HWY LIGHTED/ON,,,8/9/2021 7:39:35 AM,False,7049,Accepted,
28488525,0568000,LOUISVILLE METRO POLICE DEPT,Accepted,JEFFERSON,KY2052,,SHEPHERDSVILLE,RD,,,,,CLEARWATER FARM,KY1747,FERN VALLEY,38.155232097,-85.659883907,1.150,8/6/2021 12:00:00 AM,1330,2,2,0,0,CLEAR,DRY,False,SIDESWIPE COLLISION - SAME DIRECTION,SIDESWIPE-SAME DIRECTION,STRAIGHT & LEVEL,DAYLIGHT,,,8/10/2021 7:29:52 AM,False,2506,Accepted,
28484069,0568000,LOUISVILLE METRO POLICE DEPT,Accepted,JEFFERSON,KY0907,,VALLEY STATION,RD,,,SCRIM,,,,,38.105962264,-85.851000897,0.898,8/6/2021 12:00:00 AM,1921,2,2,0,0,CLEAR,DRY,True,OTHER INTERSECTION COLLISIONS,REAR END,STRAIGHT & LEVEL,DAYLIGHT,,,8/9/2021 7:37:10 AM,False,5279,Accepted,
28484063,0568000,LOUISVILLE METRO POLICE DEPT,Accepted,JEFFERSON,,,RIVER,RD,,,,,WITHERSPOON,,PRESTON,38.261007148,-85.740237420,0.382,8/6/2021 12:00:00 AM,2116,2,2,0,2,CLEAR,DRY,True,1 VEHICLE ENTERING/LEAVING ENTRANCE,ANGLE,STRAIGHT & LEVEL,DARK-HWY LIGHTED/ON,,,8/9/2021 7:36:51 AM,False,2764,Accepted,
28484071,0568000,LOUISVILLE METRO POLICE DEPT,Accepted,JEFFERSON,,,RIVER,RD,,,WITHERSPOON,,,,,38.261533031,-85.736692273,0.588,8/6/2021 12:00:00 AM,1842,2,2,0,1,CLEAR,DRY,False,ANGLE COLLISION - OTHER,ANGLE,STRAIGHT & LEVEL,DAYLIGHT,,,8/9/2021 7:37:18 AM,False,7216,Accepted,
28484052,0568000,LOUISVILLE METRO POLICE DEPT,Accepted,JEFFERSON,US0031E,,MARKET,ST,E,,,,,,,38.254178977,-85.747237648,17.438,8/6/2021 12:00:00 AM,1438,2,2,0,0,CLEAR,DRY,False,SIDESWIPE COLLISION - SAME DIRECTION,SIDESWIPE-SAME DIRECTION,STRAIGHT & LEVEL,DAYLIGHT,,,8/9/2021 7:36:13 AM,False,7216,Accepted,
28484061,0568000,LOUISVILLE METRO POLICE DEPT,Accepted,JEFFERSON,KY1703,1011,BAXTER,AVE,,,,,,,,38.238435118,-85.722878023,5.540,8/6/2021 12:00:00 AM,1715,2,2,0,1,CLEAR,DRY,False,HEAD-ON COLLISION,HEAD ON,STRAIGHT & LEVEL,DAYLIGHT,,,8/9/2021 7:36:44 AM,False,7129,Accepted,
28475246,0568000,LOUISVILLE METRO POLICE DEPT,Accepted,JEFFERSON,KY1931,4604,GREENWOOD,RD,,,,,,,,38.143585382,-85.841186361,3.057,8/6/2021 12:00:00 AM,0613,1,1,0,0,CLEAR,DRY,False,COLLISION WITH FIXED OBJECT NON - INTERSECTION - FIRST EVENT COLLISION 09 - 32 EXCLUDING 16,SINGLE VEHICLE,STRAIGHT & LEVEL,DUSK,,,8/6/2021 8:08:36 AM,False,5223,Accepted,
28528700,0568000,LOUISVILLE METRO POLICE DEPT,Accepted,JEFFERSON,KY1703,,NEWBURG,RD,,,INDIAN,,,,,38.184571948,-85.665372530,0.504,8/6/2021 12:00:00 AM,1432,2,2,0,0,CLEAR,DRY,False,HEAD-ON COLLISION,HEAD ON,STRAIGHT & LEVEL,DAYLIGHT,,,8/17/2021 2:53:43 PM,False,7283,Accepted,
28551004,0568000,LOUISVILLE METRO POLICE DEPT,Accepted,JEFFERSON,,,MAGNOLIA,AVE,W,,,,,,,38.229645029,-85.767554110,0.612,8/6/2021 12:00:00 AM,0331,2,2,0,0,CLEAR,DRY,False,SIDESWIPE COLLISION - SAME DIRECTION,SIDESWIPE-SAME DIRECTION,STRAIGHT & GRADE,DARK-HWY LIGHTED/ON,,,8/23/2021 11:54:04 AM,False,5386,Accepted,
28527157,0568000,LOUISVILLE METRO POLICE DEPT,Accepted,JEFFERSON,,,CHESTNUT,ST,E,,CLAY,,,,,38.247128355,-85.741142032,0.646,8/5/2021 12:00:00 AM,1900,2,2,0,0,CLEAR,DRY,False,SIDESWIPE-SAME DIRECTION,SIDESWIPE-SAME DIRECTION,STRAIGHT & LEVEL,DAYLIGHT,,,8/17/2021 7:17:11 AM,False,5024,Accepted,
28492846,0568000,LOUISVILLE METRO POLICE DEPT,Accepted,JEFFERSON,KY2054,,ALGONQUIN,PKWY,,,CYPRESS,,,,,38.223694223,-85.800153750,1.219,8/5/2021 12:00:00 AM,2159,2,2,0,0,CLEAR,DRY,False,ANGLE COLLISION - OTHER,ANGLE,STRAIGHT & LEVEL,DARK (UNKNOWN ROADWAY LIGHTING),,,8/11/2021 7:44:53 AM,False,7923,Accepted,
28492862,0568000,LOUISVILLE METRO POLICE DEPT,Accepted,JEFFERSON,,,ALLMOND,AVE,,,WAMPUM,,,,,38.186272589,-85.758482644,0.491,8/5/2021 12:00:00 AM,1500,2,2,0,0,CLEAR,DRY,False,COLLISION WITH PARKED VEHICLE,SIDESWIPE-SAME DIRECTION,STRAIGHT & LEVEL,DAYLIGHT,,,8/11/2021 7:45:55 AM,False,7116,Accepted,
28475237,0568000,LOUISVILLE METRO POLICE DEPT,Accepted,JEFFERSON,,,WILSON,AVE,,,OLIVE,,,,,38.232853245,-85.799558831,1.379,8/5/2021 12:00:00 AM,2039,2,2,0,2,CLEAR,DRY,False,ANGLE COLLISION - OTHER,ANGLE,STRAIGHT & LEVEL,DARK-HWY LIGHTED/ON,,,8/6/2021 8:07:53 AM,False,5229,Accepted,
28475238,0568000,LOUISVILLE METRO POLICE DEPT,Accepted,JEFFERSON,,,26TH,ST,S,,GARLAND,,,,,38.244668929,-85.795437983,1.113,8/5/2021 12:00:00 AM,2249,2,2,0,1,CLEAR,DRY,True,ANGLE COLLISION - OTHER,ANGLE,STRAIGHT & LEVEL,DARK-HWY LIGHTED/ON,,,8/6/2021 8:07:57 AM,False,5229,Accepted,
28475220,0568000,LOUISVILLE METRO POLICE DEPT,Accepted,JEFFERSON,I 0065,,I65 N,,,,,,,,,38.152426348,-85.715022318,127.886,8/5/2021 12:00:00 AM,0927,2,2,0,1,CLEAR,DRY,False,REAR END IN TRAFFIC LANES BOTH VEHICLES MOVING,REAR END,STRAIGHT & LEVEL,DAYLIGHT,,,8/6/2021 8:06:44 AM,True,7442,Accepted,
28475221,0568000,LOUISVILLE METRO POLICE DEPT,Accepted,JEFFERSON,,,JEFFERSON,ST,E,,BROOK,,,,,38.253122947,-85.750398113,0.959,8/5/2021 12:00:00 AM,1515,2,2,0,0,CLEAR,DRY,False,ANGLE COLLISION - OTHER,ANGLE,STRAIGHT & LEVEL,DAYLIGHT,,,8/6/2021 8:06:47 AM,False,5354,Accepted,
28475222,0568000,LOUISVILLE METRO POLICE DEPT,Accepted,JEFFERSON,,,1ST,ST,S,,MUHAMMAD ALI,,,,,38.250545542,-85.752531855,0.379,8/5/2021 12:00:00 AM,1635,2,2,0,0,CLEAR,DRY,False,OTHER INTERSECTION COLLISIONS,REAR END,STRAIGHT & LEVEL,DAYLIGHT,,,8/6/2021 8:06:51 AM,False,5354,Accepted,
28475228,0568000,LOUISVILLE METRO POLICE DEPT,Accepted,JEFFERSON,US0060A,,EASTERN,PKWY,,US0031E,BARDSTOWN,,,,,38.232004003,-85.709328076,6.830,8/5/2021 12:00:00 AM,1556,2,2,0,0,CLEAR,DRY,False,OTHER INTERSECTION COLLISIONS,REAR END,STRAIGHT & LEVEL,DAYLIGHT,,,8/6/2021 8:07:12 AM,False,5353,Accepted,
28475229,0568000,LOUISVILLE METRO POLICE DEPT,Accepted,JEFFERSON,KY1865,,TAYLOR,BLVD,,,CAMDEN,,,,,38.192498075,-85.783220217,5.935,8/5/2021 12:00:00 AM,1845,2,2,0,1,CLEAR,DRY,False,ANGLE COLLISION - OTHER,ANGLE,STRAIGHT & LEVEL,DAYLIGHT,,,8/6/2021 8:07:15 AM,False,7977,Accepted,
28475230,0568000,LOUISVILLE METRO POLICE DEPT,Accepted,JEFFERSON,KY0864,,POPLAR LEVEL,RD,,,BISHOP,,,,,38.184815190,-85.699829038,10.458,8/5/2021 12:00:00 AM,1901,2,2,0,1,CLEAR,DRY,False,OPPOSING LEFT TURN,OPPOSING LEFT TURN,STRAIGHT & LEVEL,DAYLIGHT,,,8/6/2021 8:07:24 AM,False,5146,Accepted,
28475231,0568000,LOUISVILLE METRO POLICE DEPT,Accepted,JEFFERSON,KY2054,700,ALGONQUIN,PKWY,,,,,,,,38.211373255,-85.769691160,3.274,8/5/2021 12:00:00 AM,1032,2,2,0,0,CLEAR,DRY,False,1 VEHICLE ENTERING/LEAVING ENTRANCE,ANGLE,CURVE & LEVEL,DAYLIGHT,,,8/6/2021 8:07:34 AM,False,7360,Accepted,
28475236,0568000,LOUISVILLE METRO POLICE DEPT,Accepted,JEFFERSON,,,32ND,ST,S,,DUMESNIL,,,,,38.237357877,-85.807221166,0.738,8/5/2021 12:00:00 AM,2227,2,2,0,0,CLEAR,DRY,False,HEAD-ON COLLISION,HEAD ON,STRAIGHT & LEVEL,DARK-HWY LIGHTED/ON,,,8/6/2021 8:07:50 AM,False,5309,Accepted,
28475215,0568000,LOUISVILLE METRO POLICE DEPT,Accepted,JEFFERSON,,2520,MARKET,ST,W,,,,,,,38.259386077,-85.792601171,0.338,8/5/2021 12:00:00 AM,1448,2,1,0,0,CLOUDY,DRY,False,COLLISION WITH PEDESTRIAN NON - INTERSECTION,SINGLE VEHICLE,STRAIGHT & LEVEL,DAYLIGHT,,,8/6/2021 8:06:23 AM,False,7904,Accepted,
28475223,0568000,LOUISVILLE METRO POLICE DEPT,Accepted,JEFFERSON,KY1865,,NEW CUT,RD,,KY1065,OUTER,,,,,38.126356766,-85.776196835,1.259,8/5/2021 12:00:00 AM,1150,2,2,0,0,CLEAR,DRY,False,ANGLE COLLISION - OTHER,ANGLE,STRAIGHT & LEVEL,DAYLIGHT,,,8/6/2021 8:06:54 AM,False,7234,Accepted,
28475240,0568000,LOUISVILLE METRO POLICE DEPT,Accepted,JEFFERSON,I 0264,,,,,,,,,,,38.202272099,-85.689356125,0.177,8/5/2021 12:00:00 AM,2243,2,2,0,1,CLEAR,DRY,False,OTHER RAMP RELATED COLLISIONS NOT LISTED ABOVE,REAR END,STRAIGHT & HILLCREST,DARK-HWY LIGHTED/ON,I 0264,KY1703,8/6/2021 8:08:03 AM,False,2816,Accepted,
28470785,0568000,LOUISVILLE METRO POLICE DEPT,Accepted,JEFFERSON,,2315,DUMESNIL,ST,,,,,23RD,,25TH,38.236823868,-85.793648933,1.468,8/5/2021 12:00:00 AM,0238,1,1,0,0,CLEAR,DRY,True,OTHER ROADWAY OR MID-BLOCK COLLISION,SINGLE VEHICLE,STRAIGHT & LEVEL,DARK-HWY LIGHTED/ON,,,8/5/2021 8:08:14 AM,False,5229,Accepted,
28475205,0568000,LOUISVILLE METRO POLICE DEPT,Accepted,JEFFERSON,I 0065,,,,,,,,,,,38.238209153,-85.752933752,0.146,8/5/2021 12:00:00 AM,0809,2,2,0,0,CLEAR,DRY,False,OTHER RAMP RELATED COLLISIONS NOT LISTED ABOVE,REAR END,STRAIGHT & LEVEL,DAYLIGHT,E SAINT CATHERINE ST,I 0065,8/6/2021 8:05:44 AM,False,5120,Accepted,
28475211,0568000,LOUISVILLE METRO POLICE DEPT,Accepted,JEFFERSON,,,INDIAN,TRL,E,KY0061,PRESTON,,,,,38.168764945,-85.706604107,0.002,8/5/2021 12:00:00 AM,1400,2,2,0,1,CLEAR,DRY,False,REAR END - ONE VEHICLE TURNING RIGHT,REAR END,STRAIGHT & LEVEL,DAYLIGHT,,,8/6/2021 8:06:06 AM,False,5335,Accepted,
28475212,0568000,LOUISVILLE METRO POLICE DEPT,Accepted,JEFFERSON,,,ASHLAND,AVE,W,KY1020,SOUTHERN,,,,,38.185230979,-85.767418772,0.091,8/5/2021 12:00:00 AM,1404,2,2,0,0,CLOUDY,DRY,True,ANGLE COLLISION - ONE VEHICLE TURNING LEFT,ANGLE,,,,,8/6/2021 8:06:11 AM,False,5372,Accepted,
28475213,0568000,LOUISVILLE METRO POLICE DEPT,Accepted,JEFFERSON,,1240,CARRICO,AVE,,,,,,,,38.184123520,-85.783842455,0.185,8/5/2021 12:00:00 AM,0144,2,2,0,1,CLEAR,DRY,False,OTHER ROADWAY OR MID-BLOCK COLLISION,OPPOSING LEFT TURN,STRAIGHT & LEVEL,DAYLIGHT,,,8/6/2021 8:06:15 AM,False,5302,Accepted,
28522052,0568000,LOUISVILLE METRO POLICE DEPT,Accepted,JEFFERSON,US0031W,,DIXIE,HWY,,,,,,,,38.121644863,-85.855357543,9.724,8/5/2021 12:00:00 AM,1653,2,2,0,1,CLEAR,DRY,False,1 VEHICLE ENTERING/LEAVING ENTRANCE,ANGLE,STRAIGHT & LEVEL,DAYLIGHT,,,8/16/2021 7:42:33 AM,False,7244,Accepted,
28501356,0568000,LOUISVILLE METRO POLICE DEPT,Accepted,JEFFERSON,,,CRITTENDEN,DR,,,PHILLIPS,,,,,38.192245274,-85.750833460,0.372,8/5/2021 12:00:00 AM,2118,3,3,0,1,CLEAR,DRY,False,ANGLE COLLISION - OTHER,ANGLE,STRAIGHT & LEVEL,DARK-HWY LIGHTED/ON,,,8/13/2021 7:43:54 AM,False,7462,Accepted,
28475202,0568000,LOUISVILLE METRO POLICE DEPT,Accepted,JEFFERSON,US0060A,,LEXINGTON,RD,,,BAUER,,,,,38.251698992,-85.660904337,10.339,8/5/2021 12:00:00 AM,1023,2,2,0,0,CLEAR,DRY,False,OPPOSING LEFT TURN,OPPOSING LEFT TURN,STRAIGHT & LEVEL,DAYLIGHT,,,8/6/2021 8:05:32 AM,False,5362,Accepted,
28475244,0568000,LOUISVILLE METRO POLICE DEPT,Accepted,JEFFERSON,KY0061,,PRESTON,HWY,,,,,HIGH SCHOOL,,ST RITA,38.127640330,-85.680787252,3.155,8/5/2021 12:00:00 AM,2102,1,1,0,1,CLEAR,DRY,False,COLLISION WITH FIXED OBJECT NON - INTERSECTION - FIRST EVENT COLLISION 09 - 32 EXCLUDING 16,SINGLE VEHICLE,STRAIGHT & LEVEL,DUSK,,,8/6/2021 8:08:29 AM,False,5264,Accepted,
28475208,0568000,LOUISVILLE METRO POLICE DEPT,Accepted,JEFFERSON,KY0864,4545,POPLAR LEVEL,RD,,,,,,,,38.183481577,-85.698702133,10.394,8/5/2021 12:00:00 AM,0945,2,2,0,2,CLEAR,DRY,False,REAR END IN TRAFFIC LANES BOTH VEHICLES MOVING,REAR END,STRAIGHT & LEVEL,DAYLIGHT,,,8/6/2021 8:05:56 AM,False,5335,Accepted,
28475216,0568000,LOUISVILLE METRO POLICE DEPT,Accepted,JEFFERSON,KY1931,,ST ANDREWS CHURCH,RD,,,ST ANTHONY CHURCH,,,,,38.150657860,-85.821703477,4.270,8/5/2021 12:00:00 AM,1800,2,2,0,0,CLEAR,DRY,False,ANGLE COLLISION - OTHER,ANGLE,STRAIGHT & LEVEL,DAYLIGHT,,,8/6/2021 8:06:29 AM,False,2021,Accepted,
28475217,0568000,LOUISVILLE METRO POLICE DEPT,Accepted,JEFFERSON,US0031E,,MARKET,ST,E,,,,,,,38.254394767,-85.751162923,17.626,8/5/2021 12:00:00 AM,1441,2,2,0,0,CLEAR,DRY,False,COLLISION IN PARKING LOT,BACKING,STRAIGHT & LEVEL,DAYLIGHT,,,8/6/2021 8:06:33 AM,False,5348,Accepted,
28475224,0568000,LOUISVILLE METRO POLICE DEPT,Accepted,JEFFERSON,,,BLEVINS GAP,RD,,,,,,,,38.070695343,-85.881518660,0.187,8/5/2021 12:00:00 AM,1323,2,2,0,0,CLEAR,DRY,False,HEAD-ON COLLISION,HEAD ON,STRAIGHT & LEVEL,DAYLIGHT,,,8/6/2021 8:06:57 AM,False,7234,Accepted,
28475225,0568000,LOUISVILLE METRO POLICE DEPT,Accepted,JEFFERSON,US0031W,,DIXIE,HWY,,,,,,,,38.126532484,-85.851203792,10.190,8/5/2021 12:00:00 AM,1528,3,3,0,1,CLEAR,DRY,False,SIDESWIPE COLLISION - OPPOSITE DIRECTION,SIDESWIPE-OPPOSITE DIRECTION,STRAIGHT & LEVEL,DAYLIGHT,,,8/6/2021 8:07:00 AM,False,7234,Accepted,
28475226,0568000,LOUISVILLE METRO POLICE DEPT,Accepted,JEFFERSON,KY1865,,NEW CUT,RD,,,SCOTTSDALE,,,,,38.139168571,-85.773836126,2.207,8/5/2021 12:00:00 AM,1718,2,2,0,1,CLEAR,DRY,False,ANGLE COLLISION - OTHER,ANGLE,STRAIGHT & LEVEL,DAYLIGHT,,,8/6/2021 8:07:04 AM,False,7234,Accepted,
28475227,0568000,LOUISVILLE METRO POLICE DEPT,Accepted,JEFFERSON,US0060A,,EASTERN,PKWY,,,NORRIS,,,,,38.230763517,-85.711541609,6.676,8/5/2021 12:00:00 AM,1441,2,2,0,0,CLEAR,DRY,False,HEAD-ON COLLISION,HEAD ON,STRAIGHT & LEVEL,DAYLIGHT,,,8/6/2021 8:07:07 AM,False,5353,Accepted,
28475234,0568000,LOUISVILLE METRO POLICE DEPT,Accepted,JEFFERSON,US0031E,1133,BARDSTOWN,RD,,,,,,,,38.237551358,-85.719417520,15.319,8/5/2021 12:00:00 AM,2355,2,2,0,0,CLEAR,DRY,False,1 VEHICLE PARKED POSITION (NOT PARKING LOT/DRIVEWAY),SIDESWIPE-SAME DIRECTION,STRAIGHT & LEVEL,DARK-HWY LIGHTED/ON,,,8/6/2021 8:07:43 AM,False,7488,Accepted,
28475242,0568000,LOUISVILLE METRO POLICE DEPT,Accepted,JEFFERSON,KY1931,,MANSLICK,RD,,,CRUMS,,,,,38.186001755,-85.800974942,7.705,8/5/2021 12:00:00 AM,2107,1,1,0,0,CLEAR,DRY,False,COLLISION WITH FIXED OBJECT IN INTERSECTION - FIRST EVENT COLLISION 09 - 32,SINGLE VEHICLE,STRAIGHT & GRADE,DARK-HWY LIGHTED/ON,,,8/6/2021 8:08:13 AM,False,5245,Accepted,
28475243,0568000,LOUISVILLE METRO POLICE DEPT,Accepted,JEFFERSON,,,HILL,ST,W,KY1020,3RD,,,,,38.225817897,-85.760254546,0.182,8/5/2021 12:00:00 AM,1948,2,2,0,2,CLEAR,DRY,False,ANGLE COLLISION - OTHER,ANGLE,STRAIGHT & LEVEL,DAYLIGHT,,,8/6/2021 8:08:17 AM,False,5230,Accepted,
28475232,0568000,LOUISVILLE METRO POLICE DEPT,Accepted,JEFFERSON,,,SOUTHLAND,BLVD,W,KY1020,SOUTHSIDE,,,,,38.171164261,-85.764652877,0.064,8/4/2021 12:00:00 AM,0932,2,2,0,1,CLEAR,DRY,False,ANGLE COLLISION - OTHER,ANGLE,STRAIGHT & LEVEL,DAYLIGHT,,,8/6/2021 8:07:37 AM,False,7251,Accepted,
28475233,0568000,LOUISVILLE METRO POLICE DEPT,Accepted,JEFFERSON,,1003,LILLIAN,AVE,,,,,,,,38.207805567,-85.775272904,0.036,8/4/2021 12:00:00 AM,1533,3,3,0,0,CLEAR,DRY,False,1 VEHICLE PARKED POSITION (NOT PARKING LOT/DRIVEWAY),SIDESWIPE-OPPOSITE DIRECTION,STRAIGHT & LEVEL,DAYLIGHT,,,8/6/2021 8:07:40 AM,False,7251,Accepted,
28470778,0568000,LOUISVILLE METRO POLICE DEPT,Accepted,JEFFERSON,I 0065,,I65 N,,,,,,,,,38.087385601,-85.700912563,123.255,8/4/2021 12:00:00 AM,2220,2,2,0,0,CLEAR,DRY,False,SIDESWIPE COLLISION - SAME DIRECTION,SIDESWIPE-SAME DIRECTION,STRAIGHT & LEVEL,DARK-HWY NOT LIGHTED,,,8/5/2021 8:07:40 AM,False,5198,Accepted,