IncidentID,AgencyORI,AgencyName,IncidentStatusDesc,County,RdwyNumber,Street,RoadwayName,StreetSfx,StreetDir,IntersectionRdwy,IntersectionRdwyName,BetweenStRdwy1,BetweenStRdwyName1,BetweenStRdwy2,BetweenStRdwyName2,Latitude,Longitude,Milepoint,CollisionDate,CollisionTime,UnitsInvolved,MotorVehiclesInvolved,NumberKilled,NumberInjured,Weather,RdwyConditionCode,HitandRun,DirAnalysisCode,MannerofCollision,RdwyCharacter,LightCondition,RampFromRdwyId,RampToRdwyId,AcceptedDate,IsSecondaryCollision,OwnerBadge,IncidentStatus,
28475209,0568000,LOUISVILLE METRO POLICE DEPT,Accepted,JEFFERSON,US0060,,SHELBYVILLE,RD,,,,,DAVENTRY,KY1747,HURSTBOURNE,38.246383128,-85.576734937,7.861,8/4/2021 12:00:00 AM,1540,2,2,0,0,CLEAR,DRY,False,SIDESWIPE COLLISION - SAME DIRECTION,SIDESWIPE-SAME DIRECTION,STRAIGHT & LEVEL,DAYLIGHT,,,8/6/2021 8:05:59 AM,False,2030,Accepted,
28475210,0568000,LOUISVILLE METRO POLICE DEPT,Accepted,JEFFERSON,US0060A,,TAYLOR,BLVD,,,,,TENNESSEE,,IOWA,38.208989237,-85.772855629,2.551,8/4/2021 12:00:00 AM,1845,2,2,0,0,CLEAR,DRY,False,1 VEHICLE PARKED POSITION (NOT PARKING LOT/DRIVEWAY),REAR END,STRAIGHT & LEVEL,DAYLIGHT,,,8/6/2021 8:06:03 AM,False,7705,Accepted,
28470782,0568000,LOUISVILLE METRO POLICE DEPT,Accepted,JEFFERSON,KY0864,,FEGENBUSH,LN,,,SHERLOCK,,,,,38.158720161,-85.637570903,6.349,8/4/2021 12:00:00 AM,2323,1,1,0,1,CLEAR,OTHER,False,OTHER INTERSECTION COLLISIONS,SINGLE VEHICLE,CURVE & HILLCREST,DARK-HWY NOT LIGHTED,,,8/5/2021 8:07:56 AM,False,5141,Accepted,
28476112,0568000,LOUISVILLE METRO POLICE DEPT,Accepted,JEFFERSON,KY1747,,FERN VALLEY,RD,,I 0065,I65 S EXIT128 ON RAMP FROM KY1631 W,,,,,38.157956315,-85.720286646,0.647,8/4/2021 12:00:00 AM,1910,2,1,0,1,CLEAR,DRY,False,OTHER INTERSECTION COLLISIONS,REAR END,STRAIGHT & GRADE,DAYLIGHT,,,8/6/2021 1:55:14 PM,False,7751,Accepted,
28475219,0568000,LOUISVILLE METRO POLICE DEPT,Accepted,JEFFERSON,KY1931,,ST ANDREWS CHURCH,RD,,,,,,,,38.151359235,-85.820298793,4.361,8/4/2021 12:00:00 AM,1517,2,2,0,0,CLEAR,DRY,False,HEAD-ON COLLISION,HEAD ON,STRAIGHT & LEVEL,DAYLIGHT,,,8/6/2021 8:06:41 AM,False,7244,Accepted,
28466309,0568000,LOUISVILLE METRO POLICE DEPT,Accepted,JEFFERSON,,,PARK,RD,S,KY1450,BLUE LICK,,,,,38.116346368,-85.689487027,0.696,8/4/2021 12:00:00 AM,0530,2,2,0,0,CLEAR,DRY,True,OTHER INTERSECTION COLLISIONS,REAR END,STRAIGHT & LEVEL,DAWN,,,8/4/2021 8:07:41 AM,False,5336,Accepted,
28470754,0568000,LOUISVILLE METRO POLICE DEPT,Accepted,JEFFERSON,,4402,OLD MANSLICK,RD,,,,,,,,38.184593223,-85.799727916,0.161,8/4/2021 12:00:00 AM,0430,5,5,0,0,CLEAR,DRY,False,COLLISION IN PARKING LOT,SIDESWIPE-SAME DIRECTION,STRAIGHT & LEVEL,OTHER,,,8/5/2021 8:05:52 AM,False,7040,Accepted,
28470762,0568000,LOUISVILLE METRO POLICE DEPT,Accepted,JEFFERSON,,1620,CATALPA,ST,,,,,,,,38.229327647,-85.802635285,0.603,8/4/2021 12:00:00 AM,1315,2,2,0,0,CLEAR,DRY,False,1 VEHICLE PARKED POSITION (NOT PARKING LOT/DRIVEWAY),SIDESWIPE-OPPOSITE DIRECTION,STRAIGHT & LEVEL,DAYLIGHT,,,8/5/2021 8:06:32 AM,False,5355,Accepted,
28470763,0568000,LOUISVILLE METRO POLICE DEPT,Accepted,JEFFERSON,KY0864,4700BLK,POPLAR LEVEL,RD,,,,,,,,38.177444168,-85.689268169,9.680,8/4/2021 12:00:00 AM,1700,2,2,0,0,CLEAR,DRY,False,1 VEHICLE ENTERING/LEAVING ENTRANCE,ANGLE,STRAIGHT & LEVEL,DAYLIGHT,,,8/5/2021 8:06:36 AM,False,5342,Accepted,
28470764,0568000,LOUISVILLE METRO POLICE DEPT,Accepted,JEFFERSON,KY1934,,CANE RUN,RD,,,FARNSLEY,,,,,38.202525067,-85.832832863,9.519,8/4/2021 12:00:00 AM,1613,2,2,0,0,CLEAR,DRY,False,OTHER INTERSECTION COLLISIONS,REAR END,STRAIGHT & LEVEL,DAYLIGHT,,,8/5/2021 8:06:40 AM,False,5208,Accepted,
28470771,0568000,LOUISVILLE METRO POLICE DEPT,Accepted,JEFFERSON,,,RIVER PARK,DR,,,31ST,,,,,38.253878946,-85.802584202,1.340,8/4/2021 12:00:00 AM,1711,1,1,0,0,CLEAR,DRY,False,COLLISION WITH FIXED OBJECT IN INTERSECTION - FIRST EVENT COLLISION 09 - 32,SINGLE VEHICLE,STRAIGHT & LEVEL,DAYLIGHT,,,8/5/2021 8:07:04 AM,False,7805,Accepted,
28470772,0568000,LOUISVILLE METRO POLICE DEPT,Accepted,JEFFERSON,I 0265,,,,,,,,,,,38.145126869,-85.547238999,0.268,8/4/2021 12:00:00 AM,1815,2,2,0,0,CLEAR,DRY,False,OTHER RAMP RELATED COLLISIONS NOT LISTED ABOVE,REAR END,STRAIGHT & GRADE,DAYLIGHT,I 0265,KY1819,8/5/2021 8:07:07 AM,False,2321,Accepted,
28470773,0568000,LOUISVILLE METRO POLICE DEPT,Accepted,JEFFERSON,I 0264,,I264 W,,,,,,,,,38.208759665,-85.675581636,15.381,8/4/2021 12:00:00 AM,1755,2,2,0,0,CLEAR,DRY,False,REAR END IN TRAFFIC LANES BOTH VEHICLES MOVING,REAR END,STRAIGHT & LEVEL,DAYLIGHT,,,8/5/2021 8:07:12 AM,False,6813,Accepted,
28501357,0568000,LOUISVILLE METRO POLICE DEPT,Accepted,JEFFERSON,KY2052,,SHEPHERDSVILLE,RD,,,MILE OF SUNSHINE,,,,,38.150215290,-85.659828485,0.822,8/4/2021 12:00:00 AM,1654,2,2,0,0,CLEAR,DRY,False,OTHER INTERSECTION COLLISIONS,REAR END,STRAIGHT & GRADE,DAYLIGHT,,,8/13/2021 7:43:58 AM,False,5369,Accepted,
28488522,0568000,LOUISVILLE METRO POLICE DEPT,Accepted,JEFFERSON,I 0071,,I71 N,,,,,,INDIAN HILLS,I 0071,I71 N EXIT2 ON RAMP FROM  ZORN AVE,38.285102112,-85.680808994,3.001,8/4/2021 12:00:00 AM,1130,1,1,0,0,CLEAR,DRY,False,COLLISION WITH FIXED OBJECT NON - INTERSECTION - FIRST EVENT COLLISION 09 - 32 EXCLUDING 16,SINGLE VEHICLE,STRAIGHT & LEVEL,DAYLIGHT,,,8/10/2021 7:29:49 AM,False,2673,Accepted,
28488552,0568000,LOUISVILLE METRO POLICE DEPT,Accepted,JEFFERSON,KY1932,,BRECKENRIDGE,LN,,,MARIAN,,,,,38.187874113,-85.625982977,0.459,8/4/2021 12:00:00 AM,2310,2,2,0,0,CLEAR,DRY,True,OTHER INTERSECTION COLLISIONS,REAR END,STRAIGHT & LEVEL,DARK-HWY NOT LIGHTED,,,8/10/2021 7:31:30 AM,False,5222,Accepted,
28522087,0568000,LOUISVILLE METRO POLICE DEPT,Accepted,JEFFERSON,I 0265,,I265 S,,,,,,,,,38.292902572,-85.541521088,31.980,8/4/2021 12:00:00 AM,2140,2,2,0,0,CLEAR,DRY,False,1 VEHICLE PARKED POSITION (NOT PARKING LOT/DRIVEWAY),SIDESWIPE-SAME DIRECTION,STRAIGHT & LEVEL,DARK-HWY NOT LIGHTED,,,8/16/2021 7:44:06 AM,False,5322,Accepted,
28536804,0568000,LOUISVILLE METRO POLICE DEPT,Accepted,JEFFERSON,,,5TH,ST,S,US0150,BROADWAY,,,,,38.246235582,-85.760026138,3.073,8/4/2021 12:00:00 AM,0857,2,1,0,0,CLEAR,DRY,True,ANGLE COLLISION - OTHER,ANGLE,STRAIGHT & LEVEL,DAYLIGHT,,,8/19/2021 11:12:01 AM,False,5354,Accepted,
28475214,0568000,LOUISVILLE METRO POLICE DEPT,Accepted,JEFFERSON,,,LIBERTY,ST,E,KY0864,CHESTNUT,,,,,38.249873898,-85.733173537,1.058,8/4/2021 12:00:00 AM,1040,2,2,0,1,CLEAR,DRY,False,SIDESWIPE-SAME DIRECTION,SIDESWIPE-SAME DIRECTION,STRAIGHT & LEVEL,DAYLIGHT,,,8/6/2021 8:06:19 AM,False,7904,Accepted,
28475204,0568000,LOUISVILLE METRO POLICE DEPT,Accepted,JEFFERSON,,,CRITTENDEN,DR,,,WAINWRIGHT,,,,,38.212608021,-85.751280137,0.294,8/4/2021 12:00:00 AM,1616,2,2,0,0,CLEAR,DRY,False,ANGLE COLLISION - OTHER,ANGLE,STRAIGHT & LEVEL,DAYLIGHT,,,8/6/2021 8:05:40 AM,False,5120,Accepted,
28470784,0568000,LOUISVILLE METRO POLICE DEPT,Accepted,JEFFERSON,,,EVELYN,AVE,W,,,,,,,38.196691916,-85.768392051,0.466,8/4/2021 12:00:00 AM,2305,2,2,0,0,CLEAR,DRY,False,SIDESWIPE COLLISION - SAME DIRECTION,SIDESWIPE-SAME DIRECTION,STRAIGHT & GRADE,DARK-HWY LIGHTED/ON,,,8/5/2021 8:08:09 AM,False,5386,Accepted,
28470774,0568000,LOUISVILLE METRO POLICE DEPT,Accepted,JEFFERSON,KY1142,,PALATKA,RD,,,SOUTHVIEW,,,,,38.151617142,-85.782291801,1.078,8/4/2021 12:00:00 AM,1807,3,3,0,0,CLEAR,DRY,False,OTHER INTERSECTION COLLISIONS,REAR END,STRAIGHT & LEVEL,DAYLIGHT,,,8/5/2021 8:07:16 AM,False,7427,Accepted,
28466312,0568000,LOUISVILLE METRO POLICE DEPT,Accepted,JEFFERSON,KY1934,,GREENBELT,HWY,,,WINSTEAD,,,,,38.132301974,-85.889839713,3.426,8/4/2021 12:00:00 AM,0555,2,2,0,0,CLEAR,DRY,False,ANGLE COLLISION - OTHER,ANGLE,STRAIGHT & LEVEL,DARK-HWY NOT LIGHTED,,,8/4/2021 8:07:51 AM,False,5033,Accepted,
28470757,0568000,LOUISVILLE METRO POLICE DEPT,Accepted,JEFFERSON,,,5TH,ST,S,US0150,BROADWAY,,,,,38.246248226,-85.760056579,3.073,8/4/2021 12:00:00 AM,0857,2,2,0,0,CLEAR,DRY,True,ANGLE COLLISION - OTHER,ANGLE,STRAIGHT & LEVEL,DAYLIGHT,,,8/5/2021 8:06:19 AM,False,5354,Accepted,
28470758,0568000,LOUISVILLE METRO POLICE DEPT,Accepted,JEFFERSON,,4500,CHURCHMAN,AVE,,,,,,,,38.177179601,-85.792721862,0.129,8/4/2021 12:00:00 AM,1026,2,2,0,1,CLEAR,DRY,False,1 VEHICLE ENTERING/LEAVING ENTRANCE,ANGLE,STRAIGHT & LEVEL,DAYLIGHT,,,8/5/2021 8:06:24 AM,False,5372,Accepted,
28470759,0568000,LOUISVILLE METRO POLICE DEPT,Accepted,JEFFERSON,I 0065,,,,,,,,,,,38.189616383,-85.731530615,0.148,8/4/2021 12:00:00 AM,0951,1,1,0,1,CLEAR,DRY,False,OTHER RAMP RELATED COLLISIONS NOT LISTED ABOVE,SINGLE VEHICLE,CURVE & LEVEL,DAYLIGHT,I 0065,I 0065,8/5/2021 8:06:28 AM,False,5342,Accepted,
28470766,0568000,LOUISVILLE METRO POLICE DEPT,Accepted,JEFFERSON,US0031E,,BARDSTOWN,RD,,,,I 0265,I265 E EXIT17 OFF RAMP TO US31E,I 0265,I265 E EXIT17 ON RAMP FROM US31E,38.141854937,-85.583430751,4.947,8/4/2021 12:00:00 AM,1810,2,2,0,0,CLEAR,DRY,False,OTHER ROADWAY OR MID-BLOCK COLLISION,REAR TO REAR,STRAIGHT & LEVEL,DAYLIGHT,,,8/5/2021 8:06:49 AM,False,6878,Accepted,
28470767,0568000,LOUISVILLE METRO POLICE DEPT,Accepted,JEFFERSON,US0031E,1072,BARDSTOWN,RD,,,,,,,,38.238414747,-85.720982317,15.423,8/4/2021 12:00:00 AM,1807,2,2,0,0,CLEAR,DRY,False,1 VEHICLE ENTERING/LEAVING ENTRANCE,ANGLE,STRAIGHT & LEVEL,DAYLIGHT,,,8/5/2021 8:06:53 AM,False,7900,Accepted,
28470775,0568000,LOUISVILLE METRO POLICE DEPT,Accepted,JEFFERSON,US0031W,,DIXIE,HWY,,,,,,,,38.086799904,-85.878948194,7.046,8/4/2021 12:00:00 AM,1332,4,4,0,1,CLEAR,DRY,False,SIDESWIPE COLLISION - OPPOSITE DIRECTION,SIDESWIPE-OPPOSITE DIRECTION,STRAIGHT & LEVEL,DAYLIGHT,,,8/5/2021 8:07:20 AM,False,7234,Accepted,
28470776,0568000,LOUISVILLE METRO POLICE DEPT,Accepted,JEFFERSON,,,CONN,ST,,,GEORGETOWN,,,,,38.196002287,-85.794895802,0.643,8/4/2021 12:00:00 AM,1025,2,2,0,0,CLEAR,DRY,False,ANGLE COLLISION - OTHER,ANGLE,STRAIGHT & LEVEL,DAYLIGHT,,,8/5/2021 8:07:32 AM,False,7360,Accepted,
28470777,0568000,LOUISVILLE METRO POLICE DEPT,Accepted,JEFFERSON,,,WILSON,AVE,,,,,OLIVE,,CYPRESS,38.233000024,-85.799186531,1.356,8/4/2021 12:00:00 AM,2214,1,1,0,1,CLEAR,DRY,False,OCCUPANT FELL FROM MOVING VEHICLE,SINGLE VEHICLE,STRAIGHT & LEVEL,DARK-HWY LIGHTED/ON,,,8/5/2021 8:07:36 AM,False,5229,Accepted,
28484062,0568000,LOUISVILLE METRO POLICE DEPT,Accepted,JEFFERSON,,,ST CATHERINE,ST,E,,,,,,,38.235066394,-85.738276745,0.377,8/4/2021 12:00:00 AM,0127,3,3,0,0,CLEAR,DRY,False,1 VEHICLE PARKED POSITION (NOT PARKING LOT/DRIVEWAY),SIDESWIPE-SAME DIRECTION,STRAIGHT & LEVEL,DARK-HWY LIGHTED/ON,,,8/9/2021 7:36:47 AM,False,5385,Accepted,
28475239,0568000,LOUISVILLE METRO POLICE DEPT,Accepted,JEFFERSON,US0031W,10312,DIXIE,HWY,,,,,,,,38.105039670,-85.868383046,8.433,8/4/2021 12:00:00 AM,2104,1,1,0,0,CLEAR,DRY,False,COLLISION WITH FIXED OBJECT NON - INTERSECTION - FIRST EVENT COLLISION 09 - 32 EXCLUDING 16,SINGLE VEHICLE,STRAIGHT & LEVEL,DARK-HWY LIGHTED/ON,,,8/6/2021 8:07:59 AM,False,5318,Accepted,
28475245,0568000,LOUISVILLE METRO POLICE DEPT,Accepted,JEFFERSON,KY1447,,WESTPORT,RD,,,,,,,,38.297847408,-85.546985937,6.751,8/4/2021 12:00:00 AM,2038,2,2,0,1,CLEAR,DRY,False,OTHER ROADWAY OR MID-BLOCK COLLISION,OPPOSING LEFT TURN,STRAIGHT & LEVEL,DAYLIGHT,,,8/6/2021 8:08:32 AM,False,5056,Accepted,
28522025,0568000,LOUISVILLE METRO POLICE DEPT,Accepted,JEFFERSON,,,HACKEL,DR,,,,,CROCKETT,,HUNTERS CREEK,38.167458234,-85.872968849,0.180,8/4/2021 12:00:00 AM,1000,2,2,0,0,CLEAR,DRY,False,1 VEHICLE PARKED POSITION (NOT PARKING LOT/DRIVEWAY),SIDESWIPE-OPPOSITE DIRECTION,STRAIGHT & LEVEL,DAYLIGHT,,,8/16/2021 7:40:44 AM,False,2457,Accepted,
28522009,0568000,LOUISVILLE METRO POLICE DEPT,Accepted,JEFFERSON,I 0064,,I64 E,,,,,,,,,38.222832639,-85.512997441,18.574,8/3/2021 12:00:00 AM,1730,2,2,0,0,CLEAR,DRY,False,REAR END IN TRAFFIC LANES BOTH VEHICLES MOVING,REAR END,STRAIGHT & GRADE,DAYLIGHT,,,8/16/2021 7:39:59 AM,False,8278,Accepted,
28484138,0568000,LOUISVILLE METRO POLICE DEPT,Accepted,JEFFERSON,,,7TH,ST,S,,COLLEGE,,,,,38.240720860,-85.764378214,1.623,8/3/2021 12:00:00 AM,0223,3,3,0,1,CLEAR,DRY,False,COLLISION WITH PARKED VEHICLE,REAR END,STRAIGHT & LEVEL,DARK-HWY LIGHTED/ON,,,8/9/2021 7:40:01 AM,False,5152,Accepted,
28466305,0568000,LOUISVILLE METRO POLICE DEPT,Accepted,JEFFERSON,,6620,SIX MILE,LN,,,,,,,,38.197546236,-85.629797304,1.334,8/3/2021 12:00:00 AM,1826,2,2,0,0,CLEAR,DRY,True,COLLISION IN PARKING LOT,SIDESWIPE-SAME DIRECTION,STRAIGHT & LEVEL,DAYLIGHT,,,8/4/2021 8:07:32 AM,False,5332,Accepted,
28466295,0568000,LOUISVILLE METRO POLICE DEPT,Accepted,JEFFERSON,KY1934,,GREENBELT,HWY,,,,,,,,38.147063066,-85.886386853,4.455,8/3/2021 12:00:00 AM,1551,2,2,0,1,CLEAR,DRY,False,REAR END IN TRAFFIC LANES BOTH VEHICLES MOVING,REAR END,STRAIGHT & LEVEL,DAYLIGHT,,,8/4/2021 8:06:10 AM,False,7234,Accepted,
28466313,0568000,LOUISVILLE METRO POLICE DEPT,Accepted,JEFFERSON,KY0061,,JACKSON,ST,S,,CALDWELL,,,,,38.239535200,-85.746569144,11.898,8/3/2021 12:00:00 AM,2014,2,2,0,0,CLEAR,DRY,False,SIDESWIPE-SAME DIRECTION,SIDESWIPE-SAME DIRECTION,STRAIGHT & LEVEL,DAYLIGHT,,,8/4/2021 8:07:54 AM,False,5152,Accepted,
28468354,0560300,ST. MATTHEWS POLICE DEPARTMENT,Accepted,JEFFERSON,,,NANZ,AVE,,,MACON,,,,,38.247900865,-85.656059940,0.441,8/3/2021 12:00:00 AM,1505,2,2,0,0,CLEAR,DRY,False,ANGLE COLLISION - OTHER,ANGLE,STRAIGHT & LEVEL,DAYLIGHT,,,8/4/2021 4:50:37 PM,False,9172,Accepted,
28466298,0568000,LOUISVILLE METRO POLICE DEPT,Accepted,JEFFERSON,,,LONGFIELD,AVE,,US0060A,TAYLOR,,,,,38.198583918,-85.782747010,0.778,8/3/2021 12:00:00 AM,1900,2,2,0,1,CLEAR,DRY,False,OPPOSING LEFT TURN,OPPOSING LEFT TURN,STRAIGHT & LEVEL,DAYLIGHT,,,8/4/2021 8:06:26 AM,False,7046,Accepted,
28466280,0568000,LOUISVILLE METRO POLICE DEPT,Accepted,JEFFERSON,,1447,6TH,ST,S,,,,,,,38.227496038,-85.765017735,2.053,8/3/2021 12:00:00 AM,0807,2,2,0,0,CLEAR,DRY,True,1 VEHICLE PARKED POSITION (NOT PARKING LOT/DRIVEWAY),SIDESWIPE-SAME DIRECTION,STRAIGHT & LEVEL,DAYLIGHT,,,8/4/2021 8:04:37 AM,False,7433,Accepted,
28466281,0568000,LOUISVILLE METRO POLICE DEPT,Accepted,JEFFERSON,,,11TH,ST,S,,,,CHESTNUT,,MUHAMMAD ALI,38.251286309,-85.769377997,0.462,8/3/2021 12:00:00 AM,0955,1,1,0,1,CLEAR,DRY,False,COLLISION WITH FIXED OBJECT NON - INTERSECTION - FIRST EVENT COLLISION 09 - 32 EXCLUDING 16,SINGLE VEHICLE,STRAIGHT & LEVEL,DAYLIGHT,,,8/4/2021 8:04:40 AM,False,5275,Accepted,
28466289,0568000,LOUISVILLE METRO POLICE DEPT,Accepted,JEFFERSON,,,JEFFERSON,ST,W,KY1020,2ND,,,,,38.253502678,-85.753820793,0.085,8/3/2021 12:00:00 AM,1325,2,2,0,0,CLEAR,DRY,False,OTHER INTERSECTION COLLISIONS,REAR END,STRAIGHT & LEVEL,DAYLIGHT,,,8/4/2021 8:05:18 AM,False,2406,Accepted,
28563380,0568000,LOUISVILLE METRO POLICE DEPT,Accepted,JEFFERSON,I 0065,,I65 S,,,,,,,,,38.247793672,-85.752244012,135.400,8/3/2021 12:00:00 AM,1651,2,2,0,0,CLEAR,DRY,False,REAR END IN TRAFFIC LANES BOTH VEHICLES MOVING,REAR END,STRAIGHT & GRADE,DAYLIGHT,,,8/26/2021 7:18:42 AM,False,8278,Accepted,
28470765,0568000,LOUISVILLE METRO POLICE DEPT,Accepted,JEFFERSON,US0031W,,DIXIE,HWY,,,ROCKFORD,,,,,38.173950811,-85.823669457,13.800,8/3/2021 12:00:00 AM,1815,4,4,0,1,CLEAR,DRY,False,OTHER INTERSECTION COLLISIONS,REAR END,STRAIGHT & LEVEL,DAYLIGHT,,,8/5/2021 8:06:44 AM,False,5175,Accepted,
28466311,0568000,LOUISVILLE METRO POLICE DEPT,Accepted,JEFFERSON,KY0155,,TAYLORSVILLE,RD,,,HIKES,,,,,38.219759561,-85.625747370,13.309,8/3/2021 12:00:00 AM,2245,2,2,0,0,CLEAR,DRY,True,OTHER INTERSECTION COLLISIONS,REAR END,STRAIGHT & LEVEL,DARK-HWY LIGHTED/ON,,,8/4/2021 8:07:45 AM,False,5317,Accepted,
28466286,0568000,LOUISVILLE METRO POLICE DEPT,Accepted,JEFFERSON,US0031E,,BARDSTOWN,RD,,,,,HEATHER,,BELMONT,38.206551714,-85.667328502,11.598,8/3/2021 12:00:00 AM,1046,2,2,0,0,CLEAR,DRY,False,OTHER ROADWAY OR MID-BLOCK COLLISION,OPPOSING LEFT TURN,STRAIGHT & LEVEL,DAYLIGHT,,,8/4/2021 8:04:55 AM,False,5347,Accepted,
28466294,0568000,LOUISVILLE METRO POLICE DEPT,Accepted,JEFFERSON,I 0071,,I71 N,,,,,,,,,38.277997397,-85.692182468,2.136,8/3/2021 12:00:00 AM,1735,2,2,0,0,CLEAR,DRY,False,SIDESWIPE COLLISION - SAME DIRECTION,SIDESWIPE-SAME DIRECTION,STRAIGHT & LEVEL,DAYLIGHT,,,8/4/2021 8:06:05 AM,False,7028,Accepted,
28470770,0568000,LOUISVILLE METRO POLICE DEPT,Accepted,JEFFERSON,,,BROOK,ST,S,US0031E,MARKET,,,,,38.254517453,-85.750185380,3.398,8/3/2021 12:00:00 AM,1724,3,3,0,1,CLEAR,DRY,False,ANGLE COLLISION - OTHER,ANGLE,STRAIGHT & LEVEL,DAYLIGHT,,,8/5/2021 8:07:01 AM,False,2764,Accepted,
28466291,0568000,LOUISVILLE METRO POLICE DEPT,Accepted,JEFFERSON,KY0864,,POPLAR LEVEL,RD,,,GILMORE,,,,,38.182737121,-85.698431147,10.286,8/3/2021 12:00:00 AM,1052,2,2,0,0,CLEAR,DRY,False,SIDESWIPE-SAME DIRECTION,SIDESWIPE-SAME DIRECTION,STRAIGHT & LEVEL,DAYLIGHT,,,8/4/2021 8:05:28 AM,False,7448,Accepted,
28466299,0568000,LOUISVILLE METRO POLICE DEPT,Accepted,JEFFERSON,,,MID DALE,LN,,,,,KLONDIKE,,ALCONA,38.209648151,-85.638649310,0.030,8/3/2021 12:00:00 AM,2224,2,2,0,0,CLEAR,DRY,True,1 VEHICLE PARKED POSITION (NOT PARKING LOT/DRIVEWAY),SIDESWIPE-OPPOSITE DIRECTION,STRAIGHT & LEVEL,DARK-HWY LIGHTED/ON,,,8/4/2021 8:06:32 AM,False,2081,Accepted,
28466300,0568000,LOUISVILLE METRO POLICE DEPT,Accepted,JEFFERSON,KY1865,,NEW CUT,RD,,,GHEENS,,,,,38.165042665,-85.780047660,4.006,8/3/2021 12:00:00 AM,1954,2,2,0,1,CLEAR,DRY,False,OTHER INTERSECTION COLLISIONS,REAR END,STRAIGHT & LEVEL,DAYLIGHT,,,8/4/2021 8:07:17 AM,False,5312,Accepted,
28466293,0568000,LOUISVILLE METRO POLICE DEPT,Accepted,JEFFERSON,KY1819,,BILLTOWN,RD,,I 0265,I265 E EXIT19 OFF RAMP TO KY1819 N,,,,,38.145615901,-85.545070128,5.116,8/2/2021 12:00:00 AM,1814,2,2,0,19,CLEAR,DRY,False,ANGLE COLLISION - OTHER,ANGLE,STRAIGHT & LEVEL,DAYLIGHT,,,8/4/2021 8:05:55 AM,False,7278,Accepted,
28462005,0568000,LOUISVILLE METRO POLICE DEPT,Accepted,JEFFERSON,KY0061,,PRESTON,HWY,,I 0065,I264 W EXIT12 OFF RAMP TO,,,,,38.191402298,-85.727512705,8.283,8/2/2021 12:00:00 AM,1419,2,2,0,0,CLEAR,DRY,False,OTHER INTERSECTION COLLISIONS,REAR END,STRAIGHT & LEVEL,DAYLIGHT,,,8/3/2021 8:20:28 AM,False,7448,Accepted,
28458622,0568000,LOUISVILLE METRO POLICE DEPT,Accepted,JEFFERSON,US0031W,,DIXIE,HWY,,,UPPER HUNTERS,,,,,38.168937698,-85.828176032,13.310,8/2/2021 12:00:00 AM,0826,2,2,0,1,CLEAR,DRY,False,SIDESWIPE-SAME DIRECTION,SIDESWIPE-SAME DIRECTION,STRAIGHT & LEVEL,DAYLIGHT,,,8/2/2021 11:08:52 AM,False,7339,Accepted,
28458623,0568000,LOUISVILLE METRO POLICE DEPT,Accepted,JEFFERSON,US0060A,,TAYLOR,BLVD,,,QUEEN,,,,,38.201833604,-85.781848047,1.879,8/2/2021 12:00:00 AM,0858,2,2,0,4,CLEAR,DRY,False,OTHER INTERSECTION COLLISIONS,REAR END,STRAIGHT & LEVEL,DAYLIGHT,,,8/2/2021 11:08:56 AM,False,5378,Accepted,
28461991,0568000,LOUISVILLE METRO POLICE DEPT,Accepted,JEFFERSON,US0060A,,WINKLER,AVE,,,,,4TH,,4TH,38.210309046,-85.764433000,3.083,8/2/2021 12:00:00 AM,1306,2,2,0,0,CLEAR,DRY,True,REAR END IN TRAFFIC LANES BOTH VEHICLES MOVING,REAR END,STRAIGHT & LEVEL,DAYLIGHT,,,8/3/2021 8:19:38 AM,False,5378,Accepted,
28461997,0568000,LOUISVILLE METRO POLICE DEPT,Accepted,JEFFERSON,,,CIRCLE OF CHAMPIONS,,,,KFEC GATE6 DR,,,,,38.199394116,-85.735269231,0.494,8/2/2021 12:00:00 AM,0929,1,1,0,1,CLEAR,DRY,False,OTHER INTERSECTION COLLISIONS,SINGLE VEHICLE,CURVE & LEVEL,DAYLIGHT,,,8/3/2021 8:19:56 AM,False,5287,Accepted,
28461989,0568000,LOUISVILLE METRO POLICE DEPT,Accepted,JEFFERSON,KY1934,,CANE RUN,RD,,,TRAPPERS,,,,,38.203367245,-85.832143561,9.583,8/2/2021 12:00:00 AM,0843,2,2,0,2,CLOUDY,DRY,False,ANGLE COLLISION - OTHER,ANGLE,STRAIGHT & LEVEL,DAYLIGHT,,,8/3/2021 8:19:28 AM,False,7656,Accepted,
28461996,0568000,LOUISVILLE METRO POLICE DEPT,Accepted,JEFFERSON,I 0071,,I71 N,,,,,,,,,38.300267092,-85.615070591,7.002,8/2/2021 12:00:00 AM,1149,1,1,0,0,CLEAR,DRY,False,RAN OFF ROADWAY (1 VEHICLE WITH/EARTH EMBANKMENT/DITCH),SINGLE VEHICLE,STRAIGHT & GRADE,DAYLIGHT,,,8/3/2021 8:19:52 AM,False,8278,Accepted,