IncidentID,AgencyORI,AgencyName,IncidentStatusDesc,County,RdwyNumber,Street,RoadwayName,StreetSfx,StreetDir,IntersectionRdwy,IntersectionRdwyName,BetweenStRdwy1,BetweenStRdwyName1,BetweenStRdwy2,BetweenStRdwyName2,Latitude,Longitude,Milepoint,CollisionDate,CollisionTime,UnitsInvolved,MotorVehiclesInvolved,NumberKilled,NumberInjured,Weather,RdwyConditionCode,HitandRun,DirAnalysisCode,MannerofCollision,RdwyCharacter,LightCondition,RampFromRdwyId,RampToRdwyId,AcceptedDate,IsSecondaryCollision,OwnerBadge,IncidentStatus,
28458011,0568000,LOUISVILLE METRO POLICE DEPT,Accepted,JEFFERSON,,,CATALPA,ST,,,SOUTHERN,,,,,38.231924695,-85.802325788,0.436,8/2/2021 12:00:00 AM,0153,2,2,0,0,CLEAR,DRY,False,HEAD-ON COLLISION,HEAD ON,STRAIGHT & LEVEL,DARK-HWY LIGHTED/ON,,,8/2/2021 8:41:46 AM,False,5309,Accepted,
28466336,0560300,ST. MATTHEWS POLICE DEPARTMENT,Accepted,JEFFERSON,US0060,,SHELBYVILLE,RD,,,,,TEN PIN,I 0264,I264 W EXIT20B OFF RAMP TO US60,38.250084443,-85.621977937,5.392,8/2/2021 12:00:00 AM,1255,2,2,0,0,CLEAR,DRY,False,SIDESWIPE COLLISION - SAME DIRECTION,SIDESWIPE-SAME DIRECTION,STRAIGHT & LEVEL,DAYLIGHT,,,8/4/2021 8:19:14 AM,False,9153,Accepted,
28484057,0568000,LOUISVILLE METRO POLICE DEPT,Accepted,JEFFERSON,KY1020,,2ND,ST,S,,ST CATHERINE,,,,,38.237065577,-85.756605435,11.506,8/2/2021 12:00:00 AM,1450,2,2,0,0,CLEAR,DRY,False,ANGLE COLLISION - OTHER,ANGLE,STRAIGHT & LEVEL,DAYLIGHT,,,8/9/2021 7:36:30 AM,False,7249,Accepted,
28484110,0568000,LOUISVILLE METRO POLICE DEPT,Accepted,JEFFERSON,KY0864,,POPLAR LEVEL,RD,,,SHADY VILLA,,,,,38.163117319,-85.678779200,8.547,8/2/2021 12:00:00 AM,1715,2,2,0,0,CLEAR,DRY,False,OTHER INTERSECTION COLLISIONS,REAR END,STRAIGHT & LEVEL,DAYLIGHT,,,8/9/2021 7:38:50 AM,False,5027,Accepted,
28484115,0568000,LOUISVILLE METRO POLICE DEPT,Accepted,JEFFERSON,,,BRIARBRIDGE,LN,,,HIKES,,,,,38.210210790,-85.642165129,0.003,8/2/2021 12:00:00 AM,1515,2,2,0,1,CLEAR,DRY,False,COLLISION WITH PEDESTRIAN IN INTERSECTION,ANGLE,STRAIGHT & LEVEL,DAYLIGHT,,,8/9/2021 7:39:01 AM,False,5247,Accepted,
28661090,0568000,LOUISVILLE METRO POLICE DEPT,Accepted,JEFFERSON,,,FAIRDALE,RD,,KY2055,MANSLICK,,,,,38.105097146,-85.758590400,0.010,8/2/2021 12:00:00 AM,1459,1,1,0,1,CLOUDY,DRY,False,NON-COLLISION OBJECT COLLISION,SINGLE VEHICLE,STRAIGHT & LEVEL,DAYLIGHT,,,9/15/2021 8:27:55 AM,False,7221,Accepted,
28462001,0568000,LOUISVILLE METRO POLICE DEPT,Accepted,JEFFERSON,I 0264,,I264 E,,,,,,,,,38.225686972,-85.641460279,17.580,8/2/2021 12:00:00 AM,1714,2,2,0,0,CLEAR,DRY,False,REAR END IN TRAFFIC LANES BOTH VEHICLES MOVING,REAR END,STRAIGHT & LEVEL,DAYLIGHT,,,8/3/2021 8:20:16 AM,False,8278,Accepted,
28462002,0568000,LOUISVILLE METRO POLICE DEPT,Accepted,JEFFERSON,,,MUHAMMAD ALI,BLVD,W,,VILLAGE WEST,,,,,38.252074034,-85.766041217,0.742,8/2/2021 12:00:00 AM,1719,2,1,0,1,CLEAR,DRY,False,COLLISION WITH PEDESTRIAN IN INTERSECTION,SINGLE VEHICLE,STRAIGHT & LEVEL,DAYLIGHT,,,8/3/2021 8:20:19 AM,False,5187,Accepted,
28458014,0568000,LOUISVILLE METRO POLICE DEPT,Accepted,JEFFERSON,,,7TH,ST,S,,KENTUCKY,,,,,38.240126352,-85.764483371,1.581,8/2/2021 12:00:00 AM,0559,3,3,0,0,CLEAR,DRY,False,COLLISION WITH PARKED VEHICLE,SIDESWIPE-SAME DIRECTION,STRAIGHT & LEVEL,DAWN,,,8/2/2021 8:41:59 AM,False,5213,Accepted,
28458008,0568000,LOUISVILLE METRO POLICE DEPT,Accepted,JEFFERSON,,,BROADWAY,,W,,26TH,,,,,38.249455689,-85.794894564,0.362,8/2/2021 12:00:00 AM,0149,2,2,0,1,CLEAR,DRY,False,OTHER INTERSECTION COLLISIONS,REAR END,STRAIGHT & LEVEL,DARK (UNKNOWN ROADWAY LIGHTING),,,8/2/2021 8:41:37 AM,False,5374,Accepted,
28462000,0568000,LOUISVILLE METRO POLICE DEPT,Accepted,JEFFERSON,KY1747,,FERN VALLEY,RD,,,PARAMOUNT PARK,,,,,38.157121756,-85.712462593,1.083,8/2/2021 12:00:00 AM,1227,2,2,1,0,CLEAR,DRY,False,OPPOSING LEFT TURN,OPPOSING LEFT TURN,STRAIGHT & LEVEL,DAYLIGHT,,,8/3/2021 8:20:11 AM,False,2217,Accepted,
28470783,0568000,LOUISVILLE METRO POLICE DEPT,Accepted,JEFFERSON,KY0061,3330,PRESTON,HWY,,,,,,,,38.199013588,-85.732480371,8.875,8/2/2021 12:00:00 AM,0404,1,1,0,1,CLEAR,DRY,False,COLLISION WITH FIXED OBJECT NON - INTERSECTION - FIRST EVENT COLLISION 09 - 32 EXCLUDING 16,SINGLE VEHICLE,STRAIGHT & LEVEL,DARK-HWY LIGHTED/ON,,,8/5/2021 8:08:03 AM,False,5269,Accepted,
28484103,0568000,LOUISVILLE METRO POLICE DEPT,Accepted,JEFFERSON,I 0264,,I264 E,,,,,,,,,38.221433456,-85.650769864,16.991,8/2/2021 12:00:00 AM,1244,2,2,0,0,CLEAR,DRY,False,SIDESWIPE COLLISION - SAME DIRECTION,SIDESWIPE-SAME DIRECTION,STRAIGHT & LEVEL,DAYLIGHT,,,8/9/2021 7:38:40 AM,False,7306,Accepted,
28563788,0561900,AUDUBON PARK POLICE DEPARTMENT,Accepted,JEFFERSON,KY0061,,PRESTON,HWY,,KY1747,FERN VALLEY,,,,,38.156933760,-85.697084729,5.342,8/2/2021 12:00:00 AM,1654,2,2,0,1,CLEAR,DRY,False,OTHER INTERSECTION COLLISIONS,REAR END,STRAIGHT & LEVEL,DAYLIGHT,,,8/26/2021 9:11:48 AM,False,5105,Accepted,
28486953,0561000,JEFFERSONTOWN POLICE DEPT,Accepted,JEFFERSON,I 0064,,I64 W,,,,,,,,,38.222740179,-85.572993957,15.195,8/1/2021 12:00:00 AM,1005,2,2,0,0,CLEAR,DRY,False,SIDESWIPE COLLISION - SAME DIRECTION,SIDESWIPE-SAME DIRECTION,STRAIGHT & LEVEL,DAYLIGHT,,,8/9/2021 8:12:35 PM,False,8318,Accepted,
28488534,0568000,LOUISVILLE METRO POLICE DEPT,Accepted,JEFFERSON,,1400 BLK,BERNHEIM,LN,,,,,,,,38.220186497,-85.782112736,0.613,8/1/2021 12:00:00 AM,1011,1,1,0,1,CLEAR,DRY,False,COLLISION WITH FIXED OBJECT NON - INTERSECTION - FIRST EVENT COLLISION 09 - 32 EXCLUDING 16,SINGLE VEHICLE,STRAIGHT & LEVEL,DAYLIGHT,,,8/10/2021 7:30:29 AM,False,7381,Accepted,
28458001,0568000,LOUISVILLE METRO POLICE DEPT,Accepted,JEFFERSON,US0031E,,BARDSTOWN,RD,,,,,,,,38.142719072,-85.583692455,5.011,8/1/2021 12:00:00 AM,1839,2,2,0,0,CLOUDY,DRY,False,REAR END IN TRAFFIC LANES BOTH VEHICLES MOVING,REAR END,STRAIGHT & LEVEL,DAYLIGHT,,,8/2/2021 8:41:19 AM,False,7755,Accepted,
28458009,0568000,LOUISVILLE METRO POLICE DEPT,Accepted,JEFFERSON,I 0064,,I64 E,,,,,,,,,38.223244667,-85.524720604,17.944,8/1/2021 12:00:00 AM,2120,1,1,0,1,CLEAR,DRY,False,COLLISION WITH FIXED OBJECT NON - INTERSECTION - FIRST EVENT COLLISION 09 - 32 EXCLUDING 16,SINGLE VEHICLE,STRAIGHT & GRADE,DARK-HWY LIGHTED/ON,,,8/2/2021 8:41:40 AM,False,5041,Accepted,
28458015,0568000,LOUISVILLE METRO POLICE DEPT,Accepted,JEFFERSON,KY1020,,NATIONAL,TPKE,,KY1065,OUTER,,,,,38.126955215,-85.748962017,3.661,8/1/2021 12:00:00 AM,2239,2,2,0,0,CLEAR,DRY,False,ANGLE COLLISION - OTHER,ANGLE,STRAIGHT & LEVEL,DAWN,,,8/2/2021 8:42:02 AM,False,5266,Accepted,
28457998,0568000,LOUISVILLE METRO POLICE DEPT,Accepted,JEFFERSON,,,LIME KILN,LN,,US0042,US42,,,,,38.289379539,-85.629603219,0.011,8/1/2021 12:00:00 AM,1843,1,1,0,1,CLEAR,DRY,False,NON-COLLISION OBJECT COLLISION,SINGLE VEHICLE,CURVE & LEVEL,DAYLIGHT,,,8/2/2021 8:41:13 AM,False,7316,Accepted,
28458007,0568000,LOUISVILLE METRO POLICE DEPT,Accepted,JEFFERSON,,,CHESTNUT,ST,W,,18TH,,,,,38.251578673,-85.781086839,1.085,8/1/2021 12:00:00 AM,0301,3,3,0,0,CLEAR,DRY,False,COLLISION WITH PARKED VEHICLE,HEAD ON,STRAIGHT & LEVEL,DARK-HWY LIGHTED/ON,,,8/2/2021 8:41:34 AM,False,5008,Accepted,
28457976,0568000,LOUISVILLE METRO POLICE DEPT,Accepted,JEFFERSON,KY1703,,BAXTER,AVE,,US0060A,EASTERN,,,,,38.228944087,-85.715290710,4.764,8/1/2021 12:00:00 AM,0023,2,2,0,0,CLEAR,DRY,False,ANGLE COLLISION - OTHER,ANGLE,STRAIGHT & LEVEL,DARK-HWY LIGHTED/ON,,,8/2/2021 8:39:32 AM,False,5195,Accepted,
28457983,0568000,LOUISVILLE METRO POLICE DEPT,Accepted,JEFFERSON,,2119,UPPER HUNTERS,TRCE,,,,,,,,38.168300070,-85.835488953,0.369,8/1/2021 12:00:00 AM,0931,1,1,0,0,CLEAR,DRY,False,COLLISION WITH FIXED OBJECT NON - INTERSECTION - FIRST EVENT COLLISION 09 - 32 EXCLUDING 16,SINGLE VEHICLE,STRAIGHT & LEVEL,DAYLIGHT,,,8/2/2021 8:39:55 AM,False,7244,Accepted,
28466285,0568000,LOUISVILLE METRO POLICE DEPT,Accepted,JEFFERSON,,,11TH,ST,N,US0031W,MAIN,,,,,38.257977710,-85.768170101,0.007,8/1/2021 12:00:00 AM,0133,2,2,0,1,CLEAR,DRY,False,SIDESWIPE-SAME DIRECTION,SIDESWIPE-SAME DIRECTION,STRAIGHT & GRADE,DAYLIGHT,,,8/4/2021 8:04:52 AM,False,2661,Accepted,
28470756,0568000,LOUISVILLE METRO POLICE DEPT,Accepted,JEFFERSON,KY1065,,OUTER,LOOP,,,,,LAUREL RIDGE,,JEFFERSON,38.138046715,-85.673995199,6.754,8/1/2021 12:00:00 AM,1650,2,2,0,1,CLOUDY,DRY,False,REAR END IN TRAFFIC LANES BOTH VEHICLES MOVING,REAR END,STRAIGHT & LEVEL,DAYLIGHT,,,8/5/2021 8:06:09 AM,False,2583,Accepted,
28458012,0568000,LOUISVILLE METRO POLICE DEPT,Accepted,JEFFERSON,KY1819,,SEATONVILLE,RD,,KY1819,BILLTOWN,,,,,38.136644744,-85.538356885,4.380,8/1/2021 12:00:00 AM,2202,2,2,0,0,CLEAR,DRY,False,ANGLE COLLISION - ONE VEHICLE TURNING LEFT,ANGLE,STRAIGHT & LEVEL,DARK-HWY NOT LIGHTED,,,8/2/2021 8:41:49 AM,False,5169,Accepted,
28458013,0568000,LOUISVILLE METRO POLICE DEPT,Accepted,JEFFERSON,KY1703,,NEWBURG,RD,,,INDIAN,,,,,38.184160609,-85.666221604,0.542,8/1/2021 12:00:00 AM,1941,2,2,0,2,CLOUDY,DRY,False,OPPOSING LEFT TURN,OPPOSING LEFT TURN,STRAIGHT & LEVEL,DAYLIGHT,,,8/2/2021 8:41:55 AM,False,5171,Accepted,
28457980,0568000,LOUISVILLE METRO POLICE DEPT,Accepted,JEFFERSON,KY0061,,PRESTON,ST,S,,LYNN,,,,,38.218531393,-85.746816678,10.547,8/1/2021 12:00:00 AM,0200,6,6,0,0,CLEAR,DRY,False,COLLISION WITH PARKED VEHICLE,REAR END,STRAIGHT & LEVEL,DARK-HWY LIGHTED/ON,,,8/2/2021 8:39:45 AM,False,5267,Accepted,
28457994,0568000,LOUISVILLE METRO POLICE DEPT,Accepted,JEFFERSON,,,COOPER CHAPEL,RD,,KY0061,PRESTON,,,,,38.103612038,-85.671718716,0.044,8/1/2021 12:00:00 AM,1618,2,2,0,0,CLEAR,DRY,False,OTHER INTERSECTION COLLISIONS,REAR END,STRAIGHT & LEVEL,DAYLIGHT,,,8/2/2021 8:41:04 AM,False,7799,Accepted,
28457996,0568000,LOUISVILLE METRO POLICE DEPT,Accepted,JEFFERSON,KY1934,,CANE RUN,RD,,,,,,,,38.179960365,-85.859120932,7.383,8/1/2021 12:00:00 AM,1514,3,3,0,3,CLEAR,DRY,False,OTHER ROADWAY OR MID-BLOCK COLLISION,REAR END,STRAIGHT & LEVEL,DAYLIGHT,,,8/2/2021 8:41:09 AM,False,7244,Accepted,
28458003,0568000,LOUISVILLE METRO POLICE DEPT,Accepted,JEFFERSON,,,6TH,ST,S,,OAK,,,,,38.235324469,-85.763653338,1.509,8/1/2021 12:00:00 AM,1218,2,2,0,2,CLEAR,DRY,False,ANGLE COLLISION - OTHER,ANGLE,STRAIGHT & LEVEL,DAYLIGHT,,,8/2/2021 8:41:23 AM,False,5186,Accepted,
28458005,0568000,LOUISVILLE METRO POLICE DEPT,Accepted,JEFFERSON,KY0864,,GOSS,AVE,,,,,SPRATT,,HOERTZ,38.227757590,-85.736230583,14.134,8/1/2021 12:00:00 AM,1635,2,2,0,1,CLEAR,DRY,False,HEAD-ON COLLISION,HEAD ON,STRAIGHT & LEVEL,DAYLIGHT,,,8/2/2021 8:41:27 AM,False,5120,Accepted,
28457986,0568000,LOUISVILLE METRO POLICE DEPT,Accepted,JEFFERSON,KY1932,,BRECKENRIDGE,LN,,,GREENWICH,,,,,38.193544172,-85.625516246,0.848,8/1/2021 12:00:00 AM,1137,2,2,0,2,CLEAR,DRY,False,ANGLE COLLISION - OTHER,ANGLE,STRAIGHT & LEVEL,DAYLIGHT,,,8/2/2021 8:40:09 AM,False,7864,Accepted,
28457987,0568000,LOUISVILLE METRO POLICE DEPT,Accepted,JEFFERSON,US0031E,,BARDSTOWN,RD,,,,,EDGELAND,,EDENSIDE,38.233285085,-85.711657463,14.790,8/1/2021 12:00:00 AM,1045,2,2,0,0,CLEAR,DRY,False,VEHICLE BACKING NON INTERSECTION,BACKING,STRAIGHT & LEVEL,DAYLIGHT,,,8/2/2021 8:40:13 AM,False,2228,Accepted,
28457993,0568000,LOUISVILLE METRO POLICE DEPT,Accepted,JEFFERSON,KY0061,,PRESTON,HWY,,,,,TOWER,,OAKLAWN,38.151608268,-85.694017300,4.942,8/1/2021 12:00:00 AM,0949,1,1,0,4,CLEAR,DRY,False,COLLISION WITH FIXED OBJECT NON - INTERSECTION - FIRST EVENT COLLISION 09 - 32 EXCLUDING 16,SINGLE VEHICLE,STRAIGHT & LEVEL,DAYLIGHT,,,8/2/2021 8:40:53 AM,False,7397,Accepted,
28457978,0568000,LOUISVILLE METRO POLICE DEPT,Accepted,JEFFERSON,,,MORTON,AVE,,US0031E,BAXTER,,,,,38.241418823,-85.725233984,0.001,8/1/2021 12:00:00 AM,0251,2,2,0,0,CLEAR,DRY,False,COLLISION WITH PARKED VEHICLE,SIDESWIPE-SAME DIRECTION,STRAIGHT & LEVEL,DARK-HWY LIGHTED/ON,,,8/2/2021 8:39:39 AM,False,7488,Accepted,
28457988,0568000,LOUISVILLE METRO POLICE DEPT,Accepted,JEFFERSON,I 0265,,I265 E,,,,,I 0265,I265 E EXIT17 ON RAMP FROM US31E,I 0265,I265 E EXIT19 OFF RAMP TO KY1819,38.144536558,-85.554799147,18.882,8/1/2021 12:00:00 AM,1218,2,2,0,3,CLEAR,DRY,False,REAR END IN TRAFFIC LANES BOTH VEHICLES MOVING,REAR END,STRAIGHT & LEVEL,DAYLIGHT,,,8/2/2021 8:40:16 AM,False,6878,Accepted,
28458010,0568000,LOUISVILLE METRO POLICE DEPT,Accepted,JEFFERSON,KY1934,,CANE RUN,RD,,KY1727,TERRY,,,,,38.178135124,-85.861869972,7.187,8/1/2021 12:00:00 AM,1955,2,2,0,0,CLEAR,DRY,False,ANGLE COLLISION - OTHER,ANGLE,STRAIGHT & LEVEL,DAYLIGHT,,,8/2/2021 8:41:43 AM,False,5170,Accepted,
28458612,0568000,LOUISVILLE METRO POLICE DEPT,Accepted,JEFFERSON,KY1865,,TAYLOR,BLVD,,,,,,,,38.187345546,-85.783669062,5.579,8/1/2021 12:00:00 AM,2323,2,2,0,1,CLOUDY,DRY,False,1 VEHICLE ENTERING/LEAVING ENTRANCE,ANGLE,STRAIGHT & LEVEL,DARK-HWY NOT LIGHTED,,,8/2/2021 11:08:37 AM,False,2308,Accepted,
28459667,0561000,JEFFERSONTOWN POLICE DEPT,Accepted,JEFFERSON,KY1747,,HURSTBOURNE,PKWY,S,,,,,,,38.219539537,-85.583090917,11.529,8/1/2021 12:00:00 AM,1111,2,2,0,3,CLEAR,DRY,False,1 VEHICLE ENTERING/LEAVING ENTRANCE,ANGLE,STRAIGHT & LEVEL,DAYLIGHT,,,8/2/2021 4:14:41 PM,False,8318,Accepted,
28458621,0568000,LOUISVILLE METRO POLICE DEPT,Accepted,JEFFERSON,US0031,,CLARK MEMORIAL,BRG,,,,KY3077,RIVER,I 0064,I64 W EXIT5 OFF RAMP TO  N  3RD ST,38.259661345,-85.752551628,0.240,7/31/2021 12:00:00 AM,1903,2,2,0,1,CLEAR,DRY,False,REAR END IN TRAFFIC LANES BOTH VEHICLES MOVING,REAR END,STRAIGHT & LEVEL,DAYLIGHT,,,8/2/2021 11:08:49 AM,False,7058,Accepted,
28457979,0568000,LOUISVILLE METRO POLICE DEPT,Accepted,JEFFERSON,KY2054,,KY2054 TURN LANE,,,,,,,,,38.210958578,-85.769309795,0.024,7/31/2021 12:00:00 AM,2351,1,1,0,0,CLEAR,DRY,False,COLLISION WITH FIXED OBJECT NON - INTERSECTION - FIRST EVENT COLLISION 09 - 32 EXCLUDING 16,SINGLE VEHICLE,STRAIGHT & GRADE,DARK-HWY LIGHTED/ON,,,8/2/2021 8:39:42 AM,False,5386,Accepted,
28457985,0568000,LOUISVILLE METRO POLICE DEPT,Accepted,JEFFERSON,,1429,BROOK,ST,S,,,,,,,38.227162817,-85.754961775,1.477,7/31/2021 12:00:00 AM,1710,4,4,0,2,CLEAR,DRY,False,REAR END IN TRAFFIC LANES BOTH VEHICLES MOVING,REAR END,STRAIGHT & LEVEL,DAYLIGHT,,,8/2/2021 8:40:04 AM,True,5186,Accepted,
28457954,0568000,LOUISVILLE METRO POLICE DEPT,Accepted,JEFFERSON,I 0064,,I64 E,,,,,I 0065,I65 N,I 0064,I64 E RAMP TO I71 N,38.257893317,-85.741116981,5.448,7/31/2021 12:00:00 AM,1401,1,1,0,1,CLOUDY,WET,False,OTHER COLLISIONS ON SHOULDER,SINGLE VEHICLE,CURVE & LEVEL,DAYLIGHT,,,8/2/2021 8:38:10 AM,False,2764,Accepted,
28457938,0568000,LOUISVILLE METRO POLICE DEPT,Accepted,JEFFERSON,US0031E,1058,BARDSTOWN,RD,,,,,,,,38.238992696,-85.722077569,15.498,7/31/2021 12:00:00 AM,0357,3,3,0,0,BLOWING SAND/SOIL/DIRT/SNOW,DRY,True,1 VEHICLE PARKED POSITION (NOT PARKING LOT/DRIVEWAY),ANGLE,STRAIGHT & LEVEL,DARK-HWY LIGHTED/ON,,,8/2/2021 8:37:08 AM,False,7488,Accepted,
28457936,0568000,LOUISVILLE METRO POLICE DEPT,Accepted,JEFFERSON,,,WOODLAND,AVE,,,HEMLOCK,,,,,38.234304433,-85.803312001,0.729,7/31/2021 12:00:00 AM,0227,2,2,0,0,CLEAR,DRY,False,ANGLE COLLISION - OTHER,ANGLE,STRAIGHT & LEVEL,DARK-HWY LIGHTED/ON,,,8/2/2021 8:37:02 AM,False,5229,Accepted,
28457945,0568000,LOUISVILLE METRO POLICE DEPT,Accepted,JEFFERSON,US0150,,BROADWAY,,E,KY0864,SHELBY,,,,,38.244697509,-85.739615293,3.400,7/31/2021 12:00:00 AM,0135,2,2,0,7,CLEAR,DRY,False,ANGLE COLLISION - OTHER,ANGLE,STRAIGHT & LEVEL,DARK-HWY LIGHTED/ON,,,8/2/2021 8:37:36 AM,True,5331,Accepted,
28457952,0568000,LOUISVILLE METRO POLICE DEPT,Accepted,JEFFERSON,KY1703,,NEWBURG,RD,,,BISHOP,,,,,38.200737300,-85.685974210,2.098,7/31/2021 12:00:00 AM,1039,4,4,0,0,CLEAR,DRY,False,OTHER INTERSECTION COLLISIONS,REAR END,STRAIGHT & GRADE,DAYLIGHT,,,8/2/2021 8:38:00 AM,False,7383,Accepted,
28457960,0568000,LOUISVILLE METRO POLICE DEPT,Accepted,JEFFERSON,,,OAK,ST,E,,BROOK,,,,,38.234406492,-85.753681869,0.090,7/31/2021 12:00:00 AM,1116,2,2,0,0,CLOUDY,DRY,False,ANGLE COLLISION - OTHER,ANGLE,STRAIGHT & LEVEL,DAYLIGHT,,,8/2/2021 8:38:35 AM,False,7619,Accepted,
28457961,0568000,LOUISVILLE METRO POLICE DEPT,Accepted,JEFFERSON,,,INDIAN,TRL,E,,FOREST,,,,,38.170517799,-85.689590164,0.941,7/31/2021 12:00:00 AM,1532,2,2,0,1,CLOUDY,DRY,False,OTHER INTERSECTION COLLISIONS,REAR END,STRAIGHT & LEVEL,DAYLIGHT,,,8/2/2021 8:38:39 AM,False,7341,Accepted,
28457962,0568000,LOUISVILLE METRO POLICE DEPT,Accepted,JEFFERSON,KY1065,4801,OUTER,LOOP,,,,,,,,38.138105370,-85.676515904,6.619,7/31/2021 12:00:00 AM,1415,2,2,0,0,CLOUDY,DRY,False,REAR END IN TRAFFIC LANES BOTH VEHICLES MOVING,REAR END,STRAIGHT & LEVEL,DAWN,,,8/2/2021 8:38:42 AM,False,7989,Accepted,
28475218,0568000,LOUISVILLE METRO POLICE DEPT,Accepted,JEFFERSON,KY1931,,GREENWOOD,RD,,,,,,,,38.144990240,-85.879306664,0.970,7/31/2021 12:00:00 AM,1336,2,2,0,0,CLOUDY,DRY,False,REAR END IN TRAFFIC LANES BOTH VEHICLES MOVING,REAR END,STRAIGHT & LEVEL,DAYLIGHT,,,8/6/2021 8:06:38 AM,False,7244,Accepted,
28475207,0568000,LOUISVILLE METRO POLICE DEPT,Accepted,JEFFERSON,US0031W,,DIXIE,HWY,,KY0907,VALLEY STATION,,,,,38.107627217,-85.866684120,8.632,7/31/2021 12:00:00 AM,1539,2,2,0,1,CLOUDY,DRY,False,OTHER INTERSECTION COLLISIONS,REAR END,STRAIGHT & LEVEL,DAYLIGHT,,,8/6/2021 8:05:53 AM,False,7628,Accepted,
28577449,0568000,LOUISVILLE METRO POLICE DEPT,Accepted,JEFFERSON,,,KENTUCKY,ST,W,KY1020,3RD,,,,,38.238763971,-85.758093763,3.636,7/31/2021 12:00:00 AM,1418,2,2,0,0,RAINING,WET,False,ANGLE COLLISION - OTHER,ANGLE,STRAIGHT & LEVEL,DAYLIGHT,,,8/30/2021 8:45:49 AM,False,5186,Accepted,
28457956,0568000,LOUISVILLE METRO POLICE DEPT,Accepted,JEFFERSON,,,4TH,ST,S,,INDUSTRY,,,,,38.213867162,-85.764035361,2.977,7/31/2021 12:00:00 AM,1341,2,2,0,0,RAINING,WET,False,OTHER INTERSECTION COLLISIONS,REAR END,STRAIGHT & GRADE,DAYLIGHT,,,8/2/2021 8:38:18 AM,False,5180,Accepted,
28457957,0568000,LOUISVILLE METRO POLICE DEPT,Accepted,JEFFERSON,I 0265,,I265 E,,,,,I 0265,I265 E EXIT19 OFF RAMP TO KY1819,I 0265,I265 E EXIT19 ON RAMP FROM KY1819,38.145710351,-85.549643726,19.179,7/31/2021 12:00:00 AM,1440,2,2,0,1,RAINING,WET,False,REAR END IN TRAFFIC LANES BOTH VEHICLES MOVING,REAR END,STRAIGHT & LEVEL,DAYLIGHT,,,8/2/2021 8:38:26 AM,False,6878,Accepted,
28457958,0568000,LOUISVILLE METRO POLICE DEPT,Accepted,JEFFERSON,,16602,AIKEN,RD,,,,,,,,38.265463227,-85.464721493,3.868,7/31/2021 12:00:00 AM,1420,1,1,0,0,RAINING,WET,False,COLLISION WITH FIXED OBJECT NON - INTERSECTION - FIRST EVENT COLLISION 09 - 32 EXCLUDING 16,SINGLE VEHICLE,CURVE & GRADE,DAYLIGHT,,,8/2/2021 8:38:29 AM,False,2013,Accepted,
28457964,0568000,LOUISVILLE METRO POLICE DEPT,Accepted,JEFFERSON,KY1865,,NEW CUT,RD,,,IROQUOIS,,,,,38.166261832,-85.780145447,4.081,7/31/2021 12:00:00 AM,1453,2,2,0,0,CLOUDY,WET,True,OPPOSING LEFT TURN,OPPOSING LEFT TURN,STRAIGHT & LEVEL,DAYLIGHT,,,8/2/2021 8:38:49 AM,False,7427,Accepted,
28457939,0568000,LOUISVILLE METRO POLICE DEPT,Accepted,JEFFERSON,KY0907,,3RD ST,RD,,,CRISTLAND,,,,,38.140455611,-85.781832658,5.796,7/31/2021 12:00:00 AM,0001,2,2,0,1,CLEAR,DRY,False,REAR END - ONE VEHICLE TURNING LEFT,REAR END,STRAIGHT & LEVEL,DARK-HWY LIGHTED/ON,,,8/2/2021 8:37:12 AM,False,5224,Accepted,
28457966,0568000,LOUISVILLE METRO POLICE DEPT,Accepted,JEFFERSON,,,WATTERSON,TRL,S,KY1747,HURSTBOURNE,,,,,38.162867989,-85.612992978,1.488,7/31/2021 12:00:00 AM,1531,2,2,0,1,CLOUDY,WET,True,ANGLE COLLISION - OTHER,ANGLE,STRAIGHT & LEVEL,DAYLIGHT,,,8/2/2021 8:38:56 AM,False,5363,Accepted,
28457972,0568000,LOUISVILLE METRO POLICE DEPT,Accepted,JEFFERSON,,,COOPER CHAPEL,RD,,,PRESTON CROSSING,,,,,38.103804410,-85.670271585,0.121,7/31/2021 12:00:00 AM,1955,2,2,0,0,RAINING,WET,False,OTHER INTERSECTION COLLISIONS,REAR END,STRAIGHT & LEVEL,DAYLIGHT,,,8/2/2021 8:39:11 AM,False,5198,Accepted,
28457951,0568000,LOUISVILLE METRO POLICE DEPT,Accepted,JEFFERSON,KY1747,,HURSTBOURNE,PKWY,N,,,,,,,38.288306169,-85.572958167,17.104,7/31/2021 12:00:00 AM,1041,2,2,0,0,CLEAR,DRY,False,1 VEHICLE ENTERING/LEAVING ENTRANCE,ANGLE,STRAIGHT & HILLCREST,DAYLIGHT,,,8/2/2021 8:37:57 AM,False,7313,Accepted,
28457959,0568000,LOUISVILLE METRO POLICE DEPT,Accepted,JEFFERSON,,,WOODBINE,ST,,,,,FLOYD,,BROOK,38.229317608,-85.753084845,0.324,7/31/2021 12:00:00 AM,0719,2,2,0,0,CLOUDY,DRY,True,1 VEHICLE PARKED POSITION (NOT PARKING LOT/DRIVEWAY),SIDESWIPE-OPPOSITE DIRECTION,STRAIGHT & LEVEL,DAYLIGHT,,,8/2/2021 8:38:32 AM,False,7619,Accepted,