IncidentID,AgencyORI,AgencyName,IncidentStatusDesc,County,RdwyNumber,Street,RoadwayName,StreetSfx,StreetDir,IntersectionRdwy,IntersectionRdwyName,BetweenStRdwy1,BetweenStRdwyName1,BetweenStRdwy2,BetweenStRdwyName2,Latitude,Longitude,Milepoint,CollisionDate,CollisionTime,UnitsInvolved,MotorVehiclesInvolved,NumberKilled,NumberInjured,Weather,RdwyConditionCode,HitandRun,DirAnalysisCode,MannerofCollision,RdwyCharacter,LightCondition,RampFromRdwyId,RampToRdwyId,AcceptedDate,IsSecondaryCollision,OwnerBadge,IncidentStatus,
28457967,0568000,LOUISVILLE METRO POLICE DEPT,Accepted,JEFFERSON,,,MINOR,LN,,,,,REEVES,,MEADOW HILL,38.139137375,-85.701180748,0.980,7/31/2021 12:00:00 AM,1818,2,2,0,0,RAINING,WET,False,REAR END IN TRAFFIC LANES BOTH VEHICLES MOVING,REAR END,STRAIGHT & LEVEL,DAYLIGHT,,,8/2/2021 8:38:59 AM,False,7397,Accepted,
28537045,0560000,JEFFERSON COUNTY SHERIFF DEPT.,Accepted,JEFFERSON,US0150,,BROADWAY,,E,,,,,,,38.244636704,-85.739749169,3.393,7/31/2021 12:00:00 AM,0416,1,1,0,0,CLEAR,DRY,False,OTHER ROADWAY OR MID-BLOCK COLLISION,SINGLE VEHICLE,STRAIGHT & GRADE,DARK-HWY LIGHTED/ON,,,8/19/2021 12:26:09 PM,False,4024,Accepted,
28559165,0568000,LOUISVILLE METRO POLICE DEPT,Accepted,JEFFERSON,KY1747,,HURSTBOURNE,PKWY,S,KY6159,BLUEGRASS PKWY ACCESS,,,,,38.220166889,-85.581443821,11.635,7/31/2021 12:00:00 AM,0230,2,2,0,0,CLEAR,DRY,True,VEHICLE BACKING IN INTERSECTION,BACKING,STRAIGHT & LEVEL,DARK-HWY LIGHTED/ON,,,8/25/2021 7:35:49 AM,False,7972,Accepted,
28457990,0568000,LOUISVILLE METRO POLICE DEPT,Accepted,JEFFERSON,,,1ST,ST,S,,MUHAMMAD ALI,,,,,38.250593117,-85.752523049,0.382,7/31/2021 12:00:00 AM,1558,2,2,0,0,CLOUDY,DRY,True,SIDESWIPE-SAME DIRECTION,SIDESWIPE-SAME DIRECTION,STRAIGHT & LEVEL,DAYLIGHT,,,8/2/2021 8:40:26 AM,False,5304,Accepted,
28457991,0568000,LOUISVILLE METRO POLICE DEPT,Accepted,JEFFERSON,KY0864,,GOSS,AVE,,,SPRATT,,,,,38.227151455,-85.735322902,14.066,7/31/2021 12:00:00 AM,1754,2,2,0,0,CLOUDY,DRY,True,ANGLE COLLISION - ONE VEHICLE TURNING LEFT,ANGLE,STRAIGHT & LEVEL,DAYLIGHT,,,8/2/2021 8:40:37 AM,False,5304,Accepted,
28457981,0568000,LOUISVILLE METRO POLICE DEPT,Accepted,JEFFERSON,,,RIVER PARK,DR,,I 0264,I264 E EXIT2 ON RAMP FROM  RIVER PARK DR,,,,,38.254405259,-85.806802138,1.105,7/31/2021 12:00:00 AM,1927,2,2,0,0,CLEAR,DRY,False,ANGLE COLLISION - OTHER,ANGLE,STRAIGHT & LEVEL,DAYLIGHT,,,8/2/2021 8:39:49 AM,False,5384,Accepted,
28457982,0568000,LOUISVILLE METRO POLICE DEPT,Accepted,JEFFERSON,,,BRECKINRIDGE,ST,E,KY0864,LOGAN,,,,,38.239774476,-85.739027302,0.770,7/31/2021 12:00:00 AM,1950,2,2,0,2,CLEAR,DRY,False,ANGLE COLLISION - OTHER,ANGLE,STRAIGHT & LEVEL,DAYLIGHT,,,8/2/2021 8:39:52 AM,False,5204,Accepted,
28457984,0568000,LOUISVILLE METRO POLICE DEPT,Accepted,JEFFERSON,US0150,,BROADWAY,,E,,BARRET,,,,,38.244315327,-85.733994667,3.724,7/31/2021 12:00:00 AM,1446,2,2,0,4,RAINING,WET,False,ANGLE COLLISION - OTHER,ANGLE,STRAIGHT & GRADE,DAYLIGHT,,,8/2/2021 8:40:00 AM,False,2228,Accepted,
28458006,0568000,LOUISVILLE METRO POLICE DEPT,Accepted,JEFFERSON,,1102,PARK,RD,S,,,,,,,38.102727232,-85.732148574,4.500,7/31/2021 12:00:00 AM,1508,2,2,0,0,CLOUDY,WET,False,SIDESWIPE COLLISION - OPPOSITE DIRECTION,SIDESWIPE-OPPOSITE DIRECTION,CURVE & LEVEL,DAYLIGHT,,,8/2/2021 8:41:30 AM,False,7462,Accepted,
28457992,0568000,LOUISVILLE METRO POLICE DEPT,Accepted,JEFFERSON,,,BROADWAY,,W,US0031W,22ND,,,,,38.249310057,-85.789894050,0.089,7/31/2021 12:00:00 AM,0644,2,2,0,1,CLOUDY,DRY,True,ANGLE COLLISION - OTHER,ANGLE,STRAIGHT & LEVEL,DAYLIGHT,,,8/2/2021 8:40:44 AM,False,5251,Accepted,
28461995,0568000,LOUISVILLE METRO POLICE DEPT,Accepted,JEFFERSON,,1400,PARKRIDGE,PKWY,,,,,,,,38.142092870,-85.793953083,0.209,7/31/2021 12:00:00 AM,1700,1,1,0,0,CLEAR,DRY,True,1 VEHICLE PARKED POSITION (NOT PARKING LOT/DRIVEWAY),SINGLE VEHICLE,STRAIGHT & LEVEL,DUSK,,,8/3/2021 8:19:49 AM,False,6927,Accepted,
28521999,0568000,LOUISVILLE METRO POLICE DEPT,Accepted,JEFFERSON,KY1747,,HURSTBOURNE,PKWY,S,,SIX MILE,,,,,38.198611200,-85.603168569,9.583,7/31/2021 12:00:00 AM,1506,3,3,0,0,CLOUDY,DRY,False,OTHER INTERSECTION COLLISIONS,REAR END,STRAIGHT & LEVEL,DAYLIGHT,,,8/16/2021 7:39:33 AM,False,7200,Accepted,
28501392,0568000,LOUISVILLE METRO POLICE DEPT,Accepted,JEFFERSON,,,UPPER HUNTERS,TRCE,,,,,,,,38.160896113,-85.845253884,1.199,7/31/2021 12:00:00 AM,1718,1,1,1,0,CLEAR,DRY,False,RAN OFF ROADWAY (1 VEHICLE WITH/EARTH EMBANKMENT/DITCH),SINGLE VEHICLE,CURVE & LEVEL,DAYLIGHT,,,8/13/2021 7:46:04 AM,False,7628,Accepted,
28578479,0568000,LOUISVILLE METRO POLICE DEPT,Accepted,JEFFERSON,,,JEFFERSON,ST,W,,,,23RD,,24TH,38.257512496,-85.790099602,2.090,7/31/2021 12:00:00 AM,0027,2,1,0,0,CLEAR,DRY,False,1 VEHICLE PARKED POSITION (NOT PARKING LOT/DRIVEWAY),ANGLE,STRAIGHT & LEVEL,DARK-HWY LIGHTED/ON,,,8/30/2021 12:17:41 PM,False,5047,Accepted,
28535995,0568000,LOUISVILLE METRO POLICE DEPT,Accepted,JEFFERSON,US0031W,,DIXIE,HWY,,,DIXIE GARDEN,,,,,38.099043538,-85.871921446,7.977,7/30/2021 12:00:00 AM,1954,2,2,0,2,CLEAR,DRY,False,ANGLE COLLISION - OTHER,ANGLE,STRAIGHT & LEVEL,DAYLIGHT,,,8/19/2021 7:19:59 AM,False,7166,Accepted,
28458450,0568000,LOUISVILLE METRO POLICE DEPT,Accepted,JEFFERSON,I 0071,,I71 S,,,,,,,,,38.291672226,-85.640648372,5.429,7/30/2021 12:00:00 AM,0722,2,1,0,5,CLEAR,DRY,False,SIDESWIPE COLLISION - SAME DIRECTION,SIDESWIPE-SAME DIRECTION,STRAIGHT & GRADE,DAYLIGHT,,,8/2/2021 10:20:36 AM,False,6886,Accepted,
28457975,0568000,LOUISVILLE METRO POLICE DEPT,Accepted,JEFFERSON,,,JEFFERSON,ST,E,KY0061,PRESTON,,,,,38.252689453,-85.746360972,0.734,7/30/2021 12:00:00 AM,0708,2,2,0,0,CLEAR,DRY,False,ANGLE COLLISION - OTHER,ANGLE,STRAIGHT & LEVEL,DAYLIGHT,,,8/2/2021 8:39:27 AM,False,5135,Accepted,
28466296,0568000,LOUISVILLE METRO POLICE DEPT,Accepted,JEFFERSON,,1343,1ST,ST,S,,,,,,,38.229844057,-85.756166373,1.826,7/30/2021 12:00:00 AM,0250,4,4,0,0,CLEAR,DRY,False,1 VEHICLE PARKED POSITION (NOT PARKING LOT/DRIVEWAY),SIDESWIPE-SAME DIRECTION,STRAIGHT & LEVEL,DARK-HWY LIGHTED/ON,,,8/4/2021 8:06:15 AM,False,5196,Accepted,
28467925,0568000,LOUISVILLE METRO POLICE DEPT,Accepted,JEFFERSON,US0060A,,LEXINGTON,RD,,US0060,FRANKFORT,,,,,38.253017147,-85.657183412,10.546,7/30/2021 12:00:00 AM,0038,1,1,0,1,CLOUDY,DRY,False,OTHER INTERSECTION COLLISIONS,SINGLE VEHICLE,CURVE & LEVEL,DARK-HWY LIGHTED/ON,,,8/4/2021 3:18:18 PM,False,2034,Accepted,
28466307,0568000,LOUISVILLE METRO POLICE DEPT,Accepted,JEFFERSON,KY0864,,POPLAR LEVEL,RD,,,GILMORE,,,,,38.182742680,-85.698288723,10.284,7/30/2021 12:00:00 AM,0418,2,2,0,1,CLEAR,DRY,False,ANGLE COLLISION - ONE VEHICLE TURNING RIGHT,ANGLE,STRAIGHT & LEVEL,DARK-HWY LIGHTED/ON,,,8/4/2021 8:07:37 AM,False,5375,Accepted,
28487856,0560400,SHIVELY POLICE DEPARTMENT,Accepted,JEFFERSON,I 0264,,I264 E,,,,,,,,,38.185136404,-85.812917541,7.488,7/30/2021 12:00:00 AM,1111,2,1,0,0,CLEAR,DRY,True,REAR END IN TRAFFIC LANES BOTH VEHICLES MOVING,REAR END,STRAIGHT & LEVEL,DAYLIGHT,,,8/10/2021 3:03:01 AM,False,7108,Accepted,
28457947,0568000,LOUISVILLE METRO POLICE DEPT,Accepted,JEFFERSON,,,BROADWAY,,W,,,,SUTCLIFFE,,36TH,38.249971708,-85.811301902,1.254,7/30/2021 12:00:00 AM,1807,2,2,0,0,CLEAR,DRY,False,OTHER ROADWAY OR MID-BLOCK COLLISION,OPPOSING LEFT TURN,STRAIGHT & LEVEL,DAYLIGHT,,,8/2/2021 8:37:43 AM,False,7328,Accepted,
28457948,0568000,LOUISVILLE METRO POLICE DEPT,Accepted,JEFFERSON,US0060,US60,SHELBYVILLE,RD,,,WILDWOOD,,,,,38.246166030,-85.573273701,8.060,7/30/2021 12:00:00 AM,1859,2,2,0,2,CLEAR,DRY,False,SIDESWIPE-SAME DIRECTION,SIDESWIPE-SAME DIRECTION,STRAIGHT & LEVEL,DAYLIGHT,,,8/2/2021 8:37:47 AM,False,7529,Accepted,
28457949,0568000,LOUISVILLE METRO POLICE DEPT,Accepted,JEFFERSON,,,HANCOCK,ST,S,,CHESTNUT,,,,,38.247399600,-85.743169293,0.530,7/30/2021 12:00:00 AM,1541,2,2,0,0,CLEAR,DRY,True,OTHER INTERSECTION COLLISIONS,REAR END,STRAIGHT & LEVEL,DAYLIGHT,,,8/2/2021 8:37:50 AM,False,5344,Accepted,
28457907,0568000,LOUISVILLE METRO POLICE DEPT,Accepted,JEFFERSON,,,25TH,ST,S,,HILL,,,,,38.229953555,-85.797060835,1.305,7/30/2021 12:00:00 AM,1007,2,2,0,4,CLEAR,DRY,False,ANGLE COLLISION - OTHER,ANGLE,STRAIGHT & LEVEL,DAYLIGHT,,,8/2/2021 8:34:27 AM,True,5355,Accepted,
28457932,0568000,LOUISVILLE METRO POLICE DEPT,Accepted,JEFFERSON,US0031,,CLARK MEMORIAL,BRG,,,,KY3077,RIVER,I 0064,I64 W EXIT5 OFF RAMP TO  N  3RD ST,38.260933451,-85.752272746,0.329,7/30/2021 12:00:00 AM,1550,2,2,0,0,CLEAR,DRY,False,SIDESWIPE COLLISION - SAME DIRECTION,SIDESWIPE-SAME DIRECTION,STRAIGHT & LEVEL,DAYLIGHT,,,8/2/2021 8:36:43 AM,False,7058,Accepted,
28457916,0568000,LOUISVILLE METRO POLICE DEPT,Accepted,JEFFERSON,,,FACTORY,LN,,,,,,,,38.288988727,-85.511440197,0.053,7/30/2021 12:00:00 AM,1152,3,3,0,0,CLEAR,DRY,False,1 VEHICLE ENTERING/LEAVING ENTRANCE,ANGLE,STRAIGHT & GRADE,DAYLIGHT,,,8/2/2021 8:35:02 AM,True,6532,Accepted,
28457917,0568000,LOUISVILLE METRO POLICE DEPT,Accepted,JEFFERSON,,,25TH,ST,S,,HILL,,,,,38.229942829,-85.797035126,1.305,7/30/2021 12:00:00 AM,1554,2,2,0,1,CLEAR,DRY,False,ANGLE COLLISION - OTHER,ANGLE,STRAIGHT & LEVEL,DAYLIGHT,,,8/2/2021 8:35:08 AM,False,5355,Accepted,
28457934,0568000,LOUISVILLE METRO POLICE DEPT,Accepted,JEFFERSON,I 0264,,I264 W,,,I 0264,I264 W EXIT14 OFF RAMP TO KY864,,,,,38.198705570,-85.702991765,13.707,7/30/2021 12:00:00 AM,2023,2,2,0,0,CLEAR,DRY,False,OTHER INTERSECTION COLLISIONS,REAR END,STRAIGHT & LEVEL,DAYLIGHT,,,8/2/2021 8:36:50 AM,False,5039,Accepted,
28457942,0568000,LOUISVILLE METRO POLICE DEPT,Accepted,JEFFERSON,KY0061,,PRESTON,HWY,,KY1065,OUTER,,,,,38.137021635,-85.685852831,3.849,7/30/2021 12:00:00 AM,2131,5,5,0,0,CLEAR,DRY,True,OTHER INTERSECTION COLLISIONS,REAR END,STRAIGHT & LEVEL,DARK-HWY LIGHTED/ON,,,8/2/2021 8:37:29 AM,False,5264,Accepted,
28456152,0560300,ST. MATTHEWS POLICE DEPARTMENT,Accepted,JEFFERSON,US0060,,SHELBYVILLE,RD,,,,,,,,38.250099840,-85.620492860,5.474,7/30/2021 12:00:00 AM,1733,2,2,0,0,CLEAR,DRY,False,SIDESWIPE COLLISION - SAME DIRECTION,SIDESWIPE-SAME DIRECTION,STRAIGHT & LEVEL,DAYLIGHT,,,8/1/2021 7:51:36 PM,False,9169,Accepted,
28457915,0568000,LOUISVILLE METRO POLICE DEPT,Accepted,JEFFERSON,,3636,PARTHENIA,AVE,,,,,,,,38.194050221,-85.792235787,0.636,7/30/2021 12:00:00 AM,1523,2,2,0,1,CLEAR,DRY,False,1 VEHICLE ENTERING OR LEAVING PARKED POSITION (NOT PARKING LOT),SIDESWIPE-SAME DIRECTION,STRAIGHT & LEVEL,DAYLIGHT,,,8/2/2021 8:34:56 AM,False,5367,Accepted,
28457922,0568000,LOUISVILLE METRO POLICE DEPT,Accepted,JEFFERSON,I 0264,.2,I264 W,,,,,,,,,38.270170052,-85.808246209,0.504,7/30/2021 12:00:00 AM,1600,2,2,0,0,CLEAR,DRY,False,REAR END IN TRAFFIC LANES BOTH VEHICLES MOVING,REAR END,STRAIGHT & LEVEL,DAYLIGHT,,,8/2/2021 8:35:47 AM,False,5132,Accepted,
28457924,0568000,LOUISVILLE METRO POLICE DEPT,Accepted,JEFFERSON,,,6TH,ST,S,US0150,BROADWAY,,,,,38.246322835,-85.761716112,0.742,7/30/2021 12:00:00 AM,1555,2,2,0,0,CLEAR,DRY,False,ANGLE COLLISION - OTHER,ANGLE,STRAIGHT & LEVEL,DAYLIGHT,,,8/2/2021 8:36:07 AM,False,5187,Accepted,
28448867,0568000,LOUISVILLE METRO POLICE DEPT,Accepted,JEFFERSON,I 0071,,,,,,,,,,,38.289578157,-85.645577228,0.133,7/30/2021 12:00:00 AM,0355,1,1,0,1,CLOUDY,WET,False,COLLISION WITH FIXED OBJECT NOT IN GORE ,SINGLE VEHICLE,CURVE & GRADE,DARK-HWY LIGHTED/ON,I 0071,I 0264,7/30/2021 8:03:45 AM,False,2346,Accepted,
28484049,0568000,LOUISVILLE METRO POLICE DEPT,Accepted,JEFFERSON,KY3082,3322,BANK,ST,,,,,34TH,,33RD,38.272618218,-85.801179856,0.484,7/30/2021 12:00:00 AM,0200,2,2,0,0,CLEAR,DRY,True,1 VEHICLE PARKED POSITION (NOT PARKING LOT/DRIVEWAY),REAR END,STRAIGHT & LEVEL,DARK-HWY LIGHTED/ON,,,8/9/2021 7:36:02 AM,False,7058,Accepted,
28457953,0568000,LOUISVILLE METRO POLICE DEPT,Accepted,JEFFERSON,US0060A,,LEXINGTON,RD,,,CROSS HILL,,,,,38.245057693,-85.696747144,8.279,7/30/2021 12:00:00 AM,1543,1,1,0,0,CLEAR,DRY,False,COLLISION WITH FIXED OBJECT IN INTERSECTION - FIRST EVENT COLLISION 09 - 32,SINGLE VEHICLE,STRAIGHT & HILLCREST,DAYLIGHT,,,8/2/2021 8:38:04 AM,False,2673,Accepted,
28457944,0568000,LOUISVILLE METRO POLICE DEPT,Accepted,JEFFERSON,,1203,WALTER,AVE,,,,,,,,38.176016818,-85.781504355,0.229,7/30/2021 12:00:00 AM,2326,2,2,0,0,CLEAR,DRY,False,1 VEHICLE PARKED POSITION (NOT PARKING LOT/DRIVEWAY),SIDESWIPE-SAME DIRECTION,STRAIGHT & LEVEL,DARK-HWY LIGHTED/OFF,,,8/2/2021 8:37:33 AM,False,5337,Accepted,
28457910,0568000,LOUISVILLE METRO POLICE DEPT,Accepted,JEFFERSON,KY1747,,FERN VALLEY,RD,,KY0061,PRESTON,,,,,38.157352766,-85.695971136,2.000,7/30/2021 12:00:00 AM,1155,2,2,0,2,CLOUDY,DRY,False,OPPOSING LEFT TURN,OPPOSING LEFT TURN,STRAIGHT & LEVEL,DAYLIGHT,,,8/2/2021 8:34:36 AM,False,2583,Accepted,
28457918,0568000,LOUISVILLE METRO POLICE DEPT,Accepted,JEFFERSON,I 0071,,I71 S,,,,,,,,,38.291672226,-85.640648372,5.429,7/30/2021 12:00:00 AM,0722,2,2,0,5,CLEAR,DRY,False,REAR END IN TRAFFIC LANES BOTH VEHICLES MOVING,REAR END,STRAIGHT & GRADE,DAYLIGHT,,,8/2/2021 8:35:27 AM,False,6886,Accepted,
28457920,0568000,LOUISVILLE METRO POLICE DEPT,Accepted,JEFFERSON,KY1747,,FERN VALLEY,RD,,,JEFFERSON,,,,,38.156657759,-85.671145669,3.360,7/30/2021 12:00:00 AM,1450,2,2,0,1,CLOUDY,DRY,False,SIDESWIPE-SAME DIRECTION,SIDESWIPE-SAME DIRECTION,STRAIGHT & LEVEL,DAYLIGHT,,,8/2/2021 8:35:35 AM,False,7442,Accepted,
28457926,0568000,LOUISVILLE METRO POLICE DEPT,Accepted,JEFFERSON,,,3RD,ST,S,,ALGER,,,,,38.166488649,-85.768901545,2.236,7/30/2021 12:00:00 AM,1258,3,3,0,2,CLEAR,DRY,False,ANGLE COLLISION - OTHER,ANGLE,STRAIGHT & HILLCREST,DAYLIGHT,,,8/2/2021 8:36:18 AM,False,5371,Accepted,
28448928,0568000,LOUISVILLE METRO POLICE DEPT,Accepted,JEFFERSON,,,GOLDSMITH,LN,,,HEATHER,,,,,38.209718699,-85.666711683,1.207,7/30/2021 12:00:00 AM,0307,2,1,0,1,CLEAR,DRY,True,COLLISION WITH PEDESTRIAN IN INTERSECTION,SINGLE VEHICLE,STRAIGHT & LEVEL,DARK-HWY LIGHTED/ON,,,7/30/2021 8:03:51 AM,False,5317,Accepted,
28457911,0568000,LOUISVILLE METRO POLICE DEPT,Accepted,JEFFERSON,US0060A,,EASTERN,PKWY,,,,,,,,38.223480853,-85.730431249,5.492,7/30/2021 12:00:00 AM,0921,2,2,0,0,CLEAR,DRY,False,REAR END IN TRAFFIC LANES BOTH VEHICLES MOVING,REAR END,STRAIGHT & GRADE,DAYLIGHT,,,8/2/2021 8:34:40 AM,False,4693,Accepted,
28457921,0568000,LOUISVILLE METRO POLICE DEPT,Accepted,JEFFERSON,KY1065,,OUTER,LOOP,,,,,CAROL,,NOLTEMEYER WYNDE,38.138207006,-85.682210764,6.307,7/30/2021 12:00:00 AM,1551,3,3,0,1,CLEAR,DRY,False,OTHER ROADWAY OR MID-BLOCK COLLISION,REAR END,STRAIGHT & LEVEL,DAYLIGHT,,,8/2/2021 8:35:42 AM,False,2324,Accepted,
28457929,0568000,LOUISVILLE METRO POLICE DEPT,Accepted,JEFFERSON,KY1865,,TAYLOR,BLVD,,,,,,,,38.181362265,-85.783521856,5.158,7/30/2021 12:00:00 AM,1456,2,2,0,1,CLEAR,DRY,False,1 VEHICLE ENTERING/LEAVING ENTRANCE,ANGLE,STRAIGHT & LEVEL,DAYLIGHT,,,8/2/2021 8:36:32 AM,False,7667,Accepted,
28457977,0568000,LOUISVILLE METRO POLICE DEPT,Accepted,JEFFERSON,,5607,SOUTHLAND,BLVD,W,,,,,,,38.169465241,-85.777906555,0.786,7/30/2021 12:00:00 AM,1957,1,1,0,1,CLEAR,DRY,False,COLLISION WITH FIXED OBJECT NON - INTERSECTION - FIRST EVENT COLLISION 09 - 32 EXCLUDING 16,SINGLE VEHICLE,STRAIGHT & LEVEL,DAYLIGHT,,,8/2/2021 8:39:36 AM,False,5127,Accepted,
28448862,0568000,LOUISVILLE METRO POLICE DEPT,Accepted,JEFFERSON,,720,MUHAMMAD ALI,BLVD,W,,,,,,,38.251846750,-85.763288859,0.592,7/30/2021 12:00:00 AM,0002,2,2,0,0,CLOUDY,DRY,False,COLLISION WITH FIXED OBJECT NON - INTERSECTION - FIRST EVENT COLLISION 09 - 32 EXCLUDING 16,REAR END,STRAIGHT & LEVEL,DARK-HWY LIGHTED/ON,,,7/30/2021 8:03:35 AM,False,7253,Accepted,
28450133,0560300,ST. MATTHEWS POLICE DEPARTMENT,Accepted,JEFFERSON,I 0064,,,,,,,,,,,38.235044407,-85.624263839,0.241,7/30/2021 12:00:00 AM,1138,2,2,0,0,CLEAR,DRY,False,OTHER RAMP RELATED COLLISIONS NOT LISTED ABOVE,REAR END,STRAIGHT & LEVEL,DAYLIGHT,I 0064,I 0064,7/30/2021 3:02:48 PM,False,9152,Accepted,
28448837,0568000,LOUISVILLE METRO POLICE DEPT,Accepted,JEFFERSON,KY1727,,TERRY,RD,,,TERRY,,,,,38.178161304,-85.861969868,4.046,7/29/2021 12:00:00 AM,1557,2,2,0,0,CLEAR,DRY,False,ANGLE COLLISION - OTHER,ANGLE,STRAIGHT & LEVEL,DAYLIGHT,,,7/30/2021 8:02:33 AM,False,7234,Accepted,
28457905,0568000,LOUISVILLE METRO POLICE DEPT,Accepted,JEFFERSON,I 0071,,I71 S,,,,,,,,,38.320155795,-85.562916618,10.202,7/29/2021 12:00:00 AM,1411,2,2,0,0,CLEAR,DRY,False,SIDESWIPE COLLISION - SAME DIRECTION,SIDESWIPE-SAME DIRECTION,STRAIGHT & LEVEL,DAYLIGHT,,,8/2/2021 8:34:14 AM,False,8278,Accepted,
28448852,0568000,LOUISVILLE METRO POLICE DEPT,Accepted,JEFFERSON,,,GRINSTEAD,DR,,KY1703,BAXTER,,,,,38.237786199,-85.722365478,0.088,7/29/2021 12:00:00 AM,1044,2,2,0,0,CLEAR,DRY,False,SIDESWIPE-SAME DIRECTION,SIDESWIPE-SAME DIRECTION,CURVE & GRADE,DAYLIGHT,,,7/30/2021 8:03:13 AM,False,7129,Accepted,
28448868,0568000,LOUISVILLE METRO POLICE DEPT,Accepted,JEFFERSON,KY1142,,PALATKA,RD,,,STONE HILL,,,,,38.153677599,-85.792577687,0.535,7/29/2021 12:00:00 AM,0054,1,1,0,1,CLEAR,DRY,False,COLLISION WITH FIXED OBJECT IN INTERSECTION - FIRST EVENT COLLISION 09 - 32,SINGLE VEHICLE,CURVE & HILLCREST,DARK (UNKNOWN ROADWAY LIGHTING),,,7/30/2021 8:03:48 AM,False,5312,Accepted,
28448827,0568000,LOUISVILLE METRO POLICE DEPT,Accepted,JEFFERSON,US0031W,,DIXIE,HWY,,,UPPER HUNTERS,,,,,38.168617995,-85.828539112,13.276,7/29/2021 12:00:00 AM,1056,2,2,0,2,CLEAR,DRY,False,OPPOSING LEFT TURN,OPPOSING LEFT TURN,STRAIGHT & LEVEL,DAYLIGHT,,,7/30/2021 8:00:55 AM,False,7339,Accepted,
28457970,0568000,LOUISVILLE METRO POLICE DEPT,Accepted,JEFFERSON,US0031E,,BARDSTOWN,RD,,KY0155,TAYLORSVILLE,,,,,38.223003668,-85.684702573,13.126,7/29/2021 12:00:00 AM,1615,2,2,0,1,CLEAR,DRY,False,ANGLE COLLISION - ONE VEHICLE TURNING RIGHT,ANGLE,STRAIGHT & LEVEL,DAYLIGHT,,,8/2/2021 8:39:07 AM,False,7306,Accepted,
28457946,0568000,LOUISVILLE METRO POLICE DEPT,Accepted,JEFFERSON,,,BROADWAY,,W,,34TH,,,,,38.249874439,-85.807893733,1.072,7/29/2021 12:00:00 AM,2345,1,1,0,1,CLOUDY,DRY,False,COLLISION WITH FIXED OBJECT IN INTERSECTION - FIRST EVENT COLLISION 09 - 32,SINGLE VEHICLE,STRAIGHT & LEVEL,DARK-HWY LIGHTED/ON,,,8/2/2021 8:37:40 AM,False,7628,Accepted,
28470779,0568000,LOUISVILLE METRO POLICE DEPT,Accepted,JEFFERSON,,,DIXIE,HWY,,,KENTUCKY,,,,,38.242100873,-85.784866481,0.497,7/29/2021 12:00:00 AM,1730,2,2,0,0,CLEAR,DRY,False,OTHER INTERSECTION COLLISIONS,REAR END,STRAIGHT & LEVEL,DAYLIGHT,,,8/5/2021 8:07:44 AM,False,5272,Accepted,
28453697,0566900,LOUISVILLE AIRPORT POLICE,Accepted,JEFFERSON,,4500,TOLL PLAZA,RD,,,,,,,,38.187832195,-85.740422890,0.038,7/29/2021 12:00:00 AM,0624,1,1,0,0,CLEAR,DRY,True,COLLISION IN PARKING LOT,SINGLE VEHICLE,CURVE & LEVEL,DAWN,,,7/31/2021 9:07:43 PM,False,5861,Accepted,
28448847,0568000,LOUISVILLE METRO POLICE DEPT,Accepted,JEFFERSON,US0031E,,BARDSTOWN,RD,,,,,GOLDSMITH,,BELMONT,38.207312288,-85.667880311,11.683,7/29/2021 12:00:00 AM,1752,2,2,0,0,CLEAR,DRY,False,OTHER ROADWAY OR MID-BLOCK COLLISION,OPPOSING LEFT TURN,STRAIGHT & LEVEL,DAYLIGHT,,,7/30/2021 8:03:02 AM,False,5347,Accepted,
28448858,0568000,LOUISVILLE METRO POLICE DEPT,Accepted,JEFFERSON,KY1865,,NEW CUT,RD,,,WILDERNESS,,,,,38.153947178,-85.777101741,3.240,7/29/2021 12:00:00 AM,2116,2,2,0,0,CLEAR,DRY,False,OTHER INTERSECTION COLLISIONS,REAR END,STRAIGHT & LEVEL,DARK-HWY LIGHTED/ON,,,7/30/2021 8:03:24 AM,False,5209,Accepted,
28448859,0568000,LOUISVILLE METRO POLICE DEPT,Accepted,JEFFERSON,KY0155,,TAYLORSVILLE,RD,,,,,OLD TAYLORSVILLE,,OLD TAYLORSVILLE,38.190369810,-85.498171972,5.466,7/29/2021 12:00:00 AM,2041,2,2,0,0,CLEAR,DRY,True,REAR END IN TRAFFIC LANES BOTH VEHICLES MOVING,REAR END,STRAIGHT & GRADE,DUSK,,,7/30/2021 8:03:27 AM,False,7827,Accepted,
28448857,0568000,LOUISVILLE METRO POLICE DEPT,Accepted,JEFFERSON,,4571,1ST,ST,S,,,,,,,38.184470961,-85.762328320,3.635,7/29/2021 12:00:00 AM,1156,2,2,0,0,CLEAR,DRY,True,1 VEHICLE PARKED POSITION (NOT PARKING LOT/DRIVEWAY),SIDESWIPE-SAME DIRECTION,STRAIGHT & LEVEL,DAYLIGHT,,,7/30/2021 8:03:20 AM,False,2745,Accepted,