IncidentID,AgencyORI,AgencyName,IncidentStatusDesc,County,RdwyNumber,Street,RoadwayName,StreetSfx,StreetDir,IntersectionRdwy,IntersectionRdwyName,BetweenStRdwy1,BetweenStRdwyName1,BetweenStRdwy2,BetweenStRdwyName2,Latitude,Longitude,Milepoint,CollisionDate,CollisionTime,UnitsInvolved,MotorVehiclesInvolved,NumberKilled,NumberInjured,Weather,RdwyConditionCode,HitandRun,DirAnalysisCode,MannerofCollision,RdwyCharacter,LightCondition,RampFromRdwyId,RampToRdwyId,AcceptedDate,IsSecondaryCollision,OwnerBadge,IncidentStatus,
28448864,0568000,LOUISVILLE METRO POLICE DEPT,Accepted,JEFFERSON,KY1747,,FERN VALLEY,RD,,,FEGENBUSH,,,,,38.161236173,-85.641079286,5.117,7/29/2021 12:00:00 AM,0445,2,2,0,0,CLEAR,DRY,False,ANGLE COLLISION - OTHER,ANGLE,STRAIGHT & LEVEL,DAWN,,,7/30/2021 8:03:38 AM,False,5369,Accepted,
28448866,0568000,LOUISVILLE METRO POLICE DEPT,Accepted,JEFFERSON,,,ST CATHERINE,ST,E,,,,SWAN,,SCHILLER,38.234788616,-85.735682826,0.235,7/29/2021 12:00:00 AM,2159,2,2,0,0,CLEAR,DRY,False,1 VEHICLE PARKED POSITION (NOT PARKING LOT/DRIVEWAY),BACKING,STRAIGHT & GRADE,DARK-HWY LIGHTED/ON,,,7/30/2021 8:03:42 AM,False,7527,Accepted,
28448822,0568000,LOUISVILLE METRO POLICE DEPT,Accepted,JEFFERSON,KY0155,,TAYLORSVILLE,RD,,I 0265,I265 E EXIT23 ON RAMP FROM KY155,,,,,38.188631861,-85.510344139,6.137,7/29/2021 12:00:00 AM,1023,2,2,0,1,CLOUDY,DRY,False,ANGLE COLLISION - OTHER,ANGLE,STRAIGHT & LEVEL,DAYLIGHT,,,7/30/2021 8:00:42 AM,False,2017,Accepted,
28448834,0568000,LOUISVILLE METRO POLICE DEPT,Accepted,JEFFERSON,KY1865,,TAYLOR,BLVD,,,CAMDEN,,,,,38.192505050,-85.783228428,5.934,7/29/2021 12:00:00 AM,0717,3,3,0,2,CLEAR,DRY,False,OPPOSING LEFT TURN,OPPOSING LEFT TURN,STRAIGHT & LEVEL,DAYLIGHT,,,7/30/2021 8:01:59 AM,False,5378,Accepted,
28448809,0568000,LOUISVILLE METRO POLICE DEPT,Accepted,JEFFERSON,US0060A,,TAYLOR,BLVD,,,BERRY,,,,,38.196314959,-85.782960552,1.473,7/29/2021 12:00:00 AM,0004,1,1,0,0,CLEAR,DRY,False,COLLISION WITH FIXED OBJECT IN INTERSECTION - FIRST EVENT COLLISION 09 - 32,SINGLE VEHICLE,STRAIGHT & LEVEL,DARK-HWY LIGHTED/ON,,,7/30/2021 7:59:59 AM,False,5196,Accepted,
28448824,0568000,LOUISVILLE METRO POLICE DEPT,Accepted,JEFFERSON,KY1065,4255,OUTER,LOOP,,,,,,,,38.138396295,-85.681781589,6.447,7/29/2021 12:00:00 AM,1305,2,2,0,0,CLEAR,DRY,False,1 VEHICLE ENTERING/LEAVING ENTRANCE,ANGLE,STRAIGHT & LEVEL,DAYLIGHT,,,7/30/2021 8:00:46 AM,False,2017,Accepted,
28448825,0568000,LOUISVILLE METRO POLICE DEPT,Accepted,JEFFERSON,KY1819,,BRUSH RUN,RD,,KY1531,ROUTT,,,,,38.127508962,-85.469458334,0.004,7/29/2021 12:00:00 AM,1147,2,2,0,3,CLEAR,DRY,False,ANGLE COLLISION - OTHER,ANGLE,STRAIGHT & LEVEL,DAYLIGHT,,,7/30/2021 8:00:51 AM,False,7278,Accepted,
28461987,0568000,LOUISVILLE METRO POLICE DEPT,Accepted,JEFFERSON,US0031W,,DIXIE,HWY,,,HAROLD,,,,,38.218378428,-85.794501617,17.293,7/29/2021 12:00:00 AM,1725,2,2,0,1,CLEAR,DRY,False,ANGLE COLLISION - OTHER,ANGLE,STRAIGHT & LEVEL,DAYLIGHT,,,8/3/2021 8:19:17 AM,False,7656,Accepted,
29417593,0568000,LOUISVILLE METRO POLICE DEPT,Accepted,JEFFERSON,,,29TH,ST,N,,TYLER,,,,,38.273454275,-85.794576893,0.122,7/29/2021 12:00:00 AM,0500,1,1,0,0,CLEAR,DRY,True,COLLISION WITH FIXED OBJECT IN INTERSECTION - FIRST EVENT COLLISION 09 - 32,SINGLE VEHICLE,STRAIGHT & LEVEL,DARK-HWY LIGHTED/ON,,,12/13/2021 8:32:50 AM,False,5199,Accepted,
28522108,0568000,LOUISVILLE METRO POLICE DEPT,Accepted,JEFFERSON,,,26TH,ST,N,,SLEVIN,,,,,38.265768544,-85.792977221,0.349,7/28/2021 12:00:00 AM,1600,2,1,0,1,CLEAR,DRY,False,COLLISION WITH PEDESTRIAN IN INTERSECTION,SINGLE VEHICLE,STRAIGHT & LEVEL,DAYLIGHT,,,8/16/2021 7:45:06 AM,False,7305,Accepted,
28458619,0568000,LOUISVILLE METRO POLICE DEPT,Accepted,JEFFERSON,US0060A,,WILLOW,AVE,,,BARINGER,,,,,38.234247312,-85.708239455,7.021,7/28/2021 12:00:00 AM,0848,2,2,0,0,CLEAR,DRY,False,ANGLE COLLISION - ONE VEHICLE TURNING LEFT,ANGLE,STRAIGHT & LEVEL,DAYLIGHT,,,8/2/2021 11:08:46 AM,False,7960,Accepted,
28466287,0568000,LOUISVILLE METRO POLICE DEPT,Accepted,JEFFERSON,,,RIVER PARK,DR,,I 0264,I264 E EXIT2 ON RAMP FROM  RIVER PARK DR,,,,,38.254297662,-85.806397155,1.126,7/28/2021 12:00:00 AM,0908,2,2,0,1,CLEAR,DRY,False,ANGLE COLLISION - OTHER,ANGLE,STRAIGHT & LEVEL,DAYLIGHT,,,8/4/2021 8:05:02 AM,False,5003,Accepted,
28475206,0568000,LOUISVILLE METRO POLICE DEPT,Accepted,JEFFERSON,I 0065,,I65 N,,,,,,,,,38.222605107,-85.751064335,133.633,7/28/2021 12:00:00 AM,0834,3,3,0,0,CLEAR,DRY,False,SIDESWIPE COLLISION - SAME DIRECTION,SIDESWIPE-SAME DIRECTION,CURVE & GRADE,DAYLIGHT,,,8/6/2021 8:05:48 AM,False,7628,Accepted,
28656767,0568000,LOUISVILLE METRO POLICE DEPT,Accepted,JEFFERSON,US0031W,,DR W J HODGE,ST,,,,,,,,38.247052340,-85.786926569,19.498,7/28/2021 12:00:00 AM,1158,1,1,0,1,CLOUDY,DRY,False,COLLISION WITH FIXED OBJECT NON - INTERSECTION - FIRST EVENT COLLISION 09 - 32 EXCLUDING 16,SINGLE VEHICLE,STRAIGHT & LEVEL,DAYLIGHT,,,9/14/2021 8:08:58 AM,False,5114,Accepted,
28448832,0568000,LOUISVILLE METRO POLICE DEPT,Accepted,JEFFERSON,,,INDIAN,TRL,E,,,,LODEMA,KY0864,POPLAR LEVEL,38.171373550,-85.685447549,1.172,7/28/2021 12:00:00 AM,1636,2,1,0,1,CLEAR,DRY,False,COLLISION WITH PEDESTRIAN NON - INTERSECTION,SINGLE VEHICLE,STRAIGHT & LEVEL,DAYLIGHT,,,7/30/2021 8:01:52 AM,False,5027,Accepted,
28444786,0568000,LOUISVILLE METRO POLICE DEPT,Accepted,JEFFERSON,I 0265,,I265 W,,,,,I 0265,I265 W EXIT12 OFF RAMP TO KY61,I 0265,I265 W EXIT14 ON RAMP FROM  SMYRNA PKWY,38.114892789,-85.662640750,12.473,7/28/2021 12:00:00 AM,1627,2,2,0,0,CLEAR,DRY,True,REAR END IN TRAFFIC LANES BOTH VEHICLES MOVING,REAR END,STRAIGHT & LEVEL,DAYLIGHT,,,7/29/2021 8:02:19 AM,False,2324,Accepted,
28440793,0568000,LOUISVILLE METRO POLICE DEPT,Accepted,JEFFERSON,KY1931,,ST ANDREWS CHURCH,RD,,,PENNACOOK,,,,,38.154518205,-85.802876067,5.411,7/28/2021 12:00:00 AM,0311,2,2,0,0,CLEAR,DRY,True,ANGLE COLLISION - OTHER,ANGLE,STRAIGHT & LEVEL,DARK-HWY LIGHTED/ON,,,7/28/2021 8:17:51 AM,False,5170,Accepted,
28444779,0568000,LOUISVILLE METRO POLICE DEPT,Accepted,JEFFERSON,,1400,SOUTHWESTERN,PKWY,,,,,,,,38.237538743,-85.830855150,2.185,7/28/2021 12:00:00 AM,1203,1,1,0,0,CLEAR,DRY,False,COLLISION IN PARKING LOT,SINGLE VEHICLE,STRAIGHT & GRADE,DAYLIGHT,,,7/29/2021 8:01:26 AM,False,7357,Accepted,
28444780,0568000,LOUISVILLE METRO POLICE DEPT,Accepted,JEFFERSON,KY1747,,HURSTBOURNE,PKWY,N,KY1447,WESTPORT,,,,,38.287870859,-85.572606323,17.068,7/28/2021 12:00:00 AM,1249,2,2,0,0,CLEAR,DRY,False,OTHER INTERSECTION COLLISIONS,REAR END,STRAIGHT & LEVEL,DAYLIGHT,,,7/29/2021 8:01:38 AM,False,6927,Accepted,
28444781,0568000,LOUISVILLE METRO POLICE DEPT,Accepted,JEFFERSON,,9200,DAWSON HILL,RD,,,,,,,,38.110057448,-85.501449225,1.437,7/28/2021 12:00:00 AM,0835,2,2,0,0,CLEAR,DRY,False,SIDESWIPE COLLISION - SAME DIRECTION,SIDESWIPE-SAME DIRECTION,STRAIGHT & LEVEL,DAYLIGHT,,,7/29/2021 8:01:44 AM,False,2017,Accepted,
28444788,0568000,LOUISVILLE METRO POLICE DEPT,Accepted,JEFFERSON,,,MUHAMMAD ALI,BLVD,W,,,,24TH,,26TH,38.255246742,-85.793758830,2.265,7/28/2021 12:00:00 AM,1224,2,2,0,0,CLEAR,DRY,True,1 VEHICLE PARKED POSITION (NOT PARKING LOT/DRIVEWAY),SIDESWIPE-SAME DIRECTION,STRAIGHT & LEVEL,DAYLIGHT,,,7/29/2021 8:02:30 AM,False,7805,Accepted,
28444811,0568000,LOUISVILLE METRO POLICE DEPT,Accepted,JEFFERSON,,1723,PRENTICE,ST,,,,,,,,38.241109965,-85.783798124,0.029,7/28/2021 12:00:00 AM,2029,2,2,0,1,CLEAR,DRY,False,1 VEHICLE PARKED POSITION (NOT PARKING LOT/DRIVEWAY),REAR END,STRAIGHT & LEVEL,DUSK,,,7/29/2021 8:03:54 AM,False,5039,Accepted,
28457974,0568000,LOUISVILLE METRO POLICE DEPT,Accepted,JEFFERSON,,,MUHAMMAD ALI,BLVD,W,,8TH,,,,,38.251871985,-85.764120693,0.635,7/28/2021 12:00:00 AM,1229,3,3,0,0,CLEAR,DRY,False,ANGLE COLLISION - OTHER,ANGLE,STRAIGHT & LEVEL,DAYLIGHT,,,8/2/2021 8:39:20 AM,False,5173,Accepted,
28471246,0560400,SHIVELY POLICE DEPARTMENT,Accepted,JEFFERSON,US0031W,2305,DIXIE,HWY,,,WATHEN,,,,,38.216396077,-85.795246006,17.154,7/28/2021 12:00:00 AM,1225,6,6,0,0,CLEAR,DRY,False,COLLISION WITH PARKED VEHICLE,ANGLE,STRAIGHT & LEVEL,DAYLIGHT,,,8/5/2021 10:37:47 AM,False,7133,Accepted,
28448938,0568000,LOUISVILLE METRO POLICE DEPT,Accepted,JEFFERSON,KY1703,,NEWBURG,RD,,KY2052,SHEPHERDSVILLE,,,,,38.178753699,-85.659315837,,7/28/2021 12:00:00 AM,1656,2,2,0,0,CLEAR,DRY,False,ANGLE COLLISION - OTHER,ANGLE,STRAIGHT & LEVEL,DAYLIGHT,,,7/30/2021 8:05:13 AM,False,2307,Accepted,
28444807,0568000,LOUISVILLE METRO POLICE DEPT,Accepted,JEFFERSON,,5601,APPLEGATE,LN,,,,,,,,38.134648898,-85.656160013,0.125,7/28/2021 12:00:00 AM,2245,1,1,0,0,CLEAR,DRY,False,OTHER COLLISIONS ON SHOULDER,SINGLE VEHICLE,STRAIGHT & LEVEL,DARK-HWY LIGHTED/ON,,,7/29/2021 8:03:39 AM,False,5141,Accepted,
28444808,0568000,LOUISVILLE METRO POLICE DEPT,Accepted,JEFFERSON,US0031W,,DIXIE,HWY,,,PENDLETON,,,,,38.061909284,-85.886701673,5.263,7/28/2021 12:00:00 AM,1928,2,2,0,0,CLEAR,DRY,True,COLLISION IN PARKING LOT,REAR END,STRAIGHT & LEVEL,DAYLIGHT,,,7/29/2021 8:03:42 AM,False,5211,Accepted,
28444810,0568000,LOUISVILLE METRO POLICE DEPT,Accepted,JEFFERSON,US0031W,,22ND,ST,S,,KENTUCKY,,,,,38.242215518,-85.789573190,19.058,7/28/2021 12:00:00 AM,2158,2,2,0,0,CLEAR,DRY,False,COLLISION WITH PARKED VEHICLE,SIDESWIPE-SAME DIRECTION,STRAIGHT & LEVEL,DARK-HWY LIGHTED/ON,,,7/29/2021 8:03:50 AM,False,5256,Accepted,
28444791,0568000,LOUISVILLE METRO POLICE DEPT,Accepted,JEFFERSON,US0060A,,TAYLOR,BLVD,,,LONGFIELD,,,,,38.198607291,-85.782776452,1.558,7/28/2021 12:00:00 AM,1630,2,2,0,2,CLEAR,DRY,False,OPPOSING LEFT TURN,OPPOSING LEFT TURN,STRAIGHT & LEVEL,DAYLIGHT,,,7/29/2021 8:03:06 AM,False,5378,Accepted,
28448813,0568000,LOUISVILLE METRO POLICE DEPT,Accepted,JEFFERSON,,,GARLAND,AVE,,,28TH,,,,,38.244980238,-85.799084890,1.760,7/28/2021 12:00:00 AM,1430,1,1,0,1,CLEAR,DRY,False,COLLISION WITH FIXED OBJECT IN INTERSECTION - FIRST EVENT COLLISION 09 - 32,SINGLE VEHICLE,STRAIGHT & LEVEL,DAYLIGHT,,,7/30/2021 8:00:14 AM,False,5272,Accepted,
28453698,0566900,LOUISVILLE AIRPORT POLICE,Accepted,JEFFERSON,,4500,TOLL PLAZA,RD,,,,,,,,38.187832195,-85.740422890,0.038,7/28/2021 12:00:00 AM,1001,2,2,0,0,,DRY,True,COLLISION IN PARKING LOT,SIDESWIPE-SAME DIRECTION,STRAIGHT & LEVEL,,,,7/31/2021 9:07:46 PM,False,5861,Accepted,
28457904,0568000,LOUISVILLE METRO POLICE DEPT,Accepted,JEFFERSON,I 0265,,I265 W,,,,,,,,,38.153226904,-85.535597195,20.122,7/28/2021 12:00:00 AM,1257,2,2,0,0,CLEAR,DRY,True,SIDESWIPE COLLISION - SAME DIRECTION,SIDESWIPE-SAME DIRECTION,STRAIGHT & LEVEL,DAYLIGHT,,,8/2/2021 8:34:03 AM,False,4903,Accepted,
28448845,0568000,LOUISVILLE METRO POLICE DEPT,Accepted,JEFFERSON,US0031E,,BARDSTOWN,RD,,,LUCIA,,,,,38.237002715,-85.718430264,15.254,7/28/2021 12:00:00 AM,1518,2,1,0,1,CLEAR,DRY,True,OTHER INTERSECTION COLLISIONS,SINGLE VEHICLE,STRAIGHT & LEVEL,DAYLIGHT,,,7/30/2021 8:02:58 AM,False,5006,Accepted,
28448818,0568000,LOUISVILLE METRO POLICE DEPT,Accepted,JEFFERSON,KY0061,5003,PRESTON,HWY,,,,,,,,38.175197392,-85.713397962,6.931,7/28/2021 12:00:00 AM,1118,2,2,0,1,CLEAR,DRY,False,SIDESWIPE COLLISION - SAME DIRECTION,SIDESWIPE-SAME DIRECTION,STRAIGHT & LEVEL,DAYLIGHT,,,7/30/2021 8:00:31 AM,True,7720,Accepted,
28441491,0568000,LOUISVILLE METRO POLICE DEPT,Accepted,JEFFERSON,KY1020,,2ND,ST,S,,,,,,,38.252708268,-85.754036088,12.581,7/28/2021 12:00:00 AM,0123,2,2,0,2,CLEAR,DRY,False,1 VEHICLE ENTERING/LEAVING ENTRANCE,ANGLE,STRAIGHT & LEVEL,DARK-HWY LIGHTED/ON,,,7/28/2021 12:16:18 PM,False,5025,Accepted,
28440789,0568000,LOUISVILLE METRO POLICE DEPT,Accepted,JEFFERSON,,,RIVER,RD,,,ZORN,,,,,38.277399684,-85.699156361,2.926,7/28/2021 12:00:00 AM,0020,2,2,0,0,CLEAR,DRY,True,REAR END - ONE VEHICLE TURNING LEFT,REAR END,STRAIGHT & LEVEL,DARK-HWY LIGHTED/ON,,,7/28/2021 8:17:19 AM,False,5365,Accepted,
28444790,0568000,LOUISVILLE METRO POLICE DEPT,Accepted,JEFFERSON,US0060A,,3RD,ST,S,US0060A,WINKLER,,,,,38.211623896,-85.762701348,3.261,7/28/2021 12:00:00 AM,0845,1,1,0,0,CLEAR,DRY,False,COLLISION WITH FIXED OBJECT IN INTERSECTION - FIRST EVENT COLLISION 09 - 32,SINGLE VEHICLE,STRAIGHT & GRADE,DAYLIGHT,,,7/29/2021 8:03:02 AM,False,5175,Accepted,
28443655,0566900,LOUISVILLE AIRPORT POLICE,Accepted,JEFFERSON,,,FREEDOM,WAY,,,,,,,,38.189362062,-85.738200211,0.019,7/28/2021 12:00:00 AM,1343,2,2,0,0,CLEAR,DRY,False,SIDESWIPE COLLISION - SAME DIRECTION,SIDESWIPE-SAME DIRECTION,STRAIGHT & GRADE,DAYLIGHT,,,7/28/2021 11:49:20 PM,False,5829,Accepted,
28444784,0568000,LOUISVILLE METRO POLICE DEPT,Accepted,JEFFERSON,US0042,,MELLWOOD,AVE,,US0060,FRANKFORT,,,,,38.257712934,-85.719481802,0.804,7/28/2021 12:00:00 AM,1420,2,2,0,0,CLEAR,DRY,False,ANGLE COLLISION - OTHER,ANGLE,STRAIGHT & LEVEL,DAYLIGHT,,,7/29/2021 8:02:01 AM,False,5362,Accepted,
28444785,0568000,LOUISVILLE METRO POLICE DEPT,Accepted,JEFFERSON,KY0061,,PRESTON,HWY,,,,,BOERSTE,,PARK,38.114142473,-85.676187309,2.142,7/28/2021 12:00:00 AM,1423,2,2,0,0,CLEAR,DRY,False,OTHER ROADWAY OR MID-BLOCK COLLISION,REAR END,STRAIGHT & LEVEL,DAYLIGHT,,,7/29/2021 8:02:10 AM,False,2324,Accepted,
28444794,0568000,LOUISVILLE METRO POLICE DEPT,Accepted,JEFFERSON,,,MUHAMMAD ALI,BLVD,W,,32ND,,,,,38.256382124,-85.804911270,2.877,7/28/2021 12:00:00 AM,1515,1,1,0,0,CLEAR,DRY,False,OTHER INTERSECTION COLLISIONS,SINGLE VEHICLE,STRAIGHT & LEVEL,DAYLIGHT,,,7/29/2021 8:03:12 AM,False,7904,Accepted,
28440746,0568000,LOUISVILLE METRO POLICE DEPT,Accepted,JEFFERSON,KY0864,2355,POPLAR LEVEL,RD,,,,,,,,38.215063939,-85.723534462,12.976,7/27/2021 12:00:00 AM,1200,4,4,0,0,CLEAR,DRY,False,1 VEHICLE PARKED POSITION (NOT PARKING LOT/DRIVEWAY),SIDESWIPE-SAME DIRECTION,STRAIGHT & LEVEL,DAYLIGHT,,,7/28/2021 8:14:53 AM,False,5335,Accepted,
28440747,0568000,LOUISVILLE METRO POLICE DEPT,Accepted,JEFFERSON,US0031,,CLARK MEMORIAL,BRG,,,,,,,,38.264518671,-85.751540188,0.579,7/27/2021 12:00:00 AM,0755,2,2,0,1,CLEAR,DRY,False,OTHER ROADWAY OR MID-BLOCK COLLISION,REAR END,STRAIGHT & LEVEL,DAYLIGHT,,,7/28/2021 8:14:57 AM,False,2406,Accepted,
28440748,0568000,LOUISVILLE METRO POLICE DEPT,Accepted,JEFFERSON,US0031E,,BARDSTOWN,RD,,,,,,,,38.202145139,-85.663724162,11.284,7/27/2021 12:00:00 AM,1217,2,2,0,1,CLEAR,DRY,False,REAR END IN TRAFFIC LANES BOTH VEHICLES MOVING,REAR END,STRAIGHT & LEVEL,DAYLIGHT,,,7/28/2021 8:15:00 AM,False,4693,Accepted,
28440755,0568000,LOUISVILLE METRO POLICE DEPT,Accepted,JEFFERSON,KY1065,,BEULAH CHURCH,RD,,,ARTIS,,,,,38.143854147,-85.596953997,11.112,7/27/2021 12:00:00 AM,1230,2,2,0,0,CLEAR,DRY,False,ANGLE COLLISION - OTHER,ANGLE,STRAIGHT & LEVEL,DAYLIGHT,,,7/28/2021 8:15:28 AM,False,2324,Accepted,
28440773,0568000,LOUISVILLE METRO POLICE DEPT,Accepted,JEFFERSON,I 0265,,I265 N,,,,,,,,,38.233931884,-85.504413811,26.256,7/27/2021 12:00:00 AM,1400,2,2,0,2,CLEAR,DRY,False,REAR END IN TRAFFIC LANES BOTH VEHICLES MOVING,REAR END,STRAIGHT & GRADE,DAYLIGHT,,,7/28/2021 8:16:26 AM,False,6532,Accepted,
28440780,0568000,LOUISVILLE METRO POLICE DEPT,Accepted,JEFFERSON,US0031E,,BARDSTOWN,RD,,,CEDARLOOK,,,,,38.147053044,-85.585861841,5.333,7/27/2021 12:00:00 AM,1957,2,2,0,2,CLEAR,DRY,False,ANGLE COLLISION - OTHER,ANGLE,STRAIGHT & LEVEL,DAYLIGHT,,,7/28/2021 8:16:45 AM,False,5169,Accepted,
28440749,0568000,LOUISVILLE METRO POLICE DEPT,Accepted,JEFFERSON,I 0265,,I265 E,,,,,,,,,38.204079122,-85.507268798,24.188,7/27/2021 12:00:00 AM,1410,2,2,0,0,CLEAR,DRY,False,REAR END IN TRAFFIC LANES BOTH VEHICLES MOVING,REAR END,STRAIGHT & LEVEL,DAYLIGHT,,,7/28/2021 8:15:03 AM,False,2013,Accepted,
28440765,0568000,LOUISVILLE METRO POLICE DEPT,Accepted,JEFFERSON,US0031W,,MARKET,ST,W,KY1020,3RD,,,,,38.254884377,-85.753608537,22.031,7/27/2021 12:00:00 AM,1325,2,2,0,0,CLEAR,DRY,True,SIDESWIPE-SAME DIRECTION,SIDESWIPE-SAME DIRECTION,STRAIGHT & LEVEL,DAYLIGHT,,,7/28/2021 8:15:55 AM,False,7904,Accepted,
28440766,0568000,LOUISVILLE METRO POLICE DEPT,Accepted,JEFFERSON,KY0864,4520,POPLAR LEVEL,RD,,,,,,,,38.186813655,-85.701588710,10.625,7/27/2021 12:00:00 AM,1648,3,3,0,0,CLEAR,DRY,False,1 VEHICLE ENTERING/LEAVING ENTRANCE,ANGLE,STRAIGHT & LEVEL,DAYLIGHT,,,7/28/2021 8:15:58 AM,False,5335,Accepted,
28440774,0568000,LOUISVILLE METRO POLICE DEPT,Accepted,JEFFERSON,,,NICHOLS,DR,,KY1931,MANSLICK,,,,,38.195259464,-85.799324247,0.002,7/27/2021 12:00:00 AM,0538,2,1,0,1,CLEAR,DRY,False,COLLISION WITH PEDESTRIAN IN INTERSECTION,SINGLE VEHICLE,CURVE & LEVEL,DARK-HWY LIGHTED/ON,,,7/28/2021 8:16:31 AM,False,7455,Accepted,
28440791,0568000,LOUISVILLE METRO POLICE DEPT,Accepted,JEFFERSON,,,SALE,AVE,,US0060A,TAYLOR,,,,,38.197701108,-85.787200202,0.492,7/27/2021 12:00:00 AM,0500,5,5,0,0,CLEAR,DRY,False,HEAD-ON COLLISION,HEAD ON,STRAIGHT & LEVEL,DARK-HWY LIGHTED/ON,,,7/28/2021 8:17:39 AM,False,5267,Accepted,
28440788,0568000,LOUISVILLE METRO POLICE DEPT,Accepted,JEFFERSON,I 0264,,I264 W,,,,,,,I 0065,I65 S EXIT131B RAMP TO I264 W,38.189854679,-85.746652674,11.190,7/27/2021 12:00:00 AM,2358,2,2,0,0,CLEAR,DRY,False,SIDESWIPE COLLISION - SAME DIRECTION,SIDESWIPE-SAME DIRECTION,STRAIGHT & LEVEL,DARK-HWY LIGHTED/ON,,,7/28/2021 8:17:08 AM,True,5250,Accepted,
28431070,0568000,LOUISVILLE METRO POLICE DEPT,Accepted,JEFFERSON,KY1865,,TAYLOR,BLVD,,,ASHLAND,,,,,38.186645125,-85.783802061,5.530,7/27/2021 12:00:00 AM,0506,3,3,0,2,CLEAR,DRY,False,ANGLE COLLISION - ONE VEHICLE TURNING LEFT,ANGLE,STRAIGHT & LEVEL,DARK-HWY LIGHTED/ON,,,7/27/2021 8:05:43 AM,False,7435,Accepted,
28439209,0560300,ST. MATTHEWS POLICE DEPARTMENT,Accepted,JEFFERSON,US0060,5000,SHELBYVILLE,RD,,,,,,,,38.250202623,-85.623596253,5.304,7/27/2021 12:00:00 AM,1840,2,2,0,0,CLEAR,DRY,True,COLLISION IN PARKING LOT,SIDESWIPE-OPPOSITE DIRECTION,STRAIGHT & LEVEL,DAYLIGHT,,,7/27/2021 10:38:08 PM,False,9194,Accepted,
28440740,0568000,LOUISVILLE METRO POLICE DEPT,Accepted,JEFFERSON,,,CHESTNUT,ST,W,,30TH,,,,,38.253717587,-85.800921897,,7/27/2021 12:00:00 AM,0745,2,2,0,0,CLEAR,DRY,True,SIDESWIPE-SAME DIRECTION,SIDESWIPE-SAME DIRECTION,STRAIGHT & LEVEL,DAYLIGHT,,,7/28/2021 8:14:34 AM,False,5105,Accepted,
28458615,0568000,LOUISVILLE METRO POLICE DEPT,Accepted,JEFFERSON,,,DIXIE,HWY,,,,,,,,38.245617828,-85.783531250,0.244,7/27/2021 12:00:00 AM,1435,2,2,0,2,CLEAR,DRY,False,REAR END IN TRAFFIC LANES BOTH VEHICLES MOVING,REAR END,STRAIGHT & LEVEL,DAYLIGHT,,,8/2/2021 11:08:43 AM,False,2738,Accepted,
28457950,0568000,LOUISVILLE METRO POLICE DEPT,Accepted,JEFFERSON,,,WITHERSPOON,ST,E,,RIVER,,,,,38.257771956,-85.745442932,0.316,7/27/2021 12:00:00 AM,1840,2,1,0,1,CLEAR,DRY,False,COLLISION WITH PEDESTRIAN IN INTERSECTION,SINGLE VEHICLE,STRAIGHT & LEVEL,DAYLIGHT,,,8/2/2021 8:37:53 AM,False,5344,Accepted,
28457923,0568000,LOUISVILLE METRO POLICE DEPT,Accepted,JEFFERSON,US0031E,,MARKET,ST,E,,SHELBY,,,,,38.253194811,-85.738048995,16.935,7/27/2021 12:00:00 AM,1901,2,2,0,1,CLEAR,DRY,False,ANGLE COLLISION - OTHER,ANGLE,STRAIGHT & LEVEL,DAYLIGHT,,,8/2/2021 8:35:57 AM,False,2764,Accepted,
28457914,0568000,LOUISVILLE METRO POLICE DEPT,Accepted,JEFFERSON,KY1865,,TAYLOR,BLVD,,I 0264,I264 W EXIT9 OFF RAMP TO KY1865,,,,,38.190048822,-85.783408435,5.764,7/27/2021 12:00:00 AM,1900,2,2,0,0,CLEAR,DRY,False,OTHER INTERSECTION COLLISIONS,REAR END,STRAIGHT & LEVEL,DAYLIGHT,,,8/2/2021 8:34:51 AM,False,7298,Accepted,
28457906,0568000,LOUISVILLE METRO POLICE DEPT,Accepted,JEFFERSON,I 0064,,I64 W,,,,,,,,,38.273702178,-85.786607945,2.241,7/27/2021 12:00:00 AM,1810,2,2,0,1,CLEAR,DRY,False,OTHER ROADWAY OR MID-BLOCK COLLISION,REAR END,CURVE & GRADE,DAYLIGHT,,,8/2/2021 8:34:20 AM,False,5354,Accepted,
28441494,0568000,LOUISVILLE METRO POLICE DEPT,Accepted,JEFFERSON,I 0065,,I65 N,,,,,,,,,38.179575511,-85.720223671,129.842,7/27/2021 12:00:00 AM,1622,2,2,0,1,CLEAR,DRY,False,SIDESWIPE COLLISION - SAME DIRECTION,SIDESWIPE-SAME DIRECTION,STRAIGHT & LEVEL,DAYLIGHT,,,7/28/2021 12:16:29 PM,False,2308,Accepted,