IncidentID,AgencyORI,AgencyName,IncidentStatusDesc,County,RdwyNumber,Street,RoadwayName,StreetSfx,StreetDir,IntersectionRdwy,IntersectionRdwyName,BetweenStRdwy1,BetweenStRdwyName1,BetweenStRdwy2,BetweenStRdwyName2,Latitude,Longitude,Milepoint,CollisionDate,CollisionTime,UnitsInvolved,MotorVehiclesInvolved,NumberKilled,NumberInjured,Weather,RdwyConditionCode,HitandRun,DirAnalysisCode,MannerofCollision,RdwyCharacter,LightCondition,RampFromRdwyId,RampToRdwyId,AcceptedDate,IsSecondaryCollision,OwnerBadge,IncidentStatus,
28441495,0568000,LOUISVILLE METRO POLICE DEPT,Accepted,JEFFERSON,KY1934,,GREENBELT,HWY,,,TRADE PORT,,,,,38.125428134,-85.893032062,2.881,7/27/2021 12:00:00 AM,1019,2,2,0,1,CLEAR,DRY,False,ANGLE COLLISION - ONE VEHICLE TURNING LEFT,ANGLE,STRAIGHT & LEVEL,DAYLIGHT,,,7/28/2021 12:16:33 PM,False,6877,Accepted,
28440786,0568000,LOUISVILLE METRO POLICE DEPT,Accepted,JEFFERSON,,3600,WHEELER,AVE,,,,,,,,38.194370982,-85.788345968,0.143,7/27/2021 12:00:00 AM,2127,2,2,0,0,CLEAR,DRY,False,1 VEHICLE ENTERING/LEAVING ENTRANCE,ANGLE,STRAIGHT & GRADE,DARK-HWY LIGHTED/ON,,,7/28/2021 8:17:01 AM,False,5386,Accepted,
28440794,0568000,LOUISVILLE METRO POLICE DEPT,Accepted,JEFFERSON,,,LOTUS,AVE,,,MARIGOLD,,,,,38.166719628,-85.717325272,0.496,7/27/2021 12:00:00 AM,2122,2,2,0,0,CLEAR,DRY,False,ANGLE COLLISION - OTHER,ANGLE,STRAIGHT & LEVEL,DARK (UNKNOWN ROADWAY LIGHTING),,,7/28/2021 8:17:55 AM,False,5286,Accepted,
28442592,0561500,UNIV. OF LOUISVILLE POLICE,Accepted,JEFFERSON,,414,CHESTNUT,ST,E,,,,,,,38.247674687,-85.746099142,0.374,7/27/2021 12:00:00 AM,1106,2,2,0,0,CLEAR,DRY,False,COLLISION IN PARKING LOT,ANGLE,CURVE & GRADE,DAYLIGHT,,,7/28/2021 5:11:25 PM,False,5704,Accepted,
28440742,0568000,LOUISVILLE METRO POLICE DEPT,Accepted,JEFFERSON,KY1934,,GREENBELT,HWY,,,INTERMODAL,,,,,38.157202700,-85.885048105,5.191,7/27/2021 12:00:00 AM,0000,1,1,0,0,CLEAR,DRY,True,COLLISION WITH FIXED OBJECT IN INTERSECTION - FIRST EVENT COLLISION 09 - 32,SINGLE VEHICLE,CURVE & LEVEL,UNKNOWN,,,7/28/2021 8:14:41 AM,False,7356,Accepted,
28440745,0568000,LOUISVILLE METRO POLICE DEPT,Accepted,JEFFERSON,KY0864,4618,POPLAR LEVEL,RD,,,,,,,,38.181343883,-85.696367130,10.165,7/27/2021 12:00:00 AM,0300,1,1,0,0,CLEAR,DRY,True,OTHER ROADWAY OR MID-BLOCK COLLISION,SINGLE VEHICLE,STRAIGHT & LEVEL,DARK-HWY LIGHTED/ON,,,7/28/2021 8:14:50 AM,False,7371,Accepted,
28440753,0568000,LOUISVILLE METRO POLICE DEPT,Accepted,JEFFERSON,,,CUMNOCK,RD,,,EMRICH,,,,,38.168805319,-85.601877963,0.137,7/27/2021 12:00:00 AM,1625,2,2,0,0,CLEAR,DRY,False,SIDESWIPE-SAME DIRECTION,SIDESWIPE-SAME DIRECTION,STRAIGHT & LEVEL,DAYLIGHT,,,7/28/2021 8:15:23 AM,False,6878,Accepted,
28440769,0568000,LOUISVILLE METRO POLICE DEPT,Accepted,JEFFERSON,KY1020,212,PARK,RD,S,,,,,,,38.089853220,-85.721969419,0.335,7/27/2021 12:00:00 AM,1749,1,1,0,0,CLEAR,DRY,False,COLLISION WITH FIXED OBJECT NON - INTERSECTION - FIRST EVENT COLLISION 09 - 32 EXCLUDING 16,SINGLE VEHICLE,CURVE & LEVEL,DAYLIGHT,,,7/28/2021 8:16:10 AM,False,7263,Accepted,
28440750,0568000,LOUISVILLE METRO POLICE DEPT,Accepted,JEFFERSON,I 0265,,I265 E,,,,,,,,,38.116680145,-85.652125298,13.066,7/27/2021 12:00:00 AM,1511,3,3,0,1,CLEAR,DRY,False,REAR END IN TRAFFIC LANES BOTH VEHICLES MOVING,REAR END,STRAIGHT & LEVEL,DAYLIGHT,,,7/28/2021 8:15:07 AM,False,7989,Accepted,
28440751,0568000,LOUISVILLE METRO POLICE DEPT,Accepted,JEFFERSON,KY1865,,TAYLOR,BLVD,,,,,BEECHER,,STRADER,38.191405454,-85.783284421,5.859,7/27/2021 12:00:00 AM,1527,2,2,0,0,CLOUDY,DRY,False,1 VEHICLE ENTERING/LEAVING ENTRANCE,ANGLE,STRAIGHT & LEVEL,DAYLIGHT,,,7/28/2021 8:15:13 AM,False,5372,Accepted,
28440752,0568000,LOUISVILLE METRO POLICE DEPT,Accepted,JEFFERSON,,478,BRANDEIS,AVE,E,,,,,,,38.219685777,-85.748096053,0.351,7/27/2021 12:00:00 AM,0500,2,2,0,0,CLEAR,DRY,True,1 VEHICLE PARKED POSITION (NOT PARKING LOT/DRIVEWAY),REAR END,STRAIGHT & LEVEL,DARK (UNKNOWN ROADWAY LIGHTING),,,7/28/2021 8:15:19 AM,False,5304,Accepted,
28440760,0568000,LOUISVILLE METRO POLICE DEPT,Accepted,JEFFERSON,US0031E,,BARDSTOWN,RD,,,,,CEDARLOOK,KY1065,BEULAH CHURCH,38.147309595,-85.585985280,5.353,7/27/2021 12:00:00 AM,1450,3,3,0,1,CLEAR,DRY,False,OTHER ROADWAY OR MID-BLOCK COLLISION,REAR END,STRAIGHT & LEVEL,DAYLIGHT,,,7/28/2021 8:15:42 AM,False,2324,Accepted,
28440768,0568000,LOUISVILLE METRO POLICE DEPT,Accepted,JEFFERSON,I 0264,,I264 W,,,,,,,,,38.203505806,-85.684467004,14.776,7/27/2021 12:00:00 AM,1747,2,2,0,0,CLEAR,DRY,False,REAR END IN TRAFFIC LANES BOTH VEHICLES MOVING,REAR END,STRAIGHT & LEVEL,DAYLIGHT,,,7/28/2021 8:16:07 AM,False,6813,Accepted,
28440775,0568000,LOUISVILLE METRO POLICE DEPT,Accepted,JEFFERSON,KY1865,5200,NEW CUT,RD,,,,,,,,38.161361382,-85.779109615,3.757,7/27/2021 12:00:00 AM,2027,2,2,0,0,CLEAR,DRY,False,SIDESWIPE COLLISION - SAME DIRECTION,SIDESWIPE-SAME DIRECTION,STRAIGHT & LEVEL,DUSK,,,7/28/2021 8:16:34 AM,False,5321,Accepted,
28440776,0568000,LOUISVILLE METRO POLICE DEPT,Accepted,JEFFERSON,KY1747,,FERN VALLEY,RD,,I 0065,I65 S EXIT128 ON RAMP FROM KY1631 E,,,,,38.157824830,-85.724346243,0.407,7/27/2021 12:00:00 AM,2047,2,2,0,0,CLEAR,DRY,False,OTHER INTERSECTION COLLISIONS,REAR TO REAR,STRAIGHT & LEVEL,DUSK,,,7/28/2021 8:16:38 AM,False,5264,Accepted,
28440778,0568000,LOUISVILLE METRO POLICE DEPT,Accepted,JEFFERSON,KY1747,,HURSTBOURNE,PKWY,S,,WATTBOURNE,,,,,38.185465583,-85.605993696,8.681,7/27/2021 12:00:00 AM,2204,2,2,0,2,CLEAR,DRY,False,ANGLE COLLISION - OTHER,ANGLE,STRAIGHT & LEVEL,DARK-HWY NOT LIGHTED,,,7/28/2021 8:16:42 AM,False,5222,Accepted,
28431068,0568000,LOUISVILLE METRO POLICE DEPT,Accepted,JEFFERSON,I 0265,,I265 E,,,,,I 0265,I265 E EXIT23 ON RAMP FROM KY155,I 0064,I64 N EXIT25A RAMP TO I64 E,38.197022750,-85.507919514,23.700,7/27/2021 12:00:00 AM,0515,2,2,0,0,CLEAR,DRY,False,REAR END IN TRAFFIC LANES BOTH VEHICLES MOVING,REAR END,STRAIGHT & LEVEL,DARK-HWY NOT LIGHTED,,,7/27/2021 8:05:36 AM,False,2775,Accepted,
28431069,0568000,LOUISVILLE METRO POLICE DEPT,Accepted,JEFFERSON,KY1934,,CANE RUN,RD,,,CRUMS,,,,,38.195644406,-85.842126558,8.812,7/27/2021 12:00:00 AM,0543,2,2,0,2,CLEAR,DRY,False,OTHER INTERSECTION COLLISIONS,REAR END,STRAIGHT & LEVEL,DARK-HWY LIGHTED/ON,,,7/27/2021 8:05:39 AM,False,5325,Accepted,
28470769,0568000,LOUISVILLE METRO POLICE DEPT,Accepted,JEFFERSON,US0060A,,TAYLOR,BLVD,,,CENTRAL,,,,,38.206388943,-85.776091140,2.300,7/27/2021 12:00:00 AM,0958,2,2,0,0,CLEAR,DRY,False,OPPOSING LEFT TURN,OPPOSING LEFT TURN,STRAIGHT & LEVEL,DAYLIGHT,,,8/5/2021 8:06:57 AM,False,5052,Accepted,
28458026,0564400,INDIAN HILLS POLICE DEPARTMENT,Accepted,JEFFERSON,US0042,4105,BROWNSBORO,RD,,,,,,,,38.267698383,-85.659306164,4.269,7/27/2021 12:00:00 AM,1635,2,2,0,0,CLEAR,DRY,False,SIDESWIPE COLLISION - SAME DIRECTION,SIDESWIPE-SAME DIRECTION,STRAIGHT & HILLCREST,DAYLIGHT,,,8/2/2021 8:50:09 AM,False,4433,Accepted,
29644203,0568000,LOUISVILLE METRO POLICE DEPT,Accepted,JEFFERSON,US0031W,,DIXIE,HWY,,,BARRETT,,,,,38.102963366,-85.869650977,8.275,7/27/2021 12:00:00 AM,1826,2,2,0,1,CLEAR,DRY,False,OPPOSING LEFT TURN,OPPOSING LEFT TURN,STRAIGHT & LEVEL,DAYLIGHT,,,1/31/2022 8:56:44 AM,False,7166,Accepted,
28440744,0568000,LOUISVILLE METRO POLICE DEPT,Accepted,JEFFERSON,I 0065,,I65 S,,,,,,,,,38.231990384,-85.750919616,134.282,7/26/2021 12:00:00 AM,0700,2,2,0,0,CLEAR,DRY,False,REAR END IN TRAFFIC LANES BOTH VEHICLES MOVING,REAR END,STRAIGHT & LEVEL,DAYLIGHT,,,7/28/2021 8:14:47 AM,False,5120,Accepted,
28431067,0568000,LOUISVILLE METRO POLICE DEPT,Accepted,JEFFERSON,KY0864,,POPLAR LEVEL,RD,,,HESS,,,,,38.212281266,-85.720772781,12.734,7/26/2021 12:00:00 AM,2237,2,2,0,0,CLEAR,DRY,False,ANGLE COLLISION - OTHER,ANGLE,STRAIGHT & LEVEL,DAYLIGHT,,,7/27/2021 8:05:32 AM,False,5300,Accepted,
28431033,0568000,LOUISVILLE METRO POLICE DEPT,Accepted,JEFFERSON,I 0071,,I71 N,,,,,,,,,38.279060438,-85.690401015,2.273,7/26/2021 12:00:00 AM,0727,3,3,0,1,CLEAR,DRY,False,REAR END IN TRAFFIC LANES BOTH VEHICLES MOVING,REAR END,STRAIGHT & LEVEL,DAYLIGHT,,,7/27/2021 8:03:35 AM,False,5353,Accepted,
28440770,0568000,LOUISVILLE METRO POLICE DEPT,Accepted,JEFFERSON,,,3RD,ST,S,,SOUTHLAND,,,,,38.171485301,-85.768002131,1.889,7/26/2021 12:00:00 AM,1132,3,3,0,0,CLEAR,DRY,False,ANGLE COLLISION - OTHER,ANGLE,STRAIGHT & LEVEL,DAYLIGHT,,,7/28/2021 8:16:14 AM,False,7471,Accepted,
28440784,0568000,LOUISVILLE METRO POLICE DEPT,Accepted,JEFFERSON,,,PETERSON,AVE,S,US0060,FRANKFORT,,,,,38.253984802,-85.698061129,,7/26/2021 12:00:00 AM,2201,2,2,0,0,CLEAR,DRY,False,OPPOSING LEFT TURN,OPPOSING LEFT TURN,STRAIGHT & LEVEL,DARK-HWY LIGHTED/ON,,,7/28/2021 8:16:55 AM,False,7304,Accepted,
28457933,0568000,LOUISVILLE METRO POLICE DEPT,Accepted,JEFFERSON,KY2048,,CANNONS,LN,,I 0064,I64 E EXIT10 OFF RAMP TO KY2048,,,,,38.234856147,-85.657712650,1.199,7/26/2021 12:00:00 AM,1916,2,2,0,1,CLEAR,DRY,False,ANGLE COLLISION - ONE VEHICLE TURNING LEFT,ANGLE,CURVE & LEVEL,DAYLIGHT,,,8/2/2021 8:36:47 AM,False,5365,Accepted,
28494705,0561500,UNIV. OF LOUISVILLE POLICE,Accepted,JEFFERSON,,,MUHAMMAD ALI,BLVD,E,,BROOK,,,,,38.250423759,-85.750974956,0.953,7/26/2021 12:00:00 AM,1303,2,2,0,0,CLEAR,DRY,False,ANGLE COLLISION - OTHER,ANGLE,STRAIGHT & LEVEL,DAYLIGHT,,,8/11/2021 4:25:09 PM,False,5704,Accepted,
28431057,0568000,LOUISVILLE METRO POLICE DEPT,Accepted,JEFFERSON,KY0841,,,,,,,,,,,38.104060087,-85.817866240,0.052,7/26/2021 12:00:00 AM,1503,1,1,0,1,CLEAR,DRY,False,OVERTURNED ON RAMP,SINGLE VEHICLE,STRAIGHT & LEVEL,DAYLIGHT,KY0841,STONESTREET RD,7/27/2021 8:04:55 AM,False,5374,Accepted,
28431059,0568000,LOUISVILLE METRO POLICE DEPT,Accepted,JEFFERSON,KY1931,,MANSLICK,RD,,,ANNA,,,,,38.181249728,-85.799220344,7.378,7/26/2021 12:00:00 AM,1003,2,2,0,1,CLEAR,DRY,False,ANGLE COLLISION - ONE VEHICLE TURNING LEFT,ANGLE,CURVE & LEVEL,DAYLIGHT,,,7/27/2021 8:05:02 AM,False,5221,Accepted,
28431060,0568000,LOUISVILLE METRO POLICE DEPT,Accepted,JEFFERSON,,5017,3RD,ST,S,,,,,,,38.173967947,-85.767558858,1.716,7/26/2021 12:00:00 AM,1103,1,1,0,0,CLEAR,DRY,False,COLLISION WITH FIXED OBJECT NON - INTERSECTION - FIRST EVENT COLLISION 09 - 32 EXCLUDING 16,SINGLE VEHICLE,STRAIGHT & LEVEL,DAYLIGHT,,,7/27/2021 8:05:06 AM,False,5221,Accepted,
28431065,0568000,LOUISVILLE METRO POLICE DEPT,Accepted,JEFFERSON,KY1931,,ST ANDREWS CHURCH,RD,,,PENNACOOK,,,,,38.154498219,-85.802832139,5.407,7/26/2021 12:00:00 AM,2250,2,1,0,0,CLEAR,DRY,True,COLLISION WITH BICYCLE IN INTERSECTION,SINGLE VEHICLE,STRAIGHT & LEVEL,DARK-HWY LIGHTED/ON,,,7/27/2021 8:05:26 AM,False,5318,Accepted,
28431050,0568000,LOUISVILLE METRO POLICE DEPT,Accepted,JEFFERSON,,,BROADWAY,,W,,LINDELL,,,,,38.250037890,-85.812281628,1.309,7/26/2021 12:00:00 AM,1445,2,2,0,1,CLEAR,DRY,False,ANGLE COLLISION - OTHER,ANGLE,STRAIGHT & LEVEL,DAYLIGHT,,,7/27/2021 8:04:22 AM,False,5032,Accepted,
28431052,0568000,LOUISVILLE METRO POLICE DEPT,Accepted,JEFFERSON,I 0065,,,,,,,,,,,38.188505307,-85.726413172,0.311,7/26/2021 12:00:00 AM,1617,4,4,0,1,CLEAR,DRY,False,OTHER RAMP RELATED COLLISIONS NOT LISTED ABOVE,REAR END,CURVE & GRADE,DAYLIGHT,I 0065,I 0264,7/27/2021 8:04:26 AM,False,7371,Accepted,
28431025,0568000,LOUISVILLE METRO POLICE DEPT,Accepted,JEFFERSON,KY1934,,GREENBELT,HWY,,,ASHBY,,,,,38.110748188,-85.894084913,1.911,7/26/2021 12:00:00 AM,0759,2,2,0,1,CLEAR,DRY,False,OTHER INTERSECTION COLLISIONS,REAR END,STRAIGHT & LEVEL,DAYLIGHT,,,7/27/2021 8:03:28 AM,False,2021,Accepted,
28431042,0568000,LOUISVILLE METRO POLICE DEPT,Accepted,JEFFERSON,I 0065,,I65 N EXIT128 CROSSOVER KY1631,,,,,,,,,38.157360820,-85.716542760,0.004,7/26/2021 12:00:00 AM,0902,2,2,0,0,CLEAR,DRY,False,REAR END IN TRAFFIC LANES BOTH VEHICLES MOVING,REAR END,STRAIGHT & LEVEL,DAYLIGHT,,,7/27/2021 8:03:58 AM,False,2089,Accepted,
28431043,0568000,LOUISVILLE METRO POLICE DEPT,Accepted,JEFFERSON,US0150,,BROADWAY,,W,US0031W,DR W J HODGE,,,,,38.249185411,-85.786527654,0.824,7/26/2021 12:00:00 AM,1227,2,2,0,0,CLEAR,DRY,False,ANGLE COLLISION - OTHER,ANGLE,STRAIGHT & LEVEL,DAYLIGHT,,,7/27/2021 8:04:03 AM,False,7361,Accepted,
28410127,0568000,LOUISVILLE METRO POLICE DEPT,Accepted,JEFFERSON,US0031W,,DIXIE,HWY,,KY1931,GREENWOOD,,,,,38.144053054,-85.839480753,11.658,7/26/2021 12:00:00 AM,0636,2,2,0,0,CLEAR,DRY,False,OTHER INTERSECTION COLLISIONS,REAR END,STRAIGHT & LEVEL,DAYLIGHT,,,7/26/2021 8:15:15 AM,False,7988,Accepted,
28440741,0568000,LOUISVILLE METRO POLICE DEPT,Accepted,JEFFERSON,,,MUHAMMAD ALI,BLVD,E,,,,HANCOCK,KY0061,JACKSON,38.249395824,-85.743978843,0.565,7/26/2021 12:00:00 AM,1302,2,2,0,0,CLEAR,DRY,False,COLLISION IN PARKING LOT,SIDESWIPE-SAME DIRECTION,STRAIGHT & LEVEL,DAYLIGHT,,,7/28/2021 8:14:37 AM,False,7058,Accepted,
28431044,0568000,LOUISVILLE METRO POLICE DEPT,Accepted,JEFFERSON,,413,MUHAMMAD ALI,BLVD,E,,,KY0061,JACKSON,KY0061,PRESTON,38.249907487,-85.746127740,0.686,7/26/2021 12:00:00 AM,0830,2,2,0,0,CLEAR,DRY,True,COLLISION IN PARKING LOT,,STRAIGHT & LEVEL,DAYLIGHT,,,7/27/2021 8:04:08 AM,False,7170,Accepted,
28440739,0568000,LOUISVILLE METRO POLICE DEPT,Accepted,JEFFERSON,US0150,,BROADWAY,,W,,17TH,,,,,38.248775695,-85.779859914,1.184,7/26/2021 12:00:00 AM,0910,2,2,0,0,CLEAR,DRY,False,SIDESWIPE-SAME DIRECTION,SIDESWIPE-SAME DIRECTION,STRAIGHT & LEVEL,DAYLIGHT,,,7/28/2021 8:14:28 AM,False,5124,Accepted,
28410122,0568000,LOUISVILLE METRO POLICE DEPT,Accepted,JEFFERSON,,5801,APPLEGATE,LN,,,,,,,,38.134439955,-85.652830870,0.308,7/26/2021 12:00:00 AM,0200,1,1,0,0,CLEAR,DRY,False,OTHER COLLISIONS ON SHOULDER,SINGLE VEHICLE,STRAIGHT & LEVEL,DARK-HWY NOT LIGHTED,,,7/26/2021 8:14:52 AM,False,5141,Accepted,
28410129,0568000,LOUISVILLE METRO POLICE DEPT,Accepted,JEFFERSON,I 0065,,I65 S,,,,,,,,,38.217328674,-85.752338829,133.260,7/26/2021 12:00:00 AM,0556,2,1,0,1,CLEAR,DRY,False,COLLISION WITH PEDESTRIAN NON - INTERSECTION,SINGLE VEHICLE,CURVE & GRADE,DAWN,,,7/26/2021 8:15:27 AM,False,6886,Accepted,
28431039,0568000,LOUISVILLE METRO POLICE DEPT,Accepted,JEFFERSON,,,CHAMBERLAIN,LN,,,,,,,,38.314449441,-85.568240954,4.173,7/26/2021 12:00:00 AM,1100,2,2,0,0,CLEAR,DRY,False,1 VEHICLE ENTERING/LEAVING ENTRANCE,ANGLE,STRAIGHT & LEVEL,DAYLIGHT,,,7/27/2021 8:03:42 AM,False,7615,Accepted,
28431046,0568000,LOUISVILLE METRO POLICE DEPT,Accepted,JEFFERSON,KY1747,,HURSTBOURNE,PKWY,S,,BUNSEN,,,,,38.218870229,-85.584025310,11.464,7/26/2021 12:00:00 AM,1221,2,2,0,0,CLOUDY,DRY,True,ANGLE COLLISION - ONE VEHICLE TURNING LEFT,ANGLE,STRAIGHT & LEVEL,DAYLIGHT,,,7/27/2021 8:04:12 AM,False,4693,Accepted,
28431048,0568000,LOUISVILLE METRO POLICE DEPT,Accepted,JEFFERSON,,,TENNY,AVE,W,,5TH,,,,,38.177300610,-85.769882741,0.223,7/26/2021 12:00:00 AM,1351,2,2,0,0,CLEAR,DRY,False,HEAD-ON COLLISION,HEAD ON,STRAIGHT & LEVEL,DAYLIGHT,,,7/27/2021 8:04:18 AM,False,2021,Accepted,
28431053,0568000,LOUISVILLE METRO POLICE DEPT,Accepted,JEFFERSON,KY1747,,FERN VALLEY,RD,,KY0061,PRESTON,,,,,38.157113482,-85.696500309,1.968,7/26/2021 12:00:00 AM,1700,2,2,0,1,CLEAR,DRY,False,ANGLE COLLISION - OTHER,ANGLE,STRAIGHT & LEVEL,DAYLIGHT,,,7/27/2021 8:04:29 AM,False,2321,Accepted,
28431054,0568000,LOUISVILLE METRO POLICE DEPT,Accepted,JEFFERSON,,,MILLERS,LN,,,,,,,,38.216530519,-85.809986861,0.778,7/26/2021 12:00:00 AM,1239,2,2,0,2,CLEAR,DRY,False,HEAD-ON COLLISION,HEAD ON,STRAIGHT & LEVEL,DAYLIGHT,,,7/27/2021 8:04:33 AM,False,5232,Accepted,
28431055,0568000,LOUISVILLE METRO POLICE DEPT,Accepted,JEFFERSON,KY1020,,2ND,ST,S,,JEFFERSON,,,,,38.254145935,-85.753745388,12.673,7/26/2021 12:00:00 AM,1617,3,3,0,0,CLEAR,DRY,False,COLLISION WITH PARKED VEHICLE,SIDESWIPE-SAME DIRECTION,STRAIGHT & LEVEL,DAYLIGHT,,,7/27/2021 8:04:36 AM,False,5354,Accepted,
28431056,0568000,LOUISVILLE METRO POLICE DEPT,Accepted,JEFFERSON,KY1020,,3RD,ST,S,,,,,,,38.254272241,-85.755336755,12.675,7/26/2021 12:00:00 AM,1721,2,1,0,0,CLEAR,DRY,False,COLLISION WITH PEDESTRIAN NON - INTERSECTION,SINGLE VEHICLE,CURVE & GRADE,DAYLIGHT,,,7/27/2021 8:04:51 AM,False,5354,Accepted,
28431061,0568000,LOUISVILLE METRO POLICE DEPT,Accepted,JEFFERSON,KY1865,,TAYLOR,BLVD,,,,,,,,38.176491238,-85.782693227,4.812,7/26/2021 12:00:00 AM,1150,3,3,0,1,CLEAR,DRY,False,REAR END IN TRAFFIC LANES BOTH VEHICLES MOVING,REAR END,STRAIGHT & LEVEL,DAYLIGHT,,,7/27/2021 8:05:09 AM,False,7667,Accepted,
28448861,0568000,LOUISVILLE METRO POLICE DEPT,Accepted,JEFFERSON,US0031W,,DIXIE,HWY,,KY1931,GREENWOOD,,,,,38.143622449,-85.839651090,11.680,7/26/2021 12:00:00 AM,0630,2,2,0,1,CLEAR,DRY,False,OTHER INTERSECTION COLLISIONS,REAR END,STRAIGHT & LEVEL,DAWN,,,7/30/2021 8:03:31 AM,False,5293,Accepted,
28448812,0568000,LOUISVILLE METRO POLICE DEPT,Accepted,JEFFERSON,KY1727,,TERRY,RD,,,,,,,,38.144760278,-85.871928810,1.684,7/26/2021 12:00:00 AM,1406,2,2,0,1,CLEAR,DRY,False,OTHER ROADWAY OR MID-BLOCK COLLISION,REAR END,STRAIGHT & LEVEL,DAYLIGHT,,,7/30/2021 8:00:03 AM,False,7244,Accepted,
28442493,0561500,UNIV. OF LOUISVILLE POLICE,Accepted,JEFFERSON,KY1020,,3RD,ST,S,,CARDINAL,,,,,38.220554524,-85.761221943,10.321,7/26/2021 12:00:00 AM,1621,2,2,0,0,CLEAR,DRY,False,ANGLE COLLISION - OTHER,ANGLE,STRAIGHT & LEVEL,DAYLIGHT,,,7/28/2021 4:42:00 PM,False,5709,Accepted,
28441492,0568000,LOUISVILLE METRO POLICE DEPT,Accepted,JEFFERSON,I 0071,,I71 N,,,I 0264,I264 W,,,,,38.292854461,-85.654138232,4.550,7/26/2021 12:00:00 AM,0648,1,1,1,0,CLEAR,DRY,False,COLLISION WITH FIXED OBJECT IN INTERSECTION - FIRST EVENT COLLISION 09 - 32,SINGLE VEHICLE,CURVE & GRADE,DAYLIGHT,,,7/28/2021 12:16:22 PM,False,7720,Accepted,
28440764,0568000,LOUISVILLE METRO POLICE DEPT,Accepted,JEFFERSON,,,BROOK,ST,S,,MUHAMMAD ALI,,,,,38.250486151,-85.751515021,3.197,7/26/2021 12:00:00 AM,1902,2,2,0,0,CLEAR,DRY,False,SIDESWIPE-SAME DIRECTION,SIDESWIPE-SAME DIRECTION,STRAIGHT & LEVEL,DAYLIGHT,,,7/28/2021 8:15:51 AM,False,7904,Accepted,
28440771,0568000,LOUISVILLE METRO POLICE DEPT,Accepted,JEFFERSON,,,SOUTHERN,PKWY,,,AUBURNDALE,,,,,38.173599119,-85.776128242,0.723,7/26/2021 12:00:00 AM,1155,3,3,0,0,CLEAR,DRY,False,ANGLE COLLISION - OTHER,ANGLE,STRAIGHT & LEVEL,DAYLIGHT,,,7/28/2021 8:16:18 AM,False,7471,Accepted,
28444800,0568000,LOUISVILLE METRO POLICE DEPT,Accepted,JEFFERSON,I 0264,,I264 W,,,,,I 0264,I264 W EXIT9 OFF RAMP TO KY1865,I 0264,I264 W EXIT10 ON RAMP FROM KY1020,38.189744759,-85.772246709,9.845,7/25/2021 12:00:00 AM,1934,2,2,0,1,CLEAR,DRY,False,REAR END IN TRAFFIC LANES BOTH VEHICLES MOVING,REAR END,STRAIGHT & LEVEL,DAYLIGHT,,,7/29/2021 8:03:28 AM,False,7527,Accepted,
28441490,0568000,LOUISVILLE METRO POLICE DEPT,Accepted,JEFFERSON,I 0065,,I65 N,,,,,,,,,38.182310390,-85.721995446,130.054,7/25/2021 12:00:00 AM,1144,2,2,0,2,CLEAR,DRY,True,SIDESWIPE COLLISION - SAME DIRECTION,SIDESWIPE-SAME DIRECTION,STRAIGHT & LEVEL,DAYLIGHT,,,7/28/2021 12:16:13 PM,False,5027,Accepted,
28448854,0568000,LOUISVILLE METRO POLICE DEPT,Accepted,JEFFERSON,I 0264,,I264 E,,,,,I 0264,I264 E EXIT17A OFF RAMP TO KY155 S,I 0264,I264 E EXIT17B OFF RAMP TO KY155 N,38.220320263,-85.653348940,16.832,7/25/2021 12:00:00 AM,1900,2,2,0,0,CLEAR,DRY,False,SIDESWIPE COLLISION - SAME DIRECTION,SIDESWIPE-SAME DIRECTION,STRAIGHT & LEVEL,DAYLIGHT,,,7/30/2021 8:03:16 AM,False,5247,Accepted,
28444809,0568000,LOUISVILLE METRO POLICE DEPT,Accepted,JEFFERSON,,,17TH,ST,S,,LEE,,,,,38.226342136,-85.784943988,1.945,7/25/2021 12:00:00 AM,0148,2,2,0,0,CLEAR,DRY,False,COLLISION WITH PARKED VEHICLE,SIDESWIPE-SAME DIRECTION,STRAIGHT & LEVEL,DARK-HWY LIGHTED/ON,,,7/29/2021 8:03:46 AM,False,5256,Accepted,
28410120,0568000,LOUISVILLE METRO POLICE DEPT,Accepted,JEFFERSON,,,JEFFERSON,ST,W,,25TH,,,,,38.257708051,-85.791860413,2.178,7/25/2021 12:00:00 AM,1942,3,3,0,0,CLEAR,DRY,False,COLLISION WITH PARKED VEHICLE,ANGLE,STRAIGHT & LEVEL,DAYLIGHT,,,7/26/2021 8:14:44 AM,False,5021,Accepted,
28410121,0568000,LOUISVILLE METRO POLICE DEPT,Accepted,JEFFERSON,US0031W,,DR W J HODGE,ST,,,CHESTNUT,,,,,38.252055502,-85.786012778,19.850,7/25/2021 12:00:00 AM,2030,2,2,0,0,CLEAR,DRY,True,OTHER INTERSECTION COLLISIONS,REAR END,STRAIGHT & LEVEL,DAYLIGHT,,,7/26/2021 8:14:48 AM,False,5021,Accepted,