IncidentID,AgencyORI,AgencyName,IncidentStatusDesc,County,RdwyNumber,Street,RoadwayName,StreetSfx,StreetDir,IntersectionRdwy,IntersectionRdwyName,BetweenStRdwy1,BetweenStRdwyName1,BetweenStRdwy2,BetweenStRdwyName2,Latitude,Longitude,Milepoint,CollisionDate,CollisionTime,UnitsInvolved,MotorVehiclesInvolved,NumberKilled,NumberInjured,Weather,RdwyConditionCode,HitandRun,DirAnalysisCode,MannerofCollision,RdwyCharacter,LightCondition,RampFromRdwyId,RampToRdwyId,AcceptedDate,IsSecondaryCollision,OwnerBadge,IncidentStatus,
28410123,0568000,LOUISVILLE METRO POLICE DEPT,Accepted,JEFFERSON,KY1865,,NEW CUT,RD,,,,,ANGELETTA,,INDIAN,38.135356169,-85.773137550,1.939,7/25/2021 12:00:00 AM,1604,2,2,0,0,CLEAR,DRY,False,1 VEHICLE ENTERING/LEAVING ENTRANCE,ANGLE,STRAIGHT & LEVEL,DAYLIGHT,,,7/26/2021 8:14:56 AM,False,5220,Accepted,
28410124,0568000,LOUISVILLE METRO POLICE DEPT,Accepted,JEFFERSON,US0031E,,BARDSTOWN,RD,,,,,DUKER,,DEERWOOD,38.230099943,-85.703700425,14.262,7/25/2021 12:00:00 AM,0516,3,3,0,1,CLEAR,DRY,False,1 VEHICLE PARKED POSITION (NOT PARKING LOT/DRIVEWAY),SIDESWIPE-SAME DIRECTION,STRAIGHT & LEVEL,DARK-HWY LIGHTED/ON,,,7/26/2021 8:15:00 AM,True,5250,Accepted,
28408359,0560300,ST. MATTHEWS POLICE DEPARTMENT,Accepted,JEFFERSON,I 0264,,I264 E EXIT20 TRANSIT,,,,,,,,,38.250166457,-85.619044063,0.279,7/25/2021 12:00:00 AM,1839,2,2,0,0,CLEAR,DRY,False,REAR END IN TRAFFIC LANES BOTH VEHICLES MOVING,REAR END,STRAIGHT & HILLCREST,DAYLIGHT,,,7/25/2021 9:29:43 PM,False,9194,Accepted,
28410062,0568000,LOUISVILLE METRO POLICE DEPT,Accepted,JEFFERSON,,7200,CEDAR SPRINGS,BLVD,,,,,,,,38.144957992,-85.585269827,0.026,7/25/2021 12:00:00 AM,0251,2,2,0,0,CLEAR,DRY,False,REAR END IN TRAFFIC LANES BOTH VEHICLES MOVING,REAR END,STRAIGHT & LEVEL,DARK-HWY LIGHTED/ON,,,7/26/2021 8:11:40 AM,False,5383,Accepted,
28410064,0568000,LOUISVILLE METRO POLICE DEPT,Accepted,JEFFERSON,,4400,TITUS,CT,,,,,,,,38.184289567,-85.675768000,0.053,7/25/2021 12:00:00 AM,0508,1,1,0,0,CLEAR,DRY,True,OTHER ROADWAY OR MID-BLOCK COLLISION,SINGLE VEHICLE,STRAIGHT & LEVEL,DARK-HWY LIGHTED/ON,,,7/26/2021 8:11:54 AM,False,5307,Accepted,
28410073,0568000,LOUISVILLE METRO POLICE DEPT,Accepted,JEFFERSON,,,12TH,ST,S,,MAGNOLIA,,,,,38.230562593,-85.774594614,1.563,7/25/2021 12:00:00 AM,0400,2,2,0,0,CLEAR,DRY,False,SIDESWIPE-SAME DIRECTION,SIDESWIPE-SAME DIRECTION,STRAIGHT & LEVEL,DARK-HWY LIGHTED/ON,,,7/26/2021 8:12:27 AM,False,5261,Accepted,
28410082,0568000,LOUISVILLE METRO POLICE DEPT,Accepted,JEFFERSON,,7308,SPRINGDALE,RD,,,,,GREEN SPRING,,CLIPPING CROSS,38.319195952,-85.609827146,2.423,7/25/2021 12:00:00 AM,0000,1,1,0,0,CLEAR,DRY,False,COLLISION WITH FIXED OBJECT NON - INTERSECTION - FIRST EVENT COLLISION 09 - 32 EXCLUDING 16,SINGLE VEHICLE,STRAIGHT & LEVEL,DARK-HWY LIGHTED/ON,,,7/26/2021 8:12:46 AM,False,6927,Accepted,
28410105,0568000,LOUISVILLE METRO POLICE DEPT,Accepted,JEFFERSON,,,FACTORY,LN,,KY0146,LA GRANGE,,,,,38.289471154,-85.512340849,0.005,7/25/2021 12:00:00 AM,1531,2,2,0,1,CLEAR,DRY,False,ANGLE COLLISION - OTHER,ANGLE,STRAIGHT & LEVEL,DAYLIGHT,,,7/26/2021 8:14:00 AM,False,7802,Accepted,
28462006,0568000,LOUISVILLE METRO POLICE DEPT,Accepted,JEFFERSON,KY1020,,3RD,ST,S,,CARDINAL,,,,,38.220437868,-85.761297361,10.313,7/25/2021 12:00:00 AM,1919,2,2,0,0,CLEAR,DRY,True,ANGLE COLLISION - OTHER,ANGLE,STRAIGHT & LEVEL,DAYLIGHT,,,8/3/2021 8:20:32 AM,False,5373,Accepted,
28484051,0568000,LOUISVILLE METRO POLICE DEPT,Accepted,JEFFERSON,,,WITHERSPOON,ST,E,,PRESTON,,,,,38.257769372,-85.745449108,0.317,7/25/2021 12:00:00 AM,1351,2,2,0,0,CLOUDY,DRY,False,OTHER INTERSECTION COLLISIONS,REAR END,STRAIGHT & LEVEL,DAYLIGHT,,,8/9/2021 7:36:09 AM,False,7216,Accepted,
28408352,0560300,ST. MATTHEWS POLICE DEPARTMENT,Accepted,JEFFERSON,US0060,5000,SHELBYVILLE,RD,,,,,,,,38.250265585,-85.623977033,5.372,7/25/2021 12:00:00 AM,1428,2,2,0,0,CLEAR,DRY,False,1 VEHICLE PARKED POSITION (NOT PARKING LOT/DRIVEWAY),ANGLE,STRAIGHT & LEVEL,DUSK,,,7/25/2021 9:28:05 PM,False,9151,Accepted,
28410119,0568000,LOUISVILLE METRO POLICE DEPT,Accepted,JEFFERSON,KY0155,,TAYLORSVILLE,RD,,,,,,,,38.221061265,-85.644889479,14.366,7/25/2021 12:00:00 AM,2313,2,2,0,0,CLEAR,DRY,False,HEAD-ON COLLISION,HEAD ON,STRAIGHT & LEVEL,DARK-HWY LIGHTED/ON,,,7/26/2021 8:14:40 AM,False,5305,Accepted,
28410101,0568000,LOUISVILLE METRO POLICE DEPT,Accepted,JEFFERSON,KY1865,,NEW CUT,RD,,,HARPERS FERRY,,,,,38.132086313,-85.772572674,1.708,7/25/2021 12:00:00 AM,1446,3,3,0,1,CLEAR,DRY,False,OPPOSING LEFT TURN,OPPOSING LEFT TURN,CURVE & HILLCREST,DAYLIGHT,,,7/26/2021 8:13:50 AM,False,7339,Accepted,
28410103,0568000,LOUISVILLE METRO POLICE DEPT,Accepted,JEFFERSON,I 0065,,I65 S,,,,,,,,,38.182956442,-85.722616497,130.101,7/25/2021 12:00:00 AM,1409,2,2,0,0,CLEAR,DRY,False,SIDESWIPE COLLISION - SAME DIRECTION,SIDESWIPE-SAME DIRECTION,CURVE & LEVEL,DAYLIGHT,,,7/26/2021 8:13:56 AM,False,5378,Accepted,
28410109,0568000,LOUISVILLE METRO POLICE DEPT,Accepted,JEFFERSON,US0031W,,22ND,ST,S,,MAPLE,,,,,38.247260540,-85.788580152,19.416,7/25/2021 12:00:00 AM,1241,2,2,0,4,CLOUDY,DRY,False,OTHER INTERSECTION COLLISIONS,REAR END,STRAIGHT & LEVEL,DAYLIGHT,,,7/26/2021 8:14:04 AM,False,7091,Accepted,
28410125,0568000,LOUISVILLE METRO POLICE DEPT,Accepted,JEFFERSON,,1400 BLK,15TH,ST,S,,,,,,,38.230869909,-85.779529646,0.375,7/25/2021 12:00:00 AM,2109,1,1,0,1,CLEAR,DRY,False,COLLISION WITH FIXED OBJECT NON - INTERSECTION - FIRST EVENT COLLISION 09 - 32 EXCLUDING 16,SINGLE VEHICLE,CURVE & LEVEL,DUSK,,,7/26/2021 8:15:05 AM,False,5039,Accepted,
28410116,0568000,LOUISVILLE METRO POLICE DEPT,Accepted,JEFFERSON,KY1931,,GREENWOOD,RD,,,WESTBROOK,,,,,38.144909989,-85.880719560,0.844,7/25/2021 12:00:00 AM,1931,1,1,0,2,CLEAR,DRY,False,COLLISION WITH FIXED OBJECT IN INTERSECTION - FIRST EVENT COLLISION 09 - 32,SINGLE VEHICLE,CURVE & GRADE,DAYLIGHT,,,7/26/2021 8:14:20 AM,False,5293,Accepted,
28410061,0568000,LOUISVILLE METRO POLICE DEPT,Accepted,JEFFERSON,KY1865,,NEW CUT,RD,,KY0841,KY841 RAMP FROM KY1865,,,,,38.122676485,-85.776795877,1.002,7/25/2021 12:00:00 AM,0035,2,2,0,1,CLEAR,DRY,False,OPPOSING LEFT TURN,OPPOSING LEFT TURN,STRAIGHT & LEVEL,DARK-HWY LIGHTED/ON,,,7/26/2021 8:11:35 AM,False,5209,Accepted,
28410069,0568000,LOUISVILLE METRO POLICE DEPT,Accepted,JEFFERSON,US0031E,,BARDSTOWN,RD,,,DUKER,,,,,38.230221676,-85.703905984,14.261,7/25/2021 12:00:00 AM,0516,3,2,0,2,CLEAR,DRY,False,ANGLE COLLISION - OTHER,ANGLE,STRAIGHT & LEVEL,DARK-HWY LIGHTED/ON,,,7/26/2021 8:12:07 AM,False,5296,Accepted,
28410091,0568000,LOUISVILLE METRO POLICE DEPT,Accepted,JEFFERSON,,,BROOK,ST,S,US0031E,MARKET,,,,,38.254502777,-85.750162887,3.397,7/25/2021 12:00:00 AM,1100,2,2,0,0,CLEAR,DRY,False,ANGLE COLLISION - OTHER,ANGLE,STRAIGHT & LEVEL,DAYLIGHT,,,7/26/2021 8:13:18 AM,False,2764,Accepted,
28410084,0568000,LOUISVILLE METRO POLICE DEPT,Accepted,JEFFERSON,,,4TH,ST,S,,,,,,,38.228389368,-85.761517245,1.966,7/25/2021 12:00:00 AM,0832,3,3,0,0,CLEAR,DRY,False,1 VEHICLE PARKED POSITION (NOT PARKING LOT/DRIVEWAY),SIDESWIPE-SAME DIRECTION,STRAIGHT & LEVEL,DAYLIGHT,,,7/26/2021 8:13:04 AM,False,5258,Accepted,
28408353,0560300,ST. MATTHEWS POLICE DEPARTMENT,Accepted,JEFFERSON,US0060,,SHELBYVILLE,RD,,I 0264,I264 W EXIT20B OFF RAMP TO US60,,,,,38.250103045,-85.620467010,5.474,7/25/2021 12:00:00 AM,1522,2,2,0,0,CLEAR,DRY,False,OTHER INTERSECTION COLLISIONS,REAR END,CURVE & HILLCREST,DAYLIGHT,,,7/25/2021 9:28:08 PM,False,9151,Accepted,
28485145,0568000,LOUISVILLE METRO POLICE DEPT,Accepted,JEFFERSON,,,MUHAMMAD ALI,BLVD,W,,6TH,,,,,38.251447753,-85.760781948,0.452,7/25/2021 12:00:00 AM,1710,2,1,0,1,CLEAR,DRY,False,ANGLE COLLISION - OTHER,ANGLE,STRAIGHT & GRADE,DAYLIGHT,,,8/9/2021 11:19:57 AM,False,2661,Accepted,
28444806,0568000,LOUISVILLE METRO POLICE DEPT,Accepted,JEFFERSON,KY0061,,PRESTON,ST,S,,,,STEIN,,GWENDOLYN,38.233479037,-85.749555733,11.425,7/25/2021 12:00:00 AM,2225,3,3,0,0,CLEAR,DRY,False,1 VEHICLE PARKED POSITION (NOT PARKING LOT/DRIVEWAY),SIDESWIPE-SAME DIRECTION,STRAIGHT & LEVEL,DARK-HWY LIGHTED/ON,,,7/29/2021 8:03:35 AM,False,7527,Accepted,
28448839,0568000,LOUISVILLE METRO POLICE DEPT,Accepted,JEFFERSON,US0060,,SHELBYVILLE,RD,,,LYNDON,,,,,38.248175235,-85.598854500,6.660,7/25/2021 12:00:00 AM,1452,3,3,0,0,CLOUDY,DRY,False,ANGLE COLLISION - ONE VEHICLE TURNING LEFT,ANGLE,STRAIGHT & LEVEL,DAYLIGHT,,,7/30/2021 8:02:40 AM,False,6456,Accepted,
28643023,0568000,LOUISVILLE METRO POLICE DEPT,Accepted,JEFFERSON,,,PARK,RD,S,KY1450,BLUE LICK,,,,,38.116348707,-85.689483030,0.697,7/25/2021 12:00:00 AM,1646,2,2,0,0,CLEAR,DRY,False,ANGLE COLLISION - OTHER,ANGLE,STRAIGHT & LEVEL,DAYLIGHT,,,9/10/2021 7:38:56 AM,False,7269,Accepted,
28501360,0568000,LOUISVILLE METRO POLICE DEPT,Accepted,JEFFERSON,,,INDUSTRY,RD,,,4TH,,,,,38.213865785,-85.764035640,0.824,7/24/2021 12:00:00 AM,1504,2,2,0,0,CLEAR,DRY,True,OPPOSITE DIRECTION - BOTH VEHICLES GOING STRAIGHT AHEAD,SIDESWIPE-OPPOSITE DIRECTION,STRAIGHT & GRADE,DAYLIGHT,,,8/13/2021 7:44:10 AM,False,7046,Accepted,
28444798,0568000,LOUISVILLE METRO POLICE DEPT,Accepted,JEFFERSON,KY1703,900 BLK,BAXTER,AVE,,,,CS1050G,HIGHLAND,CS1552G,HEPBURN,38.239880964,-85.723943873,5.652,7/24/2021 12:00:00 AM,1024,2,2,0,0,CLEAR,DRY,False,VEHICLE BACKING NON INTERSECTION,BACKING,STRAIGHT & LEVEL,DARK-HWY LIGHTED/ON,,,7/29/2021 8:03:20 AM,False,5110,Accepted,
28441528,0560400,SHIVELY POLICE DEPARTMENT,Accepted,JEFFERSON,US0031W,2401,DIXIE,HWY,,,,,,,,38.215494809,-85.795701229,17.094,7/24/2021 12:00:00 AM,1411,2,2,0,0,CLEAR,DRY,False,1 VEHICLE ENTERING/LEAVING ENTRANCE,ANGLE,STRAIGHT & LEVEL,DAYLIGHT,,,7/28/2021 12:28:37 PM,False,7133,Accepted,
28410011,0568000,LOUISVILLE METRO POLICE DEPT,Accepted,JEFFERSON,,,34TH,ST,S,,KIRBY,,,,,38.236343232,-85.810726048,1.816,7/24/2021 12:00:00 AM,0310,1,1,0,0,CLEAR,DRY,False,COLLISION WITH FIXED OBJECT IN INTERSECTION - FIRST EVENT COLLISION 09 - 32,SINGLE VEHICLE,STRAIGHT & LEVEL,DARK-HWY LIGHTED/ON,,,7/26/2021 8:07:54 AM,False,5303,Accepted,
28410010,0568000,LOUISVILLE METRO POLICE DEPT,Accepted,JEFFERSON,KY1447,,WESTPORT,RD,,I 0265,I265 S EXIT33 OFF RAMP TO KY1447,,,,,38.297866067,-85.547768732,6.709,7/24/2021 12:00:00 AM,0337,1,1,0,0,CLEAR,DRY,False,COLLISION WITH FIXED OBJECT IN INTERSECTION - FIRST EVENT COLLISION 09 - 32,SINGLE VEHICLE,STRAIGHT & LEVEL,DARK-HWY LIGHTED/ON,,,7/26/2021 8:07:50 AM,False,5155,Accepted,
28410019,0568000,LOUISVILLE METRO POLICE DEPT,Accepted,JEFFERSON,I 0064,,I64 E,,,,,,,,,38.221843601,-85.481638828,20.228,7/24/2021 12:00:00 AM,0330,1,1,0,1,CLEAR,DRY,False,OTHER COLLISIONS ON SHOULDER,SINGLE VEHICLE,STRAIGHT & LEVEL,DARK-HWY NOT LIGHTED,,,7/26/2021 8:08:32 AM,False,5128,Accepted,
28404285,0561000,JEFFERSONTOWN POLICE DEPT,Accepted,JEFFERSON,I 0064,,I64 W,,,,,I 0064,I64 W EXIT17 ON RAMP FROM KY913 S,I 0064,I64 W EXIT15 OFF RAMP FROM KY1747,38.222876486,-85.566692808,15.538,7/24/2021 12:00:00 AM,0339,1,1,0,0,CLEAR,DRY,False,COLLISION WITH FIXED OBJECT NON - INTERSECTION - FIRST EVENT COLLISION 09 - 32 EXCLUDING 16,SINGLE VEHICLE,STRAIGHT & LEVEL,DARK-HWY LIGHTED/ON,,,7/24/2021 8:08:28 AM,False,8327,Accepted,
28407060,0560300,ST. MATTHEWS POLICE DEPARTMENT,Accepted,JEFFERSON,US0060,,SHELBYVILLE,RD,,,,,,,,38.250358603,-85.623503620,5.295,7/24/2021 12:00:00 AM,1030,2,2,0,0,CLEAR,DRY,False,OTHER ROADWAY OR MID-BLOCK COLLISION,REAR END,STRAIGHT & LEVEL,DAYLIGHT,,,7/25/2021 8:25:16 AM,False,9131,Accepted,
28410068,0568000,LOUISVILLE METRO POLICE DEPT,Accepted,JEFFERSON,I 0264,,I264 W,,,,,,,,,38.189053345,-85.782713976,9.268,7/24/2021 12:00:00 AM,0554,2,2,0,0,CLEAR,DRY,False,SIDESWIPE COLLISION - SAME DIRECTION,SIDESWIPE-SAME DIRECTION,STRAIGHT & LEVEL,DARK-HWY LIGHTED/ON,,,7/26/2021 8:12:03 AM,False,5316,Accepted,
28410083,0568000,LOUISVILLE METRO POLICE DEPT,Accepted,JEFFERSON,KY1931,,MANSLICK,RD,,,,,,,,38.178942039,-85.798815669,7.196,7/24/2021 12:00:00 AM,0759,2,2,0,1,CLEAR,DRY,False,1 VEHICLE ENTERING/LEAVING ENTRANCE,ANGLE,STRAIGHT & LEVEL,DAYLIGHT,,,7/26/2021 8:12:56 AM,False,5258,Accepted,
28410041,0568000,LOUISVILLE METRO POLICE DEPT,Accepted,JEFFERSON,,,MUHAMMAD ALI,BLVD,W,,28TH,,,,,38.255540244,-85.797267001,2.453,7/24/2021 12:00:00 AM,1026,2,2,0,2,CLEAR,DRY,False,ANGLE COLLISION - OTHER,ANGLE,STRAIGHT & LEVEL,DAYLIGHT,,,7/26/2021 8:09:52 AM,False,7479,Accepted,
28410043,0568000,LOUISVILLE METRO POLICE DEPT,Accepted,JEFFERSON,I 0265,,I265 S,,,,,,,,,38.307297593,-85.568698058,33.800,7/24/2021 12:00:00 AM,1714,1,1,0,0,CLEAR,DRY,False,COLLISION WITH FIXED OBJECT NON - INTERSECTION - FIRST EVENT COLLISION 09 - 32 EXCLUDING 16,SINGLE VEHICLE,STRAIGHT & LEVEL,DAYLIGHT,,,7/26/2021 8:09:56 AM,False,7876,Accepted,
28410058,0568000,LOUISVILLE METRO POLICE DEPT,Accepted,JEFFERSON,KY0061,8232,PRESTON,HWY,,,,,,,,38.132137872,-85.683265649,3.494,7/24/2021 12:00:00 AM,1722,2,2,0,0,CLEAR,DRY,False,1 VEHICLE ENTERING/LEAVING ENTRANCE,ANGLE,STRAIGHT & LEVEL,DAYLIGHT,,,7/26/2021 8:11:13 AM,False,5336,Accepted,
28410059,0568000,LOUISVILLE METRO POLICE DEPT,Accepted,JEFFERSON,,4629,DOVER,RD,,,,,,,,38.184407274,-85.844277004,1.494,7/24/2021 12:00:00 AM,2250,1,1,0,0,CLEAR,DRY,True,COLLISION WITH FIXED OBJECT NON - INTERSECTION - FIRST EVENT COLLISION 09 - 32 EXCLUDING 16,SINGLE VEHICLE,CURVE & LEVEL,DARK-HWY LIGHTED/ON,,,7/26/2021 8:11:26 AM,False,5298,Accepted,
28410067,0568000,LOUISVILLE METRO POLICE DEPT,Accepted,JEFFERSON,KY3082,,BANK,ST,,,,,29TH,,BANK,38.271349830,-85.796585541,0.749,7/24/2021 12:00:00 AM,2325,2,2,0,0,CLEAR,DRY,True,COLLISION WITH FIXED OBJECT NON - INTERSECTION - FIRST EVENT COLLISION 09 - 32 EXCLUDING 16,REAR END,STRAIGHT & LEVEL,DARK-HWY LIGHTED/ON,,,7/26/2021 8:11:59 AM,False,5021,Accepted,
28410036,0568000,LOUISVILLE METRO POLICE DEPT,Accepted,JEFFERSON,KY1865,,TAYLOR,BLVD,,,,,,,,38.188589335,-85.783475826,5.670,7/24/2021 12:00:00 AM,1504,3,3,0,2,CLEAR,DRY,False,REAR END IN TRAFFIC LANES BOTH VEHICLES MOVING,REAR END,STRAIGHT & LEVEL,DAYLIGHT,,,7/26/2021 8:09:44 AM,False,5287,Accepted,
28410117,0568000,LOUISVILLE METRO POLICE DEPT,Accepted,JEFFERSON,,,24TH,ST,N,,COLUMBIA,,,,,38.262270762,-85.789275705,0.138,7/24/2021 12:00:00 AM,2330,3,3,0,0,CLEAR,DRY,False,OPPOSITE DIRECTION - BOTH VEHICLES GOING STRAIGHT AHEAD,SIDESWIPE-OPPOSITE DIRECTION,STRAIGHT & LEVEL,DARK-HWY LIGHTED/ON,,,7/26/2021 8:14:33 AM,False,5199,Accepted,
28410166,0568000,LOUISVILLE METRO POLICE DEPT,Accepted,JEFFERSON,KY1865,,NEW CUT,RD,,,,,STAR,KY1065,OUTER,38.126562254,-85.776095379,1.276,7/24/2021 12:00:00 AM,1309,2,2,0,0,CLEAR,DRY,False,OTHER ROADWAY OR MID-BLOCK COLLISION,REAR END,STRAIGHT & LEVEL,DAYLIGHT,,,7/26/2021 8:22:19 AM,False,7202,Accepted,
28410126,0568000,LOUISVILLE METRO POLICE DEPT,Accepted,JEFFERSON,I 0065,,I65 N EXIT130 TRANSIT,,,,,I 0065,I65 N EXIT130 ON RAMP FROM KY61,I 0065,I65 N EXIT131A RAMP TO I264 E,38.183849500,-85.722760401,0.548,7/24/2021 12:00:00 AM,1157,2,2,0,0,CLEAR,DRY,True,SIDESWIPE COLLISION - SAME DIRECTION,SIDESWIPE-SAME DIRECTION,STRAIGHT & LEVEL,DAYLIGHT,,,7/26/2021 8:15:09 AM,False,5027,Accepted,
28410128,0568000,LOUISVILLE METRO POLICE DEPT,Accepted,JEFFERSON,,,ST CATHERINE,ST,E,,,,,,,38.234924480,-85.743449565,0.636,7/24/2021 12:00:00 AM,0223,4,4,0,0,CLEAR,DRY,True,1 VEHICLE PARKED POSITION (NOT PARKING LOT/DRIVEWAY),REAR END,STRAIGHT & LEVEL,DARK-HWY LIGHTED/ON,,,7/26/2021 8:15:20 AM,False,5196,Accepted,
28410051,0568000,LOUISVILLE METRO POLICE DEPT,Accepted,JEFFERSON,,,4TH,ST,S,US0060A,WINKLER,,,,,38.210303744,-85.764717336,3.220,7/24/2021 12:00:00 AM,0145,2,2,0,0,CLEAR,DRY,False,ANGLE COLLISION - OTHER,ANGLE,STRAIGHT & LEVEL,DARK-HWY LIGHTED/ON,,,7/26/2021 8:10:20 AM,False,5316,Accepted,
28410060,0568000,LOUISVILLE METRO POLICE DEPT,Accepted,JEFFERSON,,,HILL,ST,E,,BURNETT,,,,,38.226114345,-85.750498381,0.209,7/24/2021 12:00:00 AM,0110,1,1,0,1,CLEAR,DRY,False,NON-COLLISION OBJECT COLLISION,SINGLE VEHICLE,CURVE & LEVEL,DARK-HWY LIGHTED/ON,,,7/26/2021 8:11:31 AM,False,5196,Accepted,
28470780,0568000,LOUISVILLE METRO POLICE DEPT,Accepted,JEFFERSON,,,VIRGINIA,AVE,,,32ND,,,,,38.238703103,-85.806987427,0.585,7/24/2021 12:00:00 AM,1201,2,2,0,1,CLEAR,DRY,False,SIDESWIPE-SAME DIRECTION,SIDESWIPE-SAME DIRECTION,STRAIGHT & LEVEL,DAYLIGHT,,,8/5/2021 8:07:48 AM,False,5272,Accepted,
28410114,0568000,LOUISVILLE METRO POLICE DEPT,Accepted,JEFFERSON,,,ALGONQUIN,PKWY,,,41ST,,,,,38.225954661,-85.823645785,0.061,7/24/2021 12:00:00 AM,1000,2,2,0,3,CLEAR,DRY,False,ANGLE COLLISION - OTHER,ANGLE,STRAIGHT & LEVEL,DAYLIGHT,,,7/26/2021 8:14:11 AM,False,5253,Accepted,
28410115,0568000,LOUISVILLE METRO POLICE DEPT,Accepted,JEFFERSON,,,STONESTREET,RD,,KY0841,GENE SNYDER,,,,,38.100334049,-85.825454069,2.332,7/24/2021 12:00:00 AM,2035,2,2,0,0,CLEAR,DRY,False,OTHER INTERSECTION COLLISIONS,REAR END,STRAIGHT & LEVEL,DAYLIGHT,,,7/26/2021 8:14:16 AM,False,7483,Accepted,
28410097,0568000,LOUISVILLE METRO POLICE DEPT,Accepted,JEFFERSON,,,ARLING,AVE,,,LANCASTER,,,,,38.174091059,-85.788795344,0.365,7/24/2021 12:00:00 AM,1539,2,2,0,1,CLEAR,DRY,False,SIDESWIPE-SAME DIRECTION,SIDESWIPE-SAME DIRECTION,STRAIGHT & GRADE,DAYLIGHT,,,7/26/2021 8:13:39 AM,False,2745,Accepted,
28410070,0568000,LOUISVILLE METRO POLICE DEPT,Accepted,JEFFERSON,KY2860,,GRINSTEAD,DR,,,,US0031E,BARDSTOWN,,CHEROKEE,38.239202028,-85.719649328,0.088,7/24/2021 12:00:00 AM,0306,2,2,0,1,CLEAR,DRY,False,1 VEHICLE ENTERING/LEAVING ENTRANCE,ANGLE,STRAIGHT & LEVEL,DARK-HWY LIGHTED/ON,,,7/26/2021 8:12:13 AM,False,5250,Accepted,
28410045,0568000,LOUISVILLE METRO POLICE DEPT,Accepted,JEFFERSON,KY1020,5516,NATIONAL,TPKE,,,,,,,,38.151014841,-85.763429929,5.520,7/24/2021 12:00:00 AM,1804,2,2,0,0,CLEAR,DRY,False,SIDESWIPE COLLISION - SAME DIRECTION,SIDESWIPE-SAME DIRECTION,STRAIGHT & LEVEL,DAYLIGHT,,,7/26/2021 8:10:01 AM,False,7483,Accepted,
28410054,0568000,LOUISVILLE METRO POLICE DEPT,Accepted,JEFFERSON,I 0264,,I264 E,,,I 0264,I264 E EXIT18 OFF RAMP TO KY1932,,,,,38.224842375,-85.643287755,17.461,7/24/2021 12:00:00 AM,2047,1,1,0,1,CLEAR,DRY,False,COLLISION WITH FIXED OBJECT IN INTERSECTION - FIRST EVENT COLLISION 09 - 32,SINGLE VEHICLE,STRAIGHT & LEVEL,DUSK,,,7/26/2021 8:10:43 AM,False,7049,Accepted,
28410055,0568000,LOUISVILLE METRO POLICE DEPT,Accepted,JEFFERSON,,,1ST,ST,S,,,,,,,38.237192518,-85.754869032,1.315,7/24/2021 12:00:00 AM,0411,2,2,0,3,CLEAR,DRY,True,OTHER ROADWAY OR MID-BLOCK COLLISION,OPPOSING LEFT TURN,STRAIGHT & LEVEL,DARK-HWY LIGHTED/ON,,,7/26/2021 8:10:54 AM,False,7376,Accepted,
28410030,0568000,LOUISVILLE METRO POLICE DEPT,Accepted,JEFFERSON,I 0264,,I264 W,,,,,,,,,38.189960589,-85.766380367,10.165,7/24/2021 12:00:00 AM,1305,2,2,0,0,CLEAR,DRY,False,REAR END IN TRAFFIC LANES BOTH VEHICLES MOVING,REAR END,STRAIGHT & LEVEL,DAYLIGHT,,,7/26/2021 8:09:09 AM,False,7872,Accepted,
28410013,0568000,LOUISVILLE METRO POLICE DEPT,Accepted,JEFFERSON,KY2860,,GRINSTEAD,DR,,,HILLIARD,,,,,38.240464786,-85.717033290,0.259,7/24/2021 12:00:00 AM,0011,1,1,0,0,CLEAR,DRY,False,COLLISION WITH FIXED OBJECT IN INTERSECTION - FIRST EVENT COLLISION 09 - 32,SINGLE VEHICLE,CURVE & LEVEL,DARK-HWY LIGHTED/ON,,,7/26/2021 8:08:04 AM,False,5197,Accepted,
28410040,0568000,LOUISVILLE METRO POLICE DEPT,Accepted,JEFFERSON,,,MUHAMMAD ALI,BLVD,W,,,,30TH,,32ND,38.256326945,-85.804305484,2.844,7/24/2021 12:00:00 AM,1012,2,2,0,0,CLEAR,DRY,False,1 VEHICLE PARKED POSITION (NOT PARKING LOT/DRIVEWAY),REAR END,STRAIGHT & LEVEL,DAYLIGHT,,,7/26/2021 8:09:48 AM,False,5341,Accepted,
28410048,0568000,LOUISVILLE METRO POLICE DEPT,Accepted,JEFFERSON,,,DUMESNIL,ST,,I 0264,I264 E EXIT3 ON RAMP FROM  HALE AVE,,,,,38.238325200,-85.816933572,0.160,7/24/2021 12:00:00 AM,1909,1,1,0,1,CLEAR,DRY,False,OTHER INTERSECTION COLLISIONS,SINGLE VEHICLE,STRAIGHT & LEVEL,DAYLIGHT,,,7/26/2021 8:10:06 AM,False,7309,Accepted,