IncidentID,AgencyORI,AgencyName,IncidentStatusDesc,County,RdwyNumber,Street,RoadwayName,StreetSfx,StreetDir,IntersectionRdwy,IntersectionRdwyName,BetweenStRdwy1,BetweenStRdwyName1,BetweenStRdwy2,BetweenStRdwyName2,Latitude,Longitude,Milepoint,CollisionDate,CollisionTime,UnitsInvolved,MotorVehiclesInvolved,NumberKilled,NumberInjured,Weather,RdwyConditionCode,HitandRun,DirAnalysisCode,MannerofCollision,RdwyCharacter,LightCondition,RampFromRdwyId,RampToRdwyId,AcceptedDate,IsSecondaryCollision,OwnerBadge,IncidentStatus,
28410005,0568000,LOUISVILLE METRO POLICE DEPT,Accepted,JEFFERSON,KY1447,9501,WESTPORT,RD,,,,,,,,38.293222268,-85.560424015,5.954,7/22/2021 12:00:00 AM,1700,2,2,0,0,CLEAR,DRY,True,SIDESWIPE COLLISION - OPPOSITE DIRECTION,SIDESWIPE-OPPOSITE DIRECTION,STRAIGHT & LEVEL,DAYLIGHT,,,7/26/2021 8:07:29 AM,False,2346,Accepted,
28409987,0568000,LOUISVILLE METRO POLICE DEPT,Accepted,JEFFERSON,I 0265,,I265 E,,,,,,,,,38.193340793,-85.508519602,23.444,7/22/2021 12:00:00 AM,1537,2,2,0,0,CLEAR,DRY,False,SIDESWIPE COLLISION - SAME DIRECTION,SIDESWIPE-SAME DIRECTION,STRAIGHT & LEVEL,DAYLIGHT,,,7/26/2021 8:05:48 AM,False,8278,Accepted,
28400296,0568000,LOUISVILLE METRO POLICE DEPT,Accepted,JEFFERSON,,5513,HUNT CLUB,LN,,,,,,,,38.143117395,-85.777245320,0.069,7/22/2021 12:00:00 AM,1145,2,2,0,0,CLEAR,DRY,False,VEHICLE BACKING NON INTERSECTION,BACKING,STRAIGHT & LEVEL,DAYLIGHT,,,7/23/2021 8:01:47 AM,False,7263,Accepted,
28400297,0568000,LOUISVILLE METRO POLICE DEPT,Accepted,JEFFERSON,KY0864,,POPLAR LEVEL,RD,,,,,,,,38.217738268,-85.726856348,13.230,7/22/2021 12:00:00 AM,1330,3,3,0,0,CLEAR,DRY,False,SIDESWIPE COLLISION - SAME DIRECTION,SIDESWIPE-SAME DIRECTION,STRAIGHT & LEVEL,DAYLIGHT,,,7/23/2021 8:01:57 AM,False,5335,Accepted,
28400304,0568000,LOUISVILLE METRO POLICE DEPT,Accepted,JEFFERSON,KY1747,,HURSTBOURNE,PKWY,S,KY1747,KY1747 CROSSOVER,,,,,38.162409706,-85.638951238,5.261,7/22/2021 12:00:00 AM,0102,1,1,0,0,CLEAR,DRY,False,COLLISION WITH FIXED OBJECT IN INTERSECTION - FIRST EVENT COLLISION 09 - 32,SINGLE VEHICLE,STRAIGHT & LEVEL,DAYLIGHT,,,7/23/2021 8:02:26 AM,False,2324,Accepted,
28400305,0568000,LOUISVILLE METRO POLICE DEPT,Accepted,JEFFERSON,KY0061,,PRESTON,HWY,,,,,TOWER,,OAKLAWN,38.150496588,-85.693413507,4.859,7/22/2021 12:00:00 AM,1458,2,2,0,2,CLEAR,DRY,False,OTHER ROADWAY OR MID-BLOCK COLLISION,REAR END,STRAIGHT & LEVEL,DAYLIGHT,,,7/23/2021 8:02:30 AM,False,2324,Accepted,
28400321,0568000,LOUISVILLE METRO POLICE DEPT,Accepted,JEFFERSON,,,LOWER HUNTERS,TRCE,,KY1934,GREENBELT,,,,,38.170140593,-85.875951393,2.523,7/22/2021 12:00:00 AM,1002,2,2,0,2,CLEAR,DRY,False,HEAD-ON COLLISION,HEAD ON,STRAIGHT & LEVEL,DAYLIGHT,,,7/23/2021 8:03:25 AM,False,7356,Accepted,
28400322,0568000,LOUISVILLE METRO POLICE DEPT,Accepted,JEFFERSON,,2203,UPPER HUNTERS,TRCE,,,,,,,,38.167535044,-85.837563370,0.512,7/22/2021 12:00:00 AM,1350,1,1,0,1,CLEAR,DRY,False,COLLISION WITH FIXED OBJECT NON - INTERSECTION - FIRST EVENT COLLISION 09 - 32 EXCLUDING 16,SINGLE VEHICLE,CURVE & LEVEL,DAYLIGHT,,,7/23/2021 8:03:28 AM,False,7356,Accepted,
28400329,0568000,LOUISVILLE METRO POLICE DEPT,Accepted,JEFFERSON,,,ST CATHERINE,ST,W,,1ST,,,,,38.236875262,-85.754929410,,7/22/2021 12:00:00 AM,1547,2,2,0,1,CLEAR,DRY,False,ANGLE COLLISION - OTHER,ANGLE,STRAIGHT & LEVEL,DAYLIGHT,,,7/23/2021 8:03:50 AM,False,7619,Accepted,
28400330,0568000,LOUISVILLE METRO POLICE DEPT,Accepted,JEFFERSON,,,BROADWAY,,W,,34TH,,,,,38.249952073,-85.808675406,1.082,7/22/2021 12:00:00 AM,1837,2,2,0,1,CLEAR,DRY,False,ANGLE COLLISION - OTHER,ANGLE,STRAIGHT & LEVEL,DAYLIGHT,,,7/23/2021 8:03:53 AM,False,5181,Accepted,
28457927,0568000,LOUISVILLE METRO POLICE DEPT,Accepted,JEFFERSON,KY1747,,HURSTBOURNE,PKWY,S,,AMBROSSE,,,,,38.193028241,-85.604714892,9.188,7/22/2021 12:00:00 AM,1650,3,3,0,0,CLEAR,DRY,False,ANGLE COLLISION - OTHER,ANGLE,STRAIGHT & LEVEL,DAYLIGHT,,,8/2/2021 8:36:23 AM,False,7200,Accepted,
28431028,0568000,LOUISVILLE METRO POLICE DEPT,Accepted,JEFFERSON,,,CHESTNUT,ST,E,,BROOK,,,,,38.248344159,-85.751843790,0.056,7/22/2021 12:00:00 AM,1715,2,2,0,0,CLEAR,DRY,False,OTHER INTERSECTION COLLISIONS,REAR END,STRAIGHT & LEVEL,DAYLIGHT,,,7/27/2021 8:03:32 AM,False,5344,Accepted,
28450174,0568000,LOUISVILLE METRO POLICE DEPT,Accepted,JEFFERSON,I 0264,,I264 W,,,,,,,,,38.200608145,-85.697573980,14.030,7/22/2021 12:00:00 AM,0747,3,1,0,0,CLEAR,DRY,False,REAR END IN TRAFFIC LANES BOTH VEHICLES MOVING,REAR END,STRAIGHT & HILLCREST,DAYLIGHT,,,7/30/2021 3:08:18 PM,True,4903,Accepted,
28450124,0568000,LOUISVILLE METRO POLICE DEPT,Accepted,JEFFERSON,I 0064,,I64 W,,,,,,,,,38.237245340,-85.663263196,10.098,7/21/2021 12:00:00 AM,1202,2,1,0,0,CLEAR,DRY,False,OTHER ROADWAY OR MID-BLOCK COLLISION,REAR END,STRAIGHT & LEVEL,DAYLIGHT,,,7/30/2021 3:01:16 PM,True,7751,Accepted,
28440782,0568000,LOUISVILLE METRO POLICE DEPT,Accepted,JEFFERSON,I 0264,,I264 W,,,I 0264,I264 W EXIT9 ON RAMP FROM KY1865,,,,,38.186967925,-85.791048175,8.783,7/21/2021 12:00:00 AM,2134,4,4,0,2,CLEAR,DRY,False,OTHER INTERSECTION COLLISIONS,REAR END,STRAIGHT & GRADE,DARK-HWY LIGHTED/ON,,,7/28/2021 8:16:50 AM,False,5139,Accepted,
28431063,0568000,LOUISVILLE METRO POLICE DEPT,Accepted,JEFFERSON,US0031E,,BARDSTOWN,RD,,,EMRICH,,,,,38.167982838,-85.603743607,7.146,7/21/2021 12:00:00 AM,2122,2,2,0,1,CLEAR,DRY,False,HEAD-ON COLLISION,HEAD ON,STRAIGHT & LEVEL,DARK-HWY NOT LIGHTED,,,7/27/2021 8:05:19 AM,False,5169,Accepted,
28457955,0568000,LOUISVILLE METRO POLICE DEPT,Accepted,JEFFERSON,,,BANK,ST,,US0150,22ND,,,,,38.266573323,-85.783584661,0.002,7/21/2021 12:00:00 AM,1432,2,2,0,2,RAINING,WET,False,HEAD-ON COLLISION,HEAD ON,STRAIGHT & LEVEL,DAYLIGHT,,,8/2/2021 8:38:14 AM,False,5354,Accepted,
28396255,0568000,LOUISVILLE METRO POLICE DEPT,Accepted,JEFFERSON,US0060,,SHELBYVILLE,RD,,,,,,,,38.233681221,-85.456547644,14.723,7/21/2021 12:00:00 AM,0935,2,2,0,0,CLEAR,DRY,False,REAR END IN TRAFFIC LANES BOTH VEHICLES MOVING,REAR END,CURVE & HILLCREST,DAYLIGHT,,,7/22/2021 7:48:49 AM,False,6532,Accepted,
28396262,0568000,LOUISVILLE METRO POLICE DEPT,Accepted,JEFFERSON,,,DELOR,AVE,,US0060A,EASTERN,,,,,38.217125716,-85.738537246,0.395,7/21/2021 12:00:00 AM,1340,2,2,0,0,CLEAR,DRY,False,ANGLE COLLISION - OTHER,ANGLE,STRAIGHT & LEVEL,DAYLIGHT,,,7/22/2021 7:49:12 AM,False,5384,Accepted,
28392151,0568000,LOUISVILLE METRO POLICE DEPT,Accepted,JEFFERSON,,,WARREN,AVE,,,EVELYN,,,,,38.196723871,-85.777054238,0.438,7/21/2021 12:00:00 AM,0333,2,2,0,0,CLEAR,DRY,True,COLLISION WITH PARKED VEHICLE,HEAD ON,STRAIGHT & LEVEL,DARK-HWY LIGHTED/ON,,,7/21/2021 7:48:52 AM,False,5205,Accepted,
28392152,0568000,LOUISVILLE METRO POLICE DEPT,Accepted,JEFFERSON,I 0265,,,,,,,,,,,38.186733207,-85.508191873,0.177,7/21/2021 12:00:00 AM,0602,2,2,0,0,CLEAR,DRY,False,OTHER RAMP RELATED COLLISIONS NOT LISTED ABOVE,REAR END,STRAIGHT & GRADE,DAYLIGHT,I 0265,KY0155,7/21/2021 7:48:55 AM,False,4903,Accepted,
28392153,0568000,LOUISVILLE METRO POLICE DEPT,Accepted,JEFFERSON,,,JEFFERSON,ST,E,,BROOK,,,,,38.253109601,-85.750396974,0.960,7/21/2021 12:00:00 AM,0510,2,2,0,0,CLEAR,DRY,False,ANGLE COLLISION - OTHER,ANGLE,STRAIGHT & LEVEL,DARK-HWY LIGHTED/ON,,,7/21/2021 7:48:58 AM,False,7325,Accepted,
28396256,0568000,LOUISVILLE METRO POLICE DEPT,Accepted,JEFFERSON,,,KRAMERS,LN,,KY1934,CANE RUN,,,,,38.201184751,-85.835165071,0.006,7/21/2021 12:00:00 AM,1018,2,2,0,0,CLEAR,DRY,False,ANGLE COLLISION - OTHER,ANGLE,STRAIGHT & LEVEL,DAYLIGHT,,,7/22/2021 7:48:52 AM,False,5208,Accepted,
28396269,0568000,LOUISVILLE METRO POLICE DEPT,Accepted,JEFFERSON,KY1727,8904,TERRY,RD,,,,,,,,38.125523931,-85.874546366,0.261,7/21/2021 12:00:00 AM,1949,2,2,0,1,CLEAR,DRY,False,1 VEHICLE ENTERING/LEAVING ENTRANCE,ANGLE,STRAIGHT & LEVEL,DAYLIGHT,,,7/22/2021 7:49:36 AM,False,7166,Accepted,
28396252,0568000,LOUISVILLE METRO POLICE DEPT,Accepted,JEFFERSON,US0060,,SHELBYVILLE,RD,,,ARLINGTON MEADOWS,,,,,38.236236735,-85.430549633,16.188,7/21/2021 12:00:00 AM,0749,2,2,0,1,CLEAR,DRY,False,OPPOSING LEFT TURN,OPPOSING LEFT TURN,STRAIGHT & HILLCREST,DAYLIGHT,,,7/22/2021 7:48:39 AM,False,5102,Accepted,
28396260,0568000,LOUISVILLE METRO POLICE DEPT,Accepted,JEFFERSON,KY1020,,SOUTHSIDE,DR,,,GHEENS,,,,,38.167997423,-85.764727371,6.746,7/21/2021 12:00:00 AM,1324,2,2,0,0,CLEAR,DRY,False,ANGLE COLLISION - OTHER,ANGLE,STRAIGHT & LEVEL,DAYLIGHT,,,7/22/2021 7:49:05 AM,False,5371,Accepted,
28396261,0568000,LOUISVILLE METRO POLICE DEPT,Accepted,JEFFERSON,I 0064,,I64 E,,,,,,,,,38.236988383,-85.662373872,10.315,7/21/2021 12:00:00 AM,1202,2,2,0,0,CLEAR,DRY,False,OTHER ROADWAY OR MID-BLOCK COLLISION,REAR END,STRAIGHT & LEVEL,DAYLIGHT,,,7/22/2021 7:49:08 AM,False,7751,Accepted,
28400295,0568000,LOUISVILLE METRO POLICE DEPT,Accepted,JEFFERSON,,10015,MITCHELL HILL,RD,,,,,,,,38.104700482,-85.759920106,0.067,7/21/2021 12:00:00 AM,1844,2,2,0,0,CLEAR,DRY,False,1 VEHICLE ENTERING/LEAVING ENTRANCE,ANGLE,CURVE & LEVEL,DAYLIGHT,,,7/23/2021 8:01:44 AM,False,7252,Accepted,
28396267,0568000,LOUISVILLE METRO POLICE DEPT,Accepted,JEFFERSON,US0031E,1903,BARDSTOWN,RD,,,,,,,,38.227294936,-85.699249719,13.992,7/21/2021 12:00:00 AM,1820,2,2,0,0,CLEAR,DRY,False,1 VEHICLE PARKED POSITION (NOT PARKING LOT/DRIVEWAY),REAR END,STRAIGHT & LEVEL,DAYLIGHT,,,7/22/2021 7:49:29 AM,False,5330,Accepted,
28396274,0568000,LOUISVILLE METRO POLICE DEPT,Accepted,JEFFERSON,KY1865,4807,NEW CUT,RD,,,,,,,,38.169197282,-85.781030139,4.299,7/21/2021 12:00:00 AM,1728,2,2,0,0,CLEAR,DRY,False,REAR END IN TRAFFIC LANES BOTH VEHICLES MOVING,REAR END,STRAIGHT & LEVEL,DAYLIGHT,,,7/22/2021 7:49:49 AM,False,7427,Accepted,
28396257,0568000,LOUISVILLE METRO POLICE DEPT,Accepted,JEFFERSON,KY1865,,NEW CUT,RD,,KY0907,SOUTHSIDE,,,,,38.145890044,-85.775289501,2.673,7/21/2021 12:00:00 AM,1000,2,2,0,1,CLEAR,DRY,False,ANGLE COLLISION - OTHER,ANGLE,STRAIGHT & LEVEL,DAYLIGHT,,,7/22/2021 7:48:55 AM,False,7263,Accepted,
28396258,0568000,LOUISVILLE METRO POLICE DEPT,Accepted,JEFFERSON,,,EASTSIDE,DR,,,CHIMNEY ROCK,,,,,38.208610378,-85.612290631,0.852,7/21/2021 12:00:00 AM,1122,2,2,0,0,CLEAR,DRY,False,ANGLE COLLISION - OTHER,ANGLE,STRAIGHT & LEVEL,DAYLIGHT,,,7/22/2021 7:48:58 AM,False,4693,Accepted,
28396259,0568000,LOUISVILLE METRO POLICE DEPT,Accepted,JEFFERSON,,1043,LAVISTA,WAY,,,,,,,,38.145978822,-85.695374222,0.233,7/21/2021 12:00:00 AM,1430,2,2,0,0,CLEAR,DRY,False,1 VEHICLE ENTERING/LEAVING ENTRANCE,ANGLE,STRAIGHT & LEVEL,DAYLIGHT,,,7/22/2021 7:49:02 AM,False,5026,Accepted,
28409923,0568000,LOUISVILLE METRO POLICE DEPT,Accepted,JEFFERSON,,,BROADWAY,,W,,,,34TH,,32ND,38.249854124,-85.806822525,1.014,7/21/2021 12:00:00 AM,1820,2,1,0,1,CLEAR,DRY,False,COLLISION WITH BICYCLIST NON INTERSECTION,SINGLE VEHICLE,STRAIGHT & LEVEL,DAYLIGHT,,,7/26/2021 8:04:41 AM,False,7058,Accepted,
28409918,0568000,LOUISVILLE METRO POLICE DEPT,Accepted,JEFFERSON,KY0864,,LOGAN,ST,,,MARY,,,,,38.234211503,-85.739805470,14.690,7/21/2021 12:00:00 AM,1802,2,2,0,0,CLEAR,DRY,False,ANGLE COLLISION - OTHER,ANGLE,STRAIGHT & LEVEL,DAYLIGHT,,,7/26/2021 8:04:04 AM,False,5120,Accepted,
28400298,0568000,LOUISVILLE METRO POLICE DEPT,Accepted,JEFFERSON,I 0065,,I65 S,,,,,,,,,38.210700115,-85.753123052,132.800,7/21/2021 12:00:00 AM,1119,2,2,0,0,CLEAR,DRY,False,SIDESWIPE COLLISION - SAME DIRECTION,SIDESWIPE-SAME DIRECTION,CURVE & GRADE,DAYLIGHT,,,7/23/2021 8:02:00 AM,False,8278,Accepted,
28396263,0568000,LOUISVILLE METRO POLICE DEPT,Accepted,JEFFERSON,,,JOHNSONTOWN,RD,,US0031W,DIXIE,,,,,38.121198730,-85.855773672,0.005,7/21/2021 12:00:00 AM,1233,2,2,0,0,CLEAR,DRY,False,HEAD-ON COLLISION,HEAD ON,STRAIGHT & LEVEL,DAYLIGHT,,,7/22/2021 7:49:16 AM,False,5385,Accepted,
28400316,0568000,LOUISVILLE METRO POLICE DEPT,Accepted,JEFFERSON,I 0065,,I65 N,,,,,,,,,38.215321791,-85.752178185,133.125,7/21/2021 12:00:00 AM,0848,3,3,0,2,CLEAR,DRY,False,SIDESWIPE COLLISION - SAME DIRECTION,SIDESWIPE-SAME DIRECTION,STRAIGHT & LEVEL,DAYLIGHT,,,7/23/2021 8:03:07 AM,False,5384,Accepted,
28400300,0568000,LOUISVILLE METRO POLICE DEPT,Accepted,JEFFERSON,KY1020,,SOUTHERN,PKWY,,,,,,,,38.198167860,-85.766885844,8.955,7/21/2021 12:00:00 AM,1409,2,2,0,0,CLEAR,DRY,False,1 VEHICLE ENTERING/LEAVING ENTRANCE,ANGLE,STRAIGHT & LEVEL,DAYLIGHT,,,7/23/2021 8:02:04 AM,False,8278,Accepted,
28396264,0568000,LOUISVILLE METRO POLICE DEPT,Accepted,JEFFERSON,,,ALANADALE,DR,,,,,,,,38.109351198,-85.865641535,0.003,7/21/2021 12:00:00 AM,1339,2,2,0,1,CLEAR,DRY,False,REAR END IN TRAFFIC LANES BOTH VEHICLES MOVING,REAR END,STRAIGHT & LEVEL,DAYLIGHT,,,7/22/2021 7:49:20 AM,False,5385,Accepted,
28396265,0568000,LOUISVILLE METRO POLICE DEPT,Accepted,JEFFERSON,KY1447,,WESTPORT,RD,,,,,NORTHUMBERLAND,,LAKE LOUISVILLA,38.305083181,-85.520375331,8.247,7/21/2021 12:00:00 AM,1741,2,2,0,2,CLEAR,DRY,False,HEAD-ON COLLISION,HEAD ON,CURVE & LEVEL,DAYLIGHT,,,7/22/2021 7:49:23 AM,False,7316,Accepted,
28400331,0568000,LOUISVILLE METRO POLICE DEPT,Accepted,JEFFERSON,US0031W,,DIXIE,HWY,,,HILLVIEW,,,,,38.131578550,-85.847209238,10.608,7/21/2021 12:00:00 AM,2227,2,2,0,0,CLEAR,DRY,False,REAR END - ONE VEHICLE TURNING LEFT,REAR END,STRAIGHT & LEVEL,DARK-HWY LIGHTED/ON,,,7/23/2021 8:03:56 AM,False,5170,Accepted,
28457931,0568000,LOUISVILLE METRO POLICE DEPT,Accepted,JEFFERSON,US0150,,DR W J HODGE,ST,,US0031W,MAIN,,,,,38.259795790,-85.784676936,0.764,7/21/2021 12:00:00 AM,2030,2,2,0,0,CLEAR,DRY,False,SIDESWIPE-SAME DIRECTION,SIDESWIPE-SAME DIRECTION,STRAIGHT & LEVEL,DAYLIGHT,,,8/2/2021 8:36:37 AM,False,5306,Accepted,
29417590,0568000,LOUISVILLE METRO POLICE DEPT,Accepted,JEFFERSON,,,26TH,ST,S,,MARKET,,,,,38.259505396,-85.793739891,0.086,7/21/2021 12:00:00 AM,,1,1,0,0,CLEAR,DRY,True,COLLISION WITH FIXED OBJECT IN INTERSECTION - FIRST EVENT COLLISION 09 - 32,SINGLE VEHICLE,STRAIGHT & LEVEL,DARK-HWY LIGHTED/ON,,,12/13/2021 8:32:46 AM,False,5199,Accepted,
28567974,0568000,LOUISVILLE METRO POLICE DEPT,Accepted,JEFFERSON,KY1865,,TAYLOR,BLVD,,,BEECHER,,,,,38.191669425,-85.783230082,5.875,7/21/2021 12:00:00 AM,2125,2,2,0,0,CLEAR,DRY,False,OTHER INTERSECTION COLLISIONS,REAR END,STRAIGHT & LEVEL,OTHER,,,8/27/2021 7:25:37 AM,False,5382,Accepted,
28409919,0568000,LOUISVILLE METRO POLICE DEPT,Accepted,JEFFERSON,KY1934,,CANE RUN,RD,,,CRUMS,,,,,38.195475099,-85.842517262,8.791,7/20/2021 12:00:00 AM,1347,2,2,0,1,CLOUDY,DRY,False,ANGLE COLLISION - OTHER,ANGLE,STRAIGHT & LEVEL,DAYLIGHT,,,7/26/2021 8:04:08 AM,False,5253,Accepted,
28409983,0568000,LOUISVILLE METRO POLICE DEPT,Accepted,JEFFERSON,US0031W,,DIXIE,HWY,,,,KY1849,MOORMAN,US0031W,US31W RAMP FROM KY1934,38.088758708,-85.877950707,7.189,7/20/2021 12:00:00 AM,1704,2,2,0,1,CLEAR,DRY,True,REAR END IN TRAFFIC LANES BOTH VEHICLES MOVING,REAR END,STRAIGHT & LEVEL,DAYLIGHT,,,7/26/2021 8:05:28 AM,False,2098,Accepted,
28409991,0568000,LOUISVILLE METRO POLICE DEPT,Accepted,JEFFERSON,I 0064,,,,,,,,,,,38.236331404,-85.618816508,0.548,7/20/2021 12:00:00 AM,1626,2,2,0,0,CLEAR,DRY,False,OTHER RAMP RELATED COLLISIONS NOT LISTED ABOVE,SIDESWIPE-SAME DIRECTION,CURVE & GRADE,DAYLIGHT,I 0064,I 0064,7/26/2021 8:06:04 AM,False,8278,Accepted,
28409992,0568000,LOUISVILLE METRO POLICE DEPT,Accepted,JEFFERSON,I 0264,,I264 W,,,,,,,,,38.215455859,-85.663489506,16.186,7/20/2021 12:00:00 AM,1711,2,2,0,1,CLEAR,DRY,False,REAR END IN TRAFFIC LANES BOTH VEHICLES MOVING,REAR END,STRAIGHT & LEVEL,DAYLIGHT,,,7/26/2021 8:06:10 AM,False,8278,Accepted,
28404327,0560400,SHIVELY POLICE DEPARTMENT,Accepted,JEFFERSON,US0031W,,DIXIE,HWY,,KY2051,ROCKFORD,,,,,38.174367073,-85.823403802,13.837,7/20/2021 12:00:00 AM,0722,2,2,0,0,CLEAR,DRY,False,SIDESWIPE-SAME DIRECTION,SIDESWIPE-SAME DIRECTION,STRAIGHT & LEVEL,DAYLIGHT,,,7/24/2021 8:37:20 AM,False,7134,Accepted,
28396268,0568000,LOUISVILLE METRO POLICE DEPT,Accepted,JEFFERSON,,,FREEDOM,WAY,,,PHILLIPS,,,,,38.193561846,-85.739574205,0.333,7/20/2021 12:00:00 AM,1800,2,2,0,0,CLOUDY,DRY,False,OPPOSING LEFT TURN,OPPOSING LEFT TURN,STRAIGHT & LEVEL,DAYLIGHT,,,7/22/2021 7:49:32 AM,False,2745,Accepted,
28409980,0568000,LOUISVILLE METRO POLICE DEPT,Accepted,JEFFERSON,,,4TH,ST,S,,ST CATHERINE,,,,,38.237412161,-85.759905945,1.338,7/20/2021 12:00:00 AM,1436,1,1,0,0,CLEAR,DRY,False,COLLISION WITH FIXED OBJECT IN INTERSECTION - FIRST EVENT COLLISION 09 - 32,SINGLE VEHICLE,STRAIGHT & LEVEL,DAYLIGHT,,,7/26/2021 8:05:16 AM,False,7132,Accepted,
28392138,0568000,LOUISVILLE METRO POLICE DEPT,Accepted,JEFFERSON,,,COOPER CHAPEL,RD,,,,,PENNSYLVANIA RUN,,BATES,38.110661199,-85.624338581,3.030,7/20/2021 12:00:00 AM,1421,2,2,0,0,CLEAR,DRY,False,1 VEHICLE PARKED POSITION (NOT PARKING LOT/DRIVEWAY),SIDESWIPE-SAME DIRECTION,STRAIGHT & LEVEL,DAYLIGHT,,,7/21/2021 7:48:03 AM,False,2324,Accepted,
28392140,0568000,LOUISVILLE METRO POLICE DEPT,Accepted,JEFFERSON,,,CAPLE,AVE,,,MORGAN,,,,,38.101782039,-85.759281302,0.235,7/20/2021 12:00:00 AM,1738,1,1,0,0,CLEAR,DRY,False,COLLISION WITH FIXED OBJECT IN INTERSECTION - FIRST EVENT COLLISION 09 - 32,SINGLE VEHICLE,STRAIGHT & LEVEL,DAYLIGHT,,,7/21/2021 7:48:11 AM,False,7202,Accepted,
28392146,0568000,LOUISVILLE METRO POLICE DEPT,Accepted,JEFFERSON,,,THORNBERRY,AVE,,,,,,,,38.204462041,-85.779323394,0.229,7/20/2021 12:00:00 AM,2201,2,2,0,2,CLEAR,DRY,True,1 VEHICLE ENTERING/LEAVING ENTRANCE,ANGLE,STRAIGHT & LEVEL,DARK-HWY LIGHTED/ON,,,7/21/2021 7:48:36 AM,False,7032,Accepted,
28392147,0568000,LOUISVILLE METRO POLICE DEPT,Accepted,JEFFERSON,,653,PHILLIPS,LN,,,,,,,,38.190802249,-85.744807045,0.407,7/20/2021 12:00:00 AM,2300,1,1,0,0,CLEAR,DRY,False,COLLISION WITH FIXED OBJECT NON - INTERSECTION - FIRST EVENT COLLISION 09 - 32 EXCLUDING 16,SINGLE VEHICLE,STRAIGHT & LEVEL,DUSK,,,7/21/2021 7:48:39 AM,False,5316,Accepted,
28388932,0568000,LOUISVILLE METRO POLICE DEPT,Accepted,JEFFERSON,,,PARK,BLVD,,,,,,,,38.193818242,-85.755560895,0.345,7/20/2021 12:00:00 AM,0647,1,1,0,1,CLEAR,DRY,False,COLLISION WITH FIXED OBJECT NON - INTERSECTION - FIRST EVENT COLLISION 09 - 32 EXCLUDING 16,SINGLE VEHICLE,STRAIGHT & LEVEL,DAWN,,,7/20/2021 2:36:15 PM,False,7872,Accepted,
28388939,0568000,LOUISVILLE METRO POLICE DEPT,Accepted,JEFFERSON,,,COUNT FLEET,DR,,,OMAR KHAYYAM,,,,,38.114830121,-85.872416806,0.177,7/20/2021 12:00:00 AM,0733,2,2,0,0,CLEAR,DRY,False,ANGLE COLLISION - OTHER,ANGLE,STRAIGHT & LEVEL,DAYLIGHT,,,7/20/2021 2:36:36 PM,False,7144,Accepted,
28388940,0568000,LOUISVILLE METRO POLICE DEPT,Accepted,JEFFERSON,KY2048,,DUTCHMANS,LN,,KY2048,CANNONS,,,,,38.225953977,-85.650568161,0.485,7/20/2021 12:00:00 AM,0812,3,3,0,0,CLOUDY,DRY,False,OTHER INTERSECTION COLLISIONS,REAR END,STRAIGHT & LEVEL,DAYLIGHT,,,7/20/2021 2:36:39 PM,False,4903,Accepted,
28392141,0568000,LOUISVILLE METRO POLICE DEPT,Accepted,JEFFERSON,,,MUHAMMAD ALI,BLVD,W,,5TH,,,,,38.251320170,-85.759150216,0.364,7/20/2021 12:00:00 AM,1320,2,2,0,0,CLEAR,DRY,False,ANGLE COLLISION - OTHER,ANGLE,STRAIGHT & LEVEL,DAYLIGHT,,,7/21/2021 7:48:15 AM,False,2128,Accepted,
28388938,0568000,LOUISVILLE METRO POLICE DEPT,Accepted,JEFFERSON,KY0155,,TAYLORSVILLE,RD,,US0031E,BARDSTOWN,,,,,38.223003688,-85.684702425,16.541,7/20/2021 12:00:00 AM,0759,2,2,0,1,CLEAR,DRY,False,ANGLE COLLISION - OTHER,ANGLE,STRAIGHT & LEVEL,DAYLIGHT,,,7/20/2021 2:36:32 PM,False,7570,Accepted,
28388946,0568000,LOUISVILLE METRO POLICE DEPT,Accepted,JEFFERSON,I 0264,,,,,,,,,,,38.249651633,-85.617414061,0.133,7/20/2021 12:00:00 AM,1300,2,2,0,1,CLEAR,DRY,False,OTHER RAMP RELATED COLLISIONS NOT LISTED ABOVE,ANGLE,STRAIGHT & LEVEL,DAYLIGHT,I 0264,US0060,7/20/2021 2:37:03 PM,False,7358,Accepted,
28388945,0568000,LOUISVILLE METRO POLICE DEPT,Accepted,JEFFERSON,I 0065,,,,,,,,,,,38.187066180,-85.726072254,0.834,7/20/2021 12:00:00 AM,1218,2,2,0,2,CLEAR,DRY,False,SIDESWIPE COLLISION - SAME DIRECTION,SIDESWIPE-SAME DIRECTION,STRAIGHT & LEVEL,DAYLIGHT,,,7/20/2021 2:36:59 PM,False,7628,Accepted,
28392137,0568000,LOUISVILLE METRO POLICE DEPT,Accepted,JEFFERSON,,,MUHAMMAD ALI,BLVD,W,US0031W,22ND,,,,,38.254457955,-85.787314094,1.906,7/20/2021 12:00:00 AM,1711,2,2,0,0,CLEAR,DRY,False,COLLISION WITH PARKED VEHICLE,SIDESWIPE-SAME DIRECTION,STRAIGHT & LEVEL,DAYLIGHT,,,7/21/2021 7:48:00 AM,False,7805,Accepted,