IncidentID,AgencyORI,AgencyName,IncidentStatusDesc,County,RdwyNumber,Street,RoadwayName,StreetSfx,StreetDir,IntersectionRdwy,IntersectionRdwyName,BetweenStRdwy1,BetweenStRdwyName1,BetweenStRdwy2,BetweenStRdwyName2,Latitude,Longitude,Milepoint,CollisionDate,CollisionTime,UnitsInvolved,MotorVehiclesInvolved,NumberKilled,NumberInjured,Weather,RdwyConditionCode,HitandRun,DirAnalysisCode,MannerofCollision,RdwyCharacter,LightCondition,RampFromRdwyId,RampToRdwyId,AcceptedDate,IsSecondaryCollision,OwnerBadge,IncidentStatus,
28467079,0568000,LOUISVILLE METRO POLICE DEPT,Accepted,JEFFERSON,KY1703,2505,NEWBURG,RD,,,,,FOREST HILL,,SYLVAN,38.212025263,-85.697044934,3.152,7/20/2021 12:00:00 AM,2327,1,1,0,0,CLEAR,DRY,False,COLLISION WITH FIXED OBJECT NON - INTERSECTION - FIRST EVENT COLLISION 09 - 32 EXCLUDING 16,SINGLE VEHICLE,CURVE & GRADE,DARK-HWY LIGHTED/ON,,,8/4/2021 11:34:02 AM,False,2034,Accepted,
28392136,0568000,LOUISVILLE METRO POLICE DEPT,Accepted,JEFFERSON,US0031W,,DIXIE,HWY,,,,,PAGES,,HILLVIEW,38.130583174,-85.847581357,10.537,7/20/2021 12:00:00 AM,1623,2,2,0,2,CLEAR,DRY,False,1 VEHICLE ENTERING/LEAVING ENTRANCE,ANGLE,STRAIGHT & LEVEL,DAYLIGHT,,,7/21/2021 7:47:54 AM,False,5379,Accepted,
28392142,0568000,LOUISVILLE METRO POLICE DEPT,Accepted,JEFFERSON,KY1703,3100,NEWBURG,RD,,,,,,,,38.204318148,-85.692033287,2.497,7/20/2021 12:00:00 AM,1235,2,2,0,0,CLEAR,DRY,False,OTHER ROADWAY OR MID-BLOCK COLLISION,REAR END,STRAIGHT & LEVEL,DAYLIGHT,,,7/21/2021 7:48:23 AM,False,2217,Accepted,
28388944,0568000,LOUISVILLE METRO POLICE DEPT,Accepted,JEFFERSON,KY0864,,POPLAR LEVEL,RD,,,MERCER,,,,,38.201383139,-85.709687180,11.748,7/20/2021 12:00:00 AM,1112,2,2,0,5,CLOUDY,DRY,False,ANGLE COLLISION - OTHER,ANGLE,STRAIGHT & LEVEL,DAYLIGHT,,,7/20/2021 2:36:54 PM,False,4693,Accepted,
28392144,0568000,LOUISVILLE METRO POLICE DEPT,Accepted,JEFFERSON,,,15TH,ST,S,,BRECKINRIDGE,,,,,38.243724454,-85.777218865,1.273,7/20/2021 12:00:00 AM,1903,2,2,0,3,CLEAR,DRY,False,ANGLE COLLISION - ONE VEHICLE TURNING LEFT,ANGLE,STRAIGHT & LEVEL,DAYLIGHT,,,7/21/2021 7:48:30 AM,False,5179,Accepted,
28392145,0568000,LOUISVILLE METRO POLICE DEPT,Accepted,JEFFERSON,US0060A,,EASTERN,PKWY,,,,,,,,38.214595833,-85.743113948,4.550,7/20/2021 12:00:00 AM,1129,2,2,0,0,CLEAR,DRY,False,1 VEHICLE ENTERING/LEAVING ENTRANCE,ANGLE,STRAIGHT & LEVEL,DAYLIGHT,,,7/21/2021 7:48:33 AM,False,5258,Accepted,
28392154,0568000,LOUISVILLE METRO POLICE DEPT,Accepted,JEFFERSON,KY1020,,SOUTHSIDE,DR,,,KINGSTON,,,,,38.172810807,-85.764700025,7.086,7/20/2021 12:00:00 AM,0419,2,2,0,2,CLEAR,DRY,False,ANGLE COLLISION - OTHER,ANGLE,STRAIGHT & LEVEL,DUSK,,,7/21/2021 7:49:01 AM,False,5324,Accepted,
28458562,0568000,LOUISVILLE METRO POLICE DEPT,Accepted,JEFFERSON,KY2052,,SHEPHERDSVILLE,RD,,,MILE OF SUNSHINE,,,,,38.150426965,-85.659840553,0.814,7/20/2021 12:00:00 AM,0702,2,1,0,0,CLEAR,DRY,False,ANGLE COLLISION - ONE VEHICLE TURNING LEFT,ANGLE,STRAIGHT & LEVEL,DAYLIGHT,,,8/2/2021 10:54:40 AM,False,5203,Accepted,
28387772,0568000,LOUISVILLE METRO POLICE DEPT,Accepted,JEFFERSON,KY0864,,POPLAR LEVEL,RD,,,RANGELAND,,,,,38.167335728,-85.681697946,8.885,7/20/2021 12:00:00 AM,0005,2,2,0,0,CLEAR,DRY,False,OPPOSITE DIRECTION - BOTH VEHICLES GOING STRAIGHT AHEAD,SIDESWIPE-OPPOSITE DIRECTION,STRAIGHT & LEVEL,DARK-HWY LIGHTED/ON,,,7/20/2021 8:04:08 AM,False,5332,Accepted,
28462004,0568000,LOUISVILLE METRO POLICE DEPT,Accepted,JEFFERSON,I 0264,,I264 E,,,I 0264,I264 E EXIT9 OFF RAMP TO KY1865,,,,,38.185791922,-85.804585320,7.944,7/20/2021 12:00:00 AM,2048,4,4,0,1,CLEAR,DRY,False,OTHER INTERSECTION COLLISIONS,REAR END,STRAIGHT & LEVEL,DAYLIGHT,,,8/3/2021 8:20:23 AM,True,5205,Accepted,
28410731,0560000,JEFFERSON COUNTY SHERIFF DEPT.,Accepted,JEFFERSON,US0031W,,DIXIE,HWY,,,LOWER HUNTERS,,,,,38.155906018,-85.834575317,12.425,7/20/2021 12:00:00 AM,1001,2,2,0,0,CLOUDY,DRY,False,OTHER INTERSECTION COLLISIONS,REAR END,STRAIGHT & LEVEL,DAYLIGHT,,,7/26/2021 10:20:59 AM,False,3419,Accepted,
28410032,0568000,LOUISVILLE METRO POLICE DEPT,Accepted,JEFFERSON,,,WASHINGTON,ST,E,,1ST,,,,,38.256918541,-85.751320471,0.009,7/20/2021 12:00:00 AM,0134,1,1,0,0,CLEAR,DRY,False,COLLISION WITH FIXED OBJECT IN INTERSECTION - FIRST EVENT COLLISION 09 - 32,SINGLE VEHICLE,STRAIGHT & GRADE,DAYLIGHT,,,7/26/2021 8:09:29 AM,False,2661,Accepted,
28384966,0561000,JEFFERSONTOWN POLICE DEPT,Accepted,JEFFERSON,I 0064,,I64 E,,,,,I 0064,I64 E EXIT15 ON RAMP FROM KY1747,I 0064,I64 E EXIT17 OFF RAMP TO KY913,38.223602038,-85.548434896,16.671,7/19/2021 12:00:00 AM,1254,2,2,0,0,CLOUDY,DRY,False,REAR END IN TRAFFIC LANES BOTH VEHICLES MOVING,REAR END,STRAIGHT & LEVEL,DAYLIGHT,,,7/19/2021 2:34:38 PM,False,8278,Accepted,
28387731,0568000,LOUISVILLE METRO POLICE DEPT,Accepted,JEFFERSON,,,4TH,ST,S,,ST CATHERINE,,,,,38.237451774,-85.759939436,1.334,7/19/2021 12:00:00 AM,1211,2,1,0,1,CLEAR,DRY,True,COLLISION WITH PEDESTRIAN IN INTERSECTION,SINGLE VEHICLE,STRAIGHT & LEVEL,DAYLIGHT,,,7/20/2021 8:02:03 AM,False,7132,Accepted,
28387733,0568000,LOUISVILLE METRO POLICE DEPT,Accepted,JEFFERSON,,,HALE,AVE,,US0031W,DR W J HODGE,,,,,38.238241698,-85.788436077,0.556,7/19/2021 12:00:00 AM,1448,2,2,0,0,CLOUDY,DRY,False,VEHICLE BACKING IN INTERSECTION,BACKING,STRAIGHT & LEVEL,DAYLIGHT,,,7/20/2021 8:02:15 AM,False,7523,Accepted,
28387741,0568000,LOUISVILLE METRO POLICE DEPT,Accepted,JEFFERSON,,,INDIAN,TRL,E,,PETERSBURG,,,,,38.184158837,-85.666145095,2.566,7/19/2021 12:00:00 AM,1033,2,2,0,0,CLEAR,DRY,False,ANGLE COLLISION - OTHER,ANGLE,STRAIGHT & LEVEL,DAYLIGHT,,,7/20/2021 8:02:42 AM,False,7319,Accepted,
28387750,0568000,LOUISVILLE METRO POLICE DEPT,Accepted,JEFFERSON,US0060,,SHELBYVILLE,RD,,,BECKLEY STATION,,,,,38.238925835,-85.488325995,12.897,7/19/2021 12:00:00 AM,2217,3,3,0,0,CLEAR,DRY,False,ANGLE COLLISION - OTHER,ANGLE,STRAIGHT & LEVEL,DARK-HWY NOT LIGHTED,,,7/20/2021 8:03:42 AM,False,5337,Accepted,
28387756,0568000,LOUISVILLE METRO POLICE DEPT,Accepted,JEFFERSON,US0031W,,MAIN,ST,W,,20TH,,,,,38.259555792,-85.783003341,20.481,7/19/2021 12:00:00 AM,2200,2,2,0,0,CLEAR,DRY,True,ANGLE COLLISION - OTHER,ANGLE,STRAIGHT & LEVEL,DARK-HWY LIGHTED/ON,,,7/20/2021 8:03:55 AM,False,5199,Accepted,
28387757,0568000,LOUISVILLE METRO POLICE DEPT,Accepted,JEFFERSON,KY0061,8106,PRESTON,HWY,,,,,,,,38.134660455,-85.684688266,3.655,7/19/2021 12:00:00 AM,2032,2,2,0,1,CLEAR,DRY,False,1 VEHICLE ENTERING/LEAVING ENTRANCE,ANGLE,STRAIGHT & LEVEL,DUSK,,,7/20/2021 8:03:58 AM,False,5336,Accepted,
28387758,0568000,LOUISVILLE METRO POLICE DEPT,Accepted,JEFFERSON,KY1065,,OUTER,LOOP,,I 0065,I65 N EXIT127 ON RAMP FROM KY1065,,,,,38.136988977,-85.706822645,4.927,7/19/2021 12:00:00 AM,2147,3,3,0,0,CLEAR,DRY,False,OTHER INTERSECTION COLLISIONS,REAR END,STRAIGHT & HILLCREST,DARK-HWY LIGHTED/ON,,,7/20/2021 8:04:02 AM,False,5336,Accepted,
28384713,0561000,JEFFERSONTOWN POLICE DEPT,Accepted,JEFFERSON,KY0913,2400,BLANKENBAKER,PKWY,,,,,,,,38.206968518,-85.538598840,1.704,7/19/2021 12:00:00 AM,0835,2,2,0,0,CLEAR,DRY,False,COLLISION IN PARKING LOT,REAR END,STRAIGHT & LEVEL,DAYLIGHT,,,7/19/2021 1:50:34 PM,False,8300,Accepted,
28385878,0561000,JEFFERSONTOWN POLICE DEPT,Accepted,JEFFERSON,KY1819,,BILLTOWN,RD,,,FAIRGROUND,,,,,38.173167190,-85.572978116,7.666,7/19/2021 12:00:00 AM,1117,2,2,0,0,CLEAR,DRY,False,OTHER INTERSECTION COLLISIONS,REAR END,STRAIGHT & LEVEL,DAYLIGHT,,,7/19/2021 6:13:41 PM,False,8287,Accepted,
28387755,0568000,LOUISVILLE METRO POLICE DEPT,Accepted,JEFFERSON,,,LOWER HUNTERS,TRCE,,,,,UPPER HUNTERS,,TAHIA,38.157156636,-85.845122114,0.580,7/19/2021 12:00:00 AM,1730,2,2,0,0,CLEAR,DRY,True,SIDESWIPE COLLISION - SAME DIRECTION,SIDESWIPE-SAME DIRECTION,STRAIGHT & LEVEL,DAYLIGHT,,,7/20/2021 8:03:52 AM,False,5211,Accepted,
28457935,0568000,LOUISVILLE METRO POLICE DEPT,Accepted,JEFFERSON,KY1934,,CANE RUN,RD,,,MARGEE,,,,,38.192620306,-85.846376868,8.514,7/19/2021 12:00:00 AM,0605,2,2,0,0,CLEAR,DRY,False,OTHER INTERSECTION COLLISIONS,REAR END,STRAIGHT & LEVEL,DAWN,,,8/2/2021 8:36:55 AM,False,5325,Accepted,
28387745,0568000,LOUISVILLE METRO POLICE DEPT,Accepted,JEFFERSON,KY0841,,GENE SNYDER,FWY,,,,,,,,38.093592721,-85.874935013,0.048,7/19/2021 12:00:00 AM,1456,2,2,0,0,CLEAR,DRY,False,REAR END IN TRAFFIC LANES BOTH VEHICLES MOVING,REAR END,STRAIGHT & GRADE,DAYLIGHT,,,7/20/2021 8:03:12 AM,False,5379,Accepted,
28387754,0568000,LOUISVILLE METRO POLICE DEPT,Accepted,JEFFERSON,,7506,YORKTOWN,RD,,,,,,,,38.135516737,-85.760184284,0.527,7/19/2021 12:00:00 AM,1015,2,2,0,0,CLEAR,DRY,True,1 VEHICLE PARKED POSITION (NOT PARKING LOT/DRIVEWAY),ANGLE,CURVE & LEVEL,DARK-HWY NOT LIGHTED,,,7/20/2021 8:03:49 AM,False,5220,Accepted,
28383908,0568000,LOUISVILLE METRO POLICE DEPT,Accepted,JEFFERSON,KY1819,,BILLTOWN,RD,,,EASUM,,,,,38.163829613,-85.566915597,6.921,7/19/2021 12:00:00 AM,0840,1,1,0,0,CLEAR,DRY,False,OTHER INTERSECTION COLLISIONS,SINGLE VEHICLE,CURVE & LEVEL,DAYLIGHT,,,7/19/2021 10:33:59 AM,False,7465,Accepted,
28387734,0568000,LOUISVILLE METRO POLICE DEPT,Accepted,JEFFERSON,KY0864,,POPLAR LEVEL,RD,,,POPLAR LEVEL,,,,,38.164091223,-85.679303552,8.618,7/19/2021 12:00:00 AM,1527,2,2,0,0,CLEAR,DRY,False,ANGLE COLLISION - OTHER,ANGLE,STRAIGHT & LEVEL,DAYLIGHT,,,7/20/2021 8:02:19 AM,False,7431,Accepted,
28383384,0568000,LOUISVILLE METRO POLICE DEPT,Accepted,JEFFERSON,US0031E,1043,BARDSTOWN,RD,,,,,,,,38.239970230,-85.723825966,15.620,7/19/2021 12:00:00 AM,0100,2,2,0,0,CLEAR,DRY,False,1 VEHICLE PARKED POSITION (NOT PARKING LOT/DRIVEWAY),ANGLE,STRAIGHT & LEVEL,DARK-HWY LIGHTED/ON,,,7/19/2021 8:15:53 AM,False,5330,Accepted,
28383389,0568000,LOUISVILLE METRO POLICE DEPT,Accepted,JEFFERSON,US0031W,,DIXIE,HWY,,,FLOWERVALE,,,,,38.085341806,-85.879796843,6.939,7/19/2021 12:00:00 AM,0545,2,2,0,0,CLEAR,DRY,True,OTHER INTERSECTION COLLISIONS,REAR END,STRAIGHT & LEVEL,DAWN,,,7/19/2021 8:16:10 AM,False,7295,Accepted,
28383392,0568000,LOUISVILLE METRO POLICE DEPT,Accepted,JEFFERSON,KY1020,212,TENNY,AVE,W,,,,,,,38.176881831,-85.766716676,7.454,7/19/2021 12:00:00 AM,0328,2,2,0,0,CLEAR,DRY,True,1 VEHICLE ENTERING/LEAVING ENTRANCE,ANGLE,STRAIGHT & LEVEL,DARK-HWY LIGHTED/ON,,,7/19/2021 8:17:33 AM,False,5337,Accepted,
28387742,0568000,LOUISVILLE METRO POLICE DEPT,Accepted,JEFFERSON,KY3064,,PORTLAND,AVE,,,24TH,,,,,38.270051933,-85.787138480,0.276,7/19/2021 12:00:00 AM,0957,2,2,0,0,CLEAR,DRY,False,SIDESWIPE-SAME DIRECTION,SIDESWIPE-SAME DIRECTION,STRAIGHT & LEVEL,DAYLIGHT,,,7/20/2021 8:02:47 AM,False,5124,Accepted,
28409921,0568000,LOUISVILLE METRO POLICE DEPT,Accepted,JEFFERSON,US0031E,,BARDSTOWN,RD,,,GLADSTONE,,,,,38.218579337,-85.678389465,12.662,7/19/2021 12:00:00 AM,1100,2,2,0,0,CLEAR,DRY,False,ANGLE COLLISION - OTHER,ANGLE,STRAIGHT & LEVEL,DAYLIGHT,,,7/26/2021 8:04:19 AM,False,7793,Accepted,
28409993,0568000,LOUISVILLE METRO POLICE DEPT,Accepted,JEFFERSON,,2400B,4TH,ST,S,,,,,,,38.212913642,-85.764185053,3.040,7/19/2021 12:00:00 AM,1528,2,2,0,2,CLEAR,DRY,False,1 VEHICLE ENTERING/LEAVING ENTRANCE,ANGLE,STRAIGHT & LEVEL,DAYLIGHT,,,7/26/2021 8:06:14 AM,False,7398,Accepted,
28410729,0560000,JEFFERSON COUNTY SHERIFF DEPT.,Accepted,JEFFERSON,KY1230,4413,CANE RUN,RD,,,,,,,,38.119513813,-85.896780436,2.883,7/19/2021 12:00:00 AM,1711,2,2,0,0,CLEAR,DRY,False,REAR END IN TRAFFIC LANES BOTH VEHICLES MOVING,REAR END,STRAIGHT & LEVEL,DAYLIGHT,,,7/26/2021 10:20:52 AM,False,4057,Accepted,
28410034,0568000,LOUISVILLE METRO POLICE DEPT,Accepted,JEFFERSON,US0150,,BROADWAY,,W,US0031W,DR W J HODGE,,,,,38.249229430,-85.786534655,0.821,7/19/2021 12:00:00 AM,1245,2,2,0,1,CLEAR,DRY,False,ANGLE COLLISION - OTHER,ANGLE,STRAIGHT & GRADE,DAYLIGHT,,,7/26/2021 8:09:40 AM,False,2661,Accepted,
28949648,0565000,LYNDON POLICE DEPARTMENT,Accepted,JEFFERSON,I 0064,,,,,,,,,,,38.224586346,-85.578463379,0.010,7/19/2021 12:00:00 AM,0920,2,2,0,1,CLEAR,DRY,True,OTHER RAMP RELATED COLLISIONS NOT LISTED ABOVE,REAR END,STRAIGHT & LEVEL,DAYLIGHT,I 0064,KY1747,10/25/2021 4:13:02 PM,False,1349,Accepted,
28581522,0568000,LOUISVILLE METRO POLICE DEPT,Accepted,JEFFERSON,,4100,BROWNSBORO,RD,,,,,,,,38.280541892,-85.633586979,0.009,7/19/2021 12:00:00 AM,1435,2,2,0,0,CLEAR,DRY,False,REAR END IN TRAFFIC LANES BOTH VEHICLES MOVING,REAR END,STRAIGHT & LEVEL,DAYLIGHT,,,8/31/2021 7:45:52 AM,False,2738,Accepted,
28400334,0568000,LOUISVILLE METRO POLICE DEPT,Accepted,JEFFERSON,KY2052,,SHEPHERDSVILLE,RD,,,,,,,,38.164492150,-85.659853879,1.772,7/18/2021 12:00:00 AM,2138,3,3,0,2,CLEAR,DRY,False,REAR END IN TRAFFIC LANES BOTH VEHICLES MOVING,REAR END,STRAIGHT & LEVEL,DARK-HWY LIGHTED/ON,,,7/23/2021 8:04:06 AM,False,5222,Accepted,
28401102,0560400,SHIVELY POLICE DEPARTMENT,Accepted,JEFFERSON,I 0264,,I264 E,,,,,,,,,38.185192178,-85.811804012,7.549,7/18/2021 12:00:00 AM,1152,3,3,0,4,CLEAR,DRY,False,REAR END IN TRAFFIC LANES BOTH VEHICLES MOVING,REAR END,STRAIGHT & LEVEL,DAYLIGHT,,,7/23/2021 11:11:36 AM,False,7108,Accepted,
28400292,0568000,LOUISVILLE METRO POLICE DEPT,Accepted,JEFFERSON,,,FOREMAN,LN,,,BOST,,,,,38.130205581,-85.694462929,0.389,7/18/2021 12:00:00 AM,0143,1,1,0,1,CLEAR,DRY,False,OTHER INTERSECTION COLLISIONS,SINGLE VEHICLE,CURVE & LEVEL,DARK-HWY NOT LIGHTED,,,7/23/2021 8:01:31 AM,False,6886,Accepted,
28457941,0568000,LOUISVILLE METRO POLICE DEPT,Accepted,JEFFERSON,US0031E,,BARDSTOWN,RD,,,,,,,,38.219483518,-85.679558951,12.756,7/18/2021 12:00:00 AM,2345,2,2,0,0,CLEAR,DRY,True,OTHER ROADWAY OR MID-BLOCK COLLISION,OPPOSING LEFT TURN,STRAIGHT & HILLCREST,DARK-HWY LIGHTED/ON,,,8/2/2021 8:37:17 AM,False,5104,Accepted,
28383380,0568000,LOUISVILLE METRO POLICE DEPT,Accepted,JEFFERSON,,,MCDEANE,RD,,,,,,,,38.173171386,-85.816778695,0.010,7/18/2021 12:00:00 AM,1240,2,2,0,0,CLOUDY,DRY,True,REAR END IN TRAFFIC LANES BOTH VEHICLES MOVING,REAR END,STRAIGHT & LEVEL,DAYLIGHT,,,7/19/2021 8:15:35 AM,False,7667,Accepted,
28400327,0568000,LOUISVILLE METRO POLICE DEPT,Accepted,JEFFERSON,,,ST XAVIER,ST,,,,,,,,38.269698636,-85.796135802,0.749,7/18/2021 12:00:00 AM,1821,1,1,0,0,CLEAR,DRY,False,COLLISION WITH FIXED OBJECT NON - INTERSECTION - FIRST EVENT COLLISION 09 - 32 EXCLUDING 16,SINGLE VEHICLE,STRAIGHT & LEVEL,DAYLIGHT,,,7/23/2021 8:03:42 AM,False,5344,Accepted,
28400312,0568000,LOUISVILLE METRO POLICE DEPT,Accepted,JEFFERSON,US0060A,,WINKLER,AVE,,,4TH,,,,,38.210341348,-85.764671769,3.071,7/18/2021 12:00:00 AM,1802,2,2,0,2,CLEAR,DRY,True,OTHER INTERSECTION COLLISIONS,REAR END,STRAIGHT & LEVEL,DAYLIGHT,,,7/23/2021 8:02:59 AM,False,5384,Accepted,
28383383,0568000,LOUISVILLE METRO POLICE DEPT,Accepted,JEFFERSON,,11604,MITCHELL HILL,RD,,,,,,,,38.082265650,-85.768493933,1.749,7/18/2021 12:00:00 AM,0654,1,1,0,1,CLEAR,DRY,False,COLLISION WITH ANIMAL NON INTERSECTION,SINGLE VEHICLE,STRAIGHT & LEVEL,DAWN,,,7/19/2021 8:15:49 AM,False,5321,Accepted,
28383367,0568000,LOUISVILLE METRO POLICE DEPT,Accepted,JEFFERSON,,,LOWER HUNTERS,TRCE,,,,,,,,38.156248643,-85.835598892,0.061,7/18/2021 12:00:00 AM,1608,2,2,0,0,CLEAR,DRY,False,1 VEHICLE ENTERING/LEAVING ENTRANCE,ANGLE,STRAIGHT & LEVEL,DAYLIGHT,,,7/19/2021 8:14:37 AM,False,7244,Accepted,
28383373,0568000,LOUISVILLE METRO POLICE DEPT,Accepted,JEFFERSON,I 0264,,I264 E,,,,,,,,,38.185838387,-85.804542468,7.947,7/18/2021 12:00:00 AM,1710,2,2,0,0,CLEAR,DRY,True,REAR END IN TRAFFIC LANES BOTH VEHICLES MOVING,REAR END,STRAIGHT & LEVEL,DAYLIGHT,,,7/19/2021 8:14:53 AM,False,5302,Accepted,
28383374,0568000,LOUISVILLE METRO POLICE DEPT,Accepted,JEFFERSON,,,35TH,ST,S,,,,DOERHOEFER,,BROADWAY,38.247884516,-85.809950933,0.714,7/18/2021 12:00:00 AM,1500,3,3,0,0,CLEAR,DRY,True,HEAD-ON COLLISION,HEAD ON,STRAIGHT & LEVEL,DAYLIGHT,,,7/19/2021 8:14:56 AM,False,2469,Accepted,
28383375,0568000,LOUISVILLE METRO POLICE DEPT,Accepted,JEFFERSON,US0150,,21ST,ST,N,US0031W,MAIN,,,,,38.259681492,-85.784715747,0.757,7/18/2021 12:00:00 AM,1730,2,2,0,1,CLEAR,DRY,False,ANGLE COLLISION - OTHER,ANGLE,STRAIGHT & LEVEL,DAYLIGHT,,,7/19/2021 8:15:00 AM,False,7463,Accepted,
28383381,0568000,LOUISVILLE METRO POLICE DEPT,Accepted,JEFFERSON,KY1931,,MANSLICK,RD,,,,,,,,38.182431699,-85.799655651,7.458,7/18/2021 12:00:00 AM,1518,2,2,0,0,CLOUDY,DRY,False,REAR END IN TRAFFIC LANES BOTH VEHICLES MOVING,REAR END,STRAIGHT & LEVEL,DAYLIGHT,,,7/19/2021 8:15:41 AM,False,7667,Accepted,
28383350,0568000,LOUISVILLE METRO POLICE DEPT,Accepted,JEFFERSON,,,HILL,ST,W,,9TH,,,,,38.226898315,-85.770187727,0.726,7/18/2021 12:00:00 AM,0415,2,2,0,2,CLEAR,DRY,False,HEAD-ON COLLISION,HEAD ON,STRAIGHT & LEVEL,DARK-HWY LIGHTED/ON,,,7/19/2021 8:13:48 AM,False,5239,Accepted,
28383358,0568000,LOUISVILLE METRO POLICE DEPT,Accepted,JEFFERSON,,,CHESTNUT,ST,W,,,,4TH,,5TH,38.249020148,-85.758197087,2.346,7/18/2021 12:00:00 AM,1241,2,2,0,0,CLOUDY,DRY,False,1 VEHICLE PARKED POSITION (NOT PARKING LOT/DRIVEWAY),SIDESWIPE-SAME DIRECTION,STRAIGHT & LEVEL,DAYLIGHT,,,7/19/2021 8:14:16 AM,False,7937,Accepted,
28383364,0568000,LOUISVILLE METRO POLICE DEPT,Accepted,JEFFERSON,KY1703,,NEWBURG,RD,,,INDIAN,,,,,38.184584793,-85.665417787,0.498,7/18/2021 12:00:00 AM,1213,2,2,0,0,CLEAR,DRY,False,ANGLE COLLISION - ONE VEHICLE TURNING LEFT,ANGLE,STRAIGHT & LEVEL,DAYLIGHT,,,7/19/2021 8:14:30 AM,False,7383,Accepted,
28388942,0568000,LOUISVILLE METRO POLICE DEPT,Accepted,JEFFERSON,,,RIVER,RD,,,,,FRANKFORT,,ADAMS,38.263706631,-85.727871783,1.095,7/18/2021 12:00:00 AM,0616,1,1,0,0,CLEAR,DRY,True,COLLISION IN PARKING LOT,SINGLE VEHICLE,STRAIGHT & LEVEL,DAYLIGHT,,,7/20/2021 2:36:47 PM,False,7058,Accepted,
28383388,0568000,LOUISVILLE METRO POLICE DEPT,Accepted,JEFFERSON,KY1020,,NATIONAL,TPKE,,KY1065,OUTER,,,,,38.127037789,-85.749024348,3.668,7/18/2021 12:00:00 AM,2257,2,2,0,1,CLEAR,DRY,False,ANGLE COLLISION - OTHER,ANGLE,STRAIGHT & LEVEL,DARK-HWY LIGHTED/ON,,,7/19/2021 8:16:06 AM,False,5170,Accepted,
28396251,0568000,LOUISVILLE METRO POLICE DEPT,Accepted,JEFFERSON,I 0264,,I264 W,,,,,I 0065,I264 W EXIT12 OFF RAMP TO,I 0264,I264 W EXIT14 ON RAMP FROM KY864,38.191330606,-85.716655664,12.798,7/18/2021 12:00:00 AM,1810,2,2,0,0,CLEAR,DRY,False,SIDESWIPE COLLISION - SAME DIRECTION,SIDESWIPE-SAME DIRECTION,CURVE & GRADE,DAYLIGHT,,,7/22/2021 7:48:33 AM,False,7383,Accepted,
28409982,0568000,LOUISVILLE METRO POLICE DEPT,Accepted,JEFFERSON,US0031W,,DIXIE,HWY,,,,,VESPER,KY0907,VALLEY STATION,38.106976808,-85.867154859,8.582,7/18/2021 12:00:00 AM,1357,2,2,0,1,CLOUDY,DRY,False,REAR END IN TRAFFIC LANES BOTH VEHICLES MOVING,REAR END,STRAIGHT & LEVEL,DAYLIGHT,,,7/26/2021 8:05:25 AM,False,2098,Accepted,
28431037,0568000,LOUISVILLE METRO POLICE DEPT,Accepted,JEFFERSON,,3739,PAMELA RAE,DR,,,,,,,,38.300970032,-85.542040972,,7/18/2021 12:00:00 AM,0900,1,1,0,0,CLEAR,DRY,True,COLLISION IN PARKING LOT,SINGLE VEHICLE,STRAIGHT & GRADE,DAYLIGHT,,,7/27/2021 8:03:39 AM,False,7615,Accepted,
28441493,0568000,LOUISVILLE METRO POLICE DEPT,Accepted,JEFFERSON,,,STRAWBERRY,LN,,KY1020,SOUTHSIDE,,,,,38.158111491,-85.764685202,0.001,7/18/2021 12:00:00 AM,2214,2,2,0,3,CLEAR,DRY,True,ANGLE COLLISION - OTHER,ANGLE,STRAIGHT & LEVEL,DARK-HWY LIGHTED/ON,,,7/28/2021 12:16:26 PM,False,7720,Accepted,
28383378,0568000,LOUISVILLE METRO POLICE DEPT,Accepted,JEFFERSON,US0031E,,BUECHEL,BYP,,,BUECHEL BANK,,,,,38.190671343,-85.647705991,10.039,7/18/2021 12:00:00 AM,1720,2,2,0,1,CLEAR,DRY,False,ANGLE COLLISION - ONE VEHICLE TURNING LEFT,ANGLE,STRAIGHT & LEVEL,DAYLIGHT,,,7/19/2021 8:15:20 AM,False,7864,Accepted,
28383379,0568000,LOUISVILLE METRO POLICE DEPT,Accepted,JEFFERSON,KY1747,,HURSTBOURNE,PKWY,S,,WATTBOURNE,,,,,38.185466716,-85.605994991,8.681,7/18/2021 12:00:00 AM,1848,2,2,0,0,CLEAR,DRY,False,ANGLE COLLISION - OTHER,ANGLE,STRAIGHT & LEVEL,DAYLIGHT,,,7/19/2021 8:15:24 AM,False,7864,Accepted,