IncidentID,AgencyORI,AgencyName,IncidentStatusDesc,County,RdwyNumber,Street,RoadwayName,StreetSfx,StreetDir,IntersectionRdwy,IntersectionRdwyName,BetweenStRdwy1,BetweenStRdwyName1,BetweenStRdwy2,BetweenStRdwyName2,Latitude,Longitude,Milepoint,CollisionDate,CollisionTime,UnitsInvolved,MotorVehiclesInvolved,NumberKilled,NumberInjured,Weather,RdwyConditionCode,HitandRun,DirAnalysisCode,MannerofCollision,RdwyCharacter,LightCondition,RampFromRdwyId,RampToRdwyId,AcceptedDate,IsSecondaryCollision,OwnerBadge,IncidentStatus,
28383385,0568000,LOUISVILLE METRO POLICE DEPT,Accepted,JEFFERSON,,3321,GOLDSMITH,LN,,,,,,,,38.211561432,-85.655180577,0.516,7/18/2021 12:00:00 AM,1856,2,2,0,1,CLEAR,DRY,False,1 VEHICLE ENTERING/LEAVING ENTRANCE,ANGLE,STRAIGHT & LEVEL,DAYLIGHT,,,7/19/2021 8:15:56 AM,False,5328,Accepted,
28383386,0568000,LOUISVILLE METRO POLICE DEPT,Accepted,JEFFERSON,,1053,ST CATHERINE,ST,E,,,,SWAN,,SCHILLER,38.234627268,-85.733805085,0.132,7/18/2021 12:00:00 AM,2049,2,2,0,0,CLEAR,DRY,True,1 VEHICLE PARKED POSITION (NOT PARKING LOT/DRIVEWAY),REAR END,STRAIGHT & LEVEL,DAYLIGHT,,,7/19/2021 8:16:00 AM,False,5204,Accepted,
28383387,0568000,LOUISVILLE METRO POLICE DEPT,Accepted,JEFFERSON,KY1747,,FERN VALLEY,RD,,,JEANINE,,,,,38.157874221,-85.688790872,2.384,7/18/2021 12:00:00 AM,2127,2,2,0,1,CLEAR,DRY,False,ANGLE COLLISION - OTHER,ANGLE,STRAIGHT & LEVEL,DARK-HWY LIGHTED/OFF,,,7/19/2021 8:16:03 AM,False,5115,Accepted,
28383354,0568000,LOUISVILLE METRO POLICE DEPT,Accepted,JEFFERSON,KY0146,,LA GRANGE,RD,,,LAKELAND,,,,,38.270220738,-85.554351085,4.030,7/18/2021 12:00:00 AM,0855,2,1,0,1,CLOUDY,DRY,False,COLLISION WITH BICYCLE IN INTERSECTION,SINGLE VEHICLE,STRAIGHT & LEVEL,DAYLIGHT,,,7/19/2021 8:14:02 AM,False,7316,Accepted,
28383369,0568000,LOUISVILLE METRO POLICE DEPT,Accepted,JEFFERSON,KY0864,,POPLAR LEVEL,RD,,,,,LINCOLN,,REDWOOD,38.197062879,-85.707838693,11.424,7/18/2021 12:00:00 AM,1628,2,2,0,0,CLEAR,DRY,False,1 VEHICLE ENTERING/LEAVING ENTRANCE,ANGLE,STRAIGHT & LEVEL,DAYLIGHT,,,7/19/2021 8:14:43 AM,False,7383,Accepted,
28383370,0568000,LOUISVILLE METRO POLICE DEPT,Accepted,JEFFERSON,KY0864,,POPLAR LEVEL,RD,,,INDIAN,,,,,38.171138925,-85.685159432,9.241,7/18/2021 12:00:00 AM,1544,2,2,0,0,CLOUDY,DRY,True,OPPOSING LEFT TURN,OPPOSING LEFT TURN,,DAYLIGHT,,,7/19/2021 8:14:47 AM,False,5373,Accepted,
28383371,0568000,LOUISVILLE METRO POLICE DEPT,Accepted,JEFFERSON,,,GRADE,LN,,,DON HUTSON,,,,,38.143403636,-85.738681191,3.094,7/18/2021 12:00:00 AM,1545,1,1,0,0,CLEAR,DRY,True,COLLISION WITH FIXED OBJECT IN INTERSECTION - FIRST EVENT COLLISION 09 - 32,SINGLE VEHICLE,STRAIGHT & LEVEL,DAYLIGHT,,,7/19/2021 8:14:50 AM,False,5026,Accepted,
28383377,0568000,LOUISVILLE METRO POLICE DEPT,Accepted,JEFFERSON,I 0265,,I265 N,,,,,,,,,38.300965680,-85.553654923,32.902,7/18/2021 12:00:00 AM,1810,1,1,0,0,CLEAR,DRY,False,OTHER ROADWAY OR MID-BLOCK COLLISION,SINGLE VEHICLE,STRAIGHT & LEVEL,DAYLIGHT,,,7/19/2021 8:15:12 AM,False,2013,Accepted,
28383352,0568000,LOUISVILLE METRO POLICE DEPT,Accepted,JEFFERSON,I 0265,,I265 S,,,,,I 0071,I71 S EXIT35A RAMP TO I71 N,I 0071,I71 N EXIT9A RAMP TO I265 E,38.313487532,-85.579652271,34.553,7/17/2021 12:00:00 AM,2005,2,2,0,0,CLEAR,DRY,True,SIDESWIPE COLLISION - SAME DIRECTION,SIDESWIPE-SAME DIRECTION,STRAIGHT & GRADE,DUSK,,,7/19/2021 8:13:59 AM,False,7159,Accepted,
28383326,0568000,LOUISVILLE METRO POLICE DEPT,Accepted,JEFFERSON,,,MUHAMMAD ALI,BLVD,W,,6TH,,,,,38.251519002,-85.760829791,0.453,7/17/2021 12:00:00 AM,1455,2,2,0,0,CLOUDY,DRY,False,ANGLE COLLISION - OTHER,ANGLE,STRAIGHT & LEVEL,DAYLIGHT,,,7/19/2021 8:11:36 AM,False,7937,Accepted,
28383338,0568000,LOUISVILLE METRO POLICE DEPT,Accepted,JEFFERSON,,9267,SMYRNA,PKWY,,,,,,,,38.113918797,-85.644279382,1.664,7/17/2021 12:00:00 AM,2150,2,2,0,0,CLEAR,DRY,True,COLLISION IN PARKING LOT,REAR TO REAR,STRAIGHT & LEVEL,OTHER,,,7/19/2021 8:12:52 AM,False,7106,Accepted,
28383343,0568000,LOUISVILLE METRO POLICE DEPT,Accepted,JEFFERSON,,,SMYRNA,PKWY,,,,,,,,38.119379716,-85.643500472,1.281,7/17/2021 12:00:00 AM,0233,2,2,0,0,CLEAR,DRY,False,HEAD-ON COLLISION,HEAD ON,STRAIGHT & LEVEL,DARK-HWY LIGHTED/ON,,,7/19/2021 8:13:19 AM,False,7670,Accepted,
28383344,0568000,LOUISVILLE METRO POLICE DEPT,Accepted,JEFFERSON,I 0264,,I264 W,,,,,,,,,38.190385397,-85.730657295,12.032,7/17/2021 12:00:00 AM,1853,6,6,0,0,CLEAR,DRY,False,OTHER ROADWAY OR MID-BLOCK COLLISION,REAR TO REAR,STRAIGHT & LEVEL,DAYLIGHT,,,7/19/2021 8:13:28 AM,False,7359,Accepted,
28383327,0568000,LOUISVILLE METRO POLICE DEPT,Accepted,JEFFERSON,US0150,,BROADWAY,,W,US0031W,DR W J HODGE,,,,,38.249187921,-85.786607072,0.821,7/17/2021 12:00:00 AM,1358,2,2,0,0,CLEAR,DRY,False,ANGLE COLLISION - OTHER,ANGLE,STRAIGHT & LEVEL,DAYLIGHT,,,7/19/2021 8:11:40 AM,False,5354,Accepted,
28383328,0568000,LOUISVILLE METRO POLICE DEPT,Accepted,JEFFERSON,KY1819,,BILLTOWN,RD,,KY1065,LOVERS,,,,,38.166214124,-85.569359895,7.138,7/17/2021 12:00:00 AM,1620,2,2,0,3,CLEAR,DRY,False,SIDESWIPE-SAME DIRECTION,SIDESWIPE-SAME DIRECTION,STRAIGHT & LEVEL,DAYLIGHT,,,7/19/2021 8:11:43 AM,False,6878,Accepted,
28383335,0568000,LOUISVILLE METRO POLICE DEPT,Accepted,JEFFERSON,KY2251,,KY2251 CROSSOVER,,,US0031E,BARDSTOWN,,,,,38.200243739,-85.662736938,0.025,7/17/2021 12:00:00 AM,1445,2,2,0,1,CLEAR,DRY,False,ANGLE COLLISION - OTHER,ANGLE,STRAIGHT & LEVEL,DAYLIGHT,,,7/19/2021 8:12:24 AM,False,7864,Accepted,
28383336,0568000,LOUISVILLE METRO POLICE DEPT,Accepted,JEFFERSON,KY0061,,JACKSON,ST,S,,,,,,,38.248372390,-85.745204595,12.513,7/17/2021 12:00:00 AM,1600,2,2,0,0,CLOUDY,DRY,False,OTHER ROADWAY OR MID-BLOCK COLLISION,OPPOSING LEFT TURN,STRAIGHT & LEVEL,DAYLIGHT,,,7/19/2021 8:12:35 AM,False,7904,Accepted,
28383312,0568000,LOUISVILLE METRO POLICE DEPT,Accepted,JEFFERSON,I 0065,,I65 N,,,,,,,,,38.126136454,-85.701870496,125.929,7/17/2021 12:00:00 AM,0550,2,2,0,0,RAINING,WET,True,REAR END IN TRAFFIC LANES BOTH VEHICLES MOVING,REAR END,STRAIGHT & LEVEL,DARK-HWY LIGHTED/ON,,,7/19/2021 8:10:21 AM,False,5198,Accepted,
28383301,0568000,LOUISVILLE METRO POLICE DEPT,Accepted,JEFFERSON,I 0264,,I264 E,,,,,I 0264,I264 E EXIT9 OFF RAMP TO KY1865,I 0264,I264 E EXIT8 ON RAMP FROM US31W N,38.186422268,-85.798225277,8.293,7/17/2021 12:00:00 AM,0053,2,1,0,1,CLOUDY,WET,False,COLLISION WITH PEDESTRIAN NON - INTERSECTION,SINGLE VEHICLE,STRAIGHT & LEVEL,DARK-HWY LIGHTED/ON,,,7/19/2021 8:10:01 AM,False,5319,Accepted,
28383345,0568000,LOUISVILLE METRO POLICE DEPT,Accepted,JEFFERSON,KY0155,,TAYLORSVILLE,RD,,,MCMAHAN,,,,,38.219480571,-85.619542083,12.986,7/17/2021 12:00:00 AM,2137,2,2,0,0,CLEAR,DRY,False,OTHER INTERSECTION COLLISIONS,REAR END,STRAIGHT & LEVEL,DARK (UNKNOWN ROADWAY LIGHTING),,,7/19/2021 8:13:32 AM,False,5342,Accepted,
28383346,0568000,LOUISVILLE METRO POLICE DEPT,Accepted,JEFFERSON,,9607,HUDSON,LN,,,,,MICHAEL EDWARD,,FAWNWOOD,38.169769238,-85.577263379,0.471,7/17/2021 12:00:00 AM,2310,2,2,0,0,CLOUDY,DRY,True,1 VEHICLE PARKED POSITION (NOT PARKING LOT/DRIVEWAY),HEAD ON,STRAIGHT & LEVEL,DARK-HWY LIGHTED/OFF,,,7/19/2021 8:13:35 AM,False,2775,Accepted,
28383309,0568000,LOUISVILLE METRO POLICE DEPT,Accepted,JEFFERSON,KY1865,,TAYLOR,BLVD,,,BLUEGRASS,,,,,38.179614868,-85.783276512,5.029,7/17/2021 12:00:00 AM,0008,4,4,0,0,CLOUDY,WET,False,SIDESWIPE-SAME DIRECTION,SIDESWIPE-SAME DIRECTION,STRAIGHT & LEVEL,DARK-HWY LIGHTED/ON,,,7/19/2021 8:10:08 AM,False,5337,Accepted,
28431062,0568000,LOUISVILLE METRO POLICE DEPT,Accepted,JEFFERSON,,240,PETERSON,AVE,S,,,,,,,38.250814942,-85.697408231,0.222,7/17/2021 12:00:00 AM,2315,2,2,0,0,CLEAR,DRY,False,1 VEHICLE PARKED POSITION (NOT PARKING LOT/DRIVEWAY),SIDESWIPE-SAME DIRECTION,STRAIGHT & LEVEL,DARK-HWY LIGHTED/ON,,,7/27/2021 8:05:13 AM,False,7488,Accepted,
28383410,0568000,LOUISVILLE METRO POLICE DEPT,Accepted,JEFFERSON,,,OAK,ST,E,,FLOYD,,,,,38.234199054,-85.751608970,0.199,7/17/2021 12:00:00 AM,0039,2,2,0,0,CLOUDY,WET,False,ANGLE COLLISION - ONE VEHICLE TURNING LEFT,ANGLE,STRAIGHT & LEVEL,DARK-HWY LIGHTED/ON,,,7/19/2021 8:23:24 AM,False,5230,Accepted,
28383368,0568000,LOUISVILLE METRO POLICE DEPT,Accepted,JEFFERSON,,,SMYRNA,PKWY,,,SMYRNA,,,,,38.127854743,-85.642744862,0.695,7/17/2021 12:00:00 AM,1542,2,2,0,3,CLEAR,DRY,False,ANGLE COLLISION - OTHER,ANGLE,STRAIGHT & LEVEL,DAYLIGHT,,,7/19/2021 8:14:40 AM,False,2959,Accepted,
28383376,0568000,LOUISVILLE METRO POLICE DEPT,Accepted,JEFFERSON,I 0264,,I264 W,,,I 0264,I264 W EXIT14 ON RAMP FROM KY864,,,,,38.193267717,-85.711645991,13.103,7/17/2021 12:00:00 AM,1516,2,2,0,0,CLEAR,DRY,False,OTHER INTERSECTION COLLISIONS,REAR END,STRAIGHT & LEVEL,DAYLIGHT,,,7/19/2021 8:15:04 AM,False,5384,Accepted,
28387749,0568000,LOUISVILLE METRO POLICE DEPT,Accepted,JEFFERSON,KY1934,,GREENBELT,HWY,,KY1931,GREENWOOD,,,,,38.146924493,-85.886368233,4.446,7/17/2021 12:00:00 AM,2147,2,2,0,1,CLEAR,DRY,False,ANGLE COLLISION - OTHER,ANGLE,STRAIGHT & LEVEL,DARK-HWY LIGHTED/ON,,,7/20/2021 8:03:38 AM,False,7992,Accepted,
28392150,0568000,LOUISVILLE METRO POLICE DEPT,Accepted,JEFFERSON,KY0155,4025,TAYLORSVILLE,RD,,,,,,,,38.219875856,-85.625306259,13.295,7/17/2021 12:00:00 AM,1352,2,2,0,0,CLEAR,DRY,False,COLLISION IN PARKING LOT,BACKING,STRAIGHT & LEVEL,DAYLIGHT,,,7/21/2021 7:48:49 AM,False,7851,Accepted,
28383356,0568000,LOUISVILLE METRO POLICE DEPT,Accepted,JEFFERSON,,,CONN,ST,,,GEORGETOWN,,,,,38.195928775,-85.793384444,0.565,7/17/2021 12:00:00 AM,1734,2,2,0,3,CLEAR,DRY,False,ANGLE COLLISION - OTHER,ANGLE,STRAIGHT & LEVEL,DAYLIGHT,,,7/19/2021 8:14:05 AM,False,5120,Accepted,
28383341,0568000,LOUISVILLE METRO POLICE DEPT,Accepted,JEFFERSON,,,THOR,AVE,,,VANGUARD,,,,,38.108650460,-85.694190399,0.269,7/17/2021 12:00:00 AM,2034,3,3,0,0,CLEAR,DRY,False,ANGLE COLLISION - OTHER,ANGLE,STRAIGHT & LEVEL,DAYLIGHT,,,7/19/2021 8:13:05 AM,False,5141,Accepted,
28383348,0568000,LOUISVILLE METRO POLICE DEPT,Accepted,JEFFERSON,,,BARBEE,WAY,N,KY0061,PRESTON,,,,,38.218781486,-85.747011735,0.229,7/17/2021 12:00:00 AM,1240,2,2,0,0,CLOUDY,DRY,False,VEHICLE BACKING IN INTERSECTION,BACKING,STRAIGHT & LEVEL,DAYLIGHT,,,7/19/2021 8:13:42 AM,False,7257,Accepted,
28383316,0568000,LOUISVILLE METRO POLICE DEPT,Accepted,JEFFERSON,US0031W,10700B,DIXIE,HWY,,,,,,,,38.097677069,-85.872726645,7.873,7/17/2021 12:00:00 AM,0008,2,2,0,1,RAINING,WET,False,1 VEHICLE ENTERING/LEAVING ENTRANCE,ANGLE,STRAIGHT & LEVEL,DARK-HWY LIGHTED/OFF,,,7/19/2021 8:10:35 AM,False,5121,Accepted,
28383324,0568000,LOUISVILLE METRO POLICE DEPT,Accepted,JEFFERSON,I 0265,,I265 W,,,,,I 0265,I265 W EXIT19 OFF RAMP TO KY1819,I 0265,I265 W EXIT23 ON RAMP FROM KY155,38.171316212,-85.517954199,21.727,7/17/2021 12:00:00 AM,1240,2,2,0,0,CLEAR,DRY,False,OTHER ROADWAY OR MID-BLOCK COLLISION,REAR TO REAR,STRAIGHT & LEVEL,DAYLIGHT,,,7/19/2021 8:11:29 AM,False,6878,Accepted,
28383333,0568000,LOUISVILLE METRO POLICE DEPT,Accepted,JEFFERSON,I 0265,,I265 E,,,,,,,,,38.144783102,-85.553792274,18.940,7/17/2021 12:00:00 AM,1625,3,3,0,0,CLEAR,DRY,False,REAR END IN TRAFFIC LANES BOTH VEHICLES MOVING,REAR END,STRAIGHT & LEVEL,DAYLIGHT,,,7/19/2021 8:12:04 AM,False,5363,Accepted,
28383334,0568000,LOUISVILLE METRO POLICE DEPT,Accepted,JEFFERSON,,,WALLACE,AVE,,,,,,,,38.223575264,-85.682727726,0.005,7/17/2021 12:00:00 AM,1331,2,2,0,1,CLOUDY,DRY,False,HEAD-ON COLLISION,HEAD ON,STRAIGHT & GRADE,DAYLIGHT,,,7/19/2021 8:12:13 AM,False,6813,Accepted,
28383339,0568000,LOUISVILLE METRO POLICE DEPT,Accepted,JEFFERSON,,,VORSTER,AVE,,,24TH,,,,,38.225941161,-85.798107687,0.315,7/17/2021 12:00:00 AM,2208,1,1,0,0,CLEAR,DRY,False,NON-COLLISION OBJECT COLLISION,SINGLE VEHICLE,CURVE & LEVEL,DARK-HWY LIGHTED/ON,,,7/19/2021 8:12:55 AM,False,5343,Accepted,
28383330,0568000,LOUISVILLE METRO POLICE DEPT,Accepted,JEFFERSON,,,7TH,ST,S,,HILL,,,,,38.226766626,-85.769017384,0.657,7/17/2021 12:00:00 AM,1647,2,2,0,1,CLOUDY,DRY,False,OTHER INTERSECTION COLLISIONS,REAR END,STRAIGHT & LEVEL,DAYLIGHT,,,7/19/2021 8:11:50 AM,False,5372,Accepted,
28383347,0568000,LOUISVILLE METRO POLICE DEPT,Accepted,JEFFERSON,I 0064,,I64 E,,,,,,,,,38.220825928,-85.455581617,21.636,7/17/2021 12:00:00 AM,2323,2,2,0,0,CLEAR,DRY,True,SIDESWIPE COLLISION - SAME DIRECTION,SIDESWIPE-SAME DIRECTION,STRAIGHT & HILLCREST,DARK-HWY NOT LIGHTED,,,7/19/2021 8:13:39 AM,False,5211,Accepted,
28388941,0568000,LOUISVILLE METRO POLICE DEPT,Accepted,JEFFERSON,US0031E,,MARKET,ST,E,,BROOK,,,,,38.254484752,-85.750192250,17.570,7/17/2021 12:00:00 AM,1548,1,1,0,1,CLEAR,DRY,False,COLLISION WITH FIXED OBJECT IN INTERSECTION - FIRST EVENT COLLISION 09 - 32,SINGLE VEHICLE,STRAIGHT & LEVEL,DAYLIGHT,,,7/20/2021 2:36:43 PM,False,7058,Accepted,
28396266,0568000,LOUISVILLE METRO POLICE DEPT,Accepted,JEFFERSON,,4309,WOODGATE,LN,,,,,,,,38.206796388,-85.625773003,0.126,7/17/2021 12:00:00 AM,1648,2,2,0,0,CLEAR,DRY,True,1 VEHICLE PARKED POSITION (NOT PARKING LOT/DRIVEWAY),SIDESWIPE-OPPOSITE DIRECTION,STRAIGHT & LEVEL,DAYLIGHT,,,7/22/2021 7:49:26 AM,False,7851,Accepted,
28448850,0568000,LOUISVILLE METRO POLICE DEPT,Accepted,JEFFERSON,KY1865,,TAYLOR,BLVD,,,BLUEGRASS,,,,,38.179725284,-85.783285305,5.023,7/17/2021 12:00:00 AM,2255,2,2,0,0,CLEAR,DRY,False,ANGLE COLLISION - OTHER,ANGLE,STRAIGHT & LEVEL,DARK-HWY LIGHTED/ON,,,7/30/2021 8:03:09 AM,False,5139,Accepted,
28541566,0568000,LOUISVILLE METRO POLICE DEPT,Accepted,JEFFERSON,I 0064,,I64 W,,,,,,,,,38.259038112,-85.752463107,4.583,7/17/2021 12:00:00 AM,0346,2,2,0,0,RAINING,WET,False,REAR END IN TRAFFIC LANES BOTH VEHICLES MOVING,REAR END,STRAIGHT & LEVEL,DARK-HWY LIGHTED/ON,,,8/20/2021 1:55:24 PM,False,5148,Accepted,
28396271,0568000,LOUISVILLE METRO POLICE DEPT,Accepted,JEFFERSON,I 0071,,I71 N,,,I 0264,I264 W,,,,,38.289830230,-85.648924468,4.916,7/17/2021 12:00:00 AM,1532,1,1,0,1,CLEAR,DRY,False,COLLISION WITH FIXED OBJECT IN INTERSECTION - FIRST EVENT COLLISION 09 - 32,SINGLE VEHICLE,CURVE & LEVEL,DAYLIGHT,,,7/22/2021 7:49:43 AM,False,2030,Accepted,
28522038,0568000,LOUISVILLE METRO POLICE DEPT,Accepted,JEFFERSON,,1106,GAGEL,AVE,,,,,,,,38.173118293,-85.812635380,0.548,7/17/2021 12:00:00 AM,2134,1,1,0,0,CLEAR,DRY,False,COLLISION WITH FIXED OBJECT NON - INTERSECTION - FIRST EVENT COLLISION 09 - 32 EXCLUDING 16,SINGLE VEHICLE,STRAIGHT & GRADE,DARK-HWY LIGHTED/OFF,,,8/16/2021 7:41:37 AM,False,5337,Accepted,
29312652,0568000,LOUISVILLE METRO POLICE DEPT,Accepted,JEFFERSON,US0060,,SHELBYVILLE,RD,,,BIRCHAM,,,,,38.236033430,-85.477730544,13.507,7/17/2021 12:00:00 AM,0159,1,1,0,1,CLEAR,DRY,False,COLLISION WITH FIXED OBJECT IN INTERSECTION - FIRST EVENT COLLISION 09 - 32,SINGLE VEHICLE,STRAIGHT & LEVEL,DARK-HWY LIGHTED/ON,,,11/15/2021 8:20:38 AM,False,5329,Accepted,
28522032,0568000,LOUISVILLE METRO POLICE DEPT,Accepted,JEFFERSON,KY0061,,PRESTON,ST,S,,JEFFERSON,,,,,38.252697075,-85.746369264,12.768,7/17/2021 12:00:00 AM,2002,2,1,0,1,CLEAR,DRY,False,COLLISION WITH PEDESTRIAN IN INTERSECTION,SINGLE VEHICLE,STRAIGHT & LEVEL,DAYLIGHT,,,8/16/2021 7:41:22 AM,False,5331,Accepted,
28522031,0568000,LOUISVILLE METRO POLICE DEPT,Accepted,JEFFERSON,KY2845,,MANSLICK,RD,E,,PENNSYLVANIA RUN,,,,,38.124503211,-85.629315158,2.931,7/16/2021 12:00:00 AM,2000,2,2,0,0,CLEAR,DRY,False,REAR END - ONE VEHICLE TURNING LEFT,REAR END,STRAIGHT & LEVEL,DAYLIGHT,,,8/16/2021 7:41:17 AM,False,7915,Accepted,
29312653,0568000,LOUISVILLE METRO POLICE DEPT,Accepted,JEFFERSON,I 0265,,I265 S EXIT30 ON RAMP FROM KY146,,,,,,,,,38.284392260,-85.512768352,0.055,7/16/2021 12:00:00 AM,2004,1,1,0,1,CLOUDY,DRY,False,OVERTURNED ON RAMP,SINGLE VEHICLE,CURVE & GRADE,DAYLIGHT,KY0146,I 0265,11/15/2021 8:20:45 AM,False,5329,Accepted,
28392149,0568000,LOUISVILLE METRO POLICE DEPT,Accepted,JEFFERSON,,,HILL,ST,W,,6TH,,,,,38.226402503,-85.765245088,0.459,7/16/2021 12:00:00 AM,0005,2,2,0,0,CLOUDY,DRY,False,SIDESWIPE-SAME DIRECTION,SIDESWIPE-SAME DIRECTION,STRAIGHT & HILLCREST,DARK-HWY LIGHTED/ON,,,7/21/2021 7:48:46 AM,False,5152,Accepted,
28387771,0568000,LOUISVILLE METRO POLICE DEPT,Accepted,JEFFERSON,,7400,GRADE,LN,,,,,,,,38.143145959,-85.738342276,3.173,7/16/2021 12:00:00 AM,0451,2,2,0,1,CLEAR,DRY,False,HEAD-ON COLLISION,HEAD ON,STRAIGHT & LEVEL,DAYLIGHT,,,7/20/2021 8:04:05 AM,False,5336,Accepted,
28383282,0568000,LOUISVILLE METRO POLICE DEPT,Accepted,JEFFERSON,,1836,PORTLAND,AVE,,,,,,,,38.264585499,-85.777409801,0.290,7/16/2021 12:00:00 AM,1944,3,3,0,0,CLOUDY,DRY,False,1 VEHICLE PARKED POSITION (NOT PARKING LOT/DRIVEWAY),SIDESWIPE-SAME DIRECTION,STRAIGHT & LEVEL,DAYLIGHT,,,7/19/2021 8:09:28 AM,False,5355,Accepted,
28383331,0568000,LOUISVILLE METRO POLICE DEPT,Accepted,JEFFERSON,,1795,WILSON,AVE,,,,,,,,38.233984634,-85.786515397,0.615,7/16/2021 12:00:00 AM,1842,2,2,0,0,CLEAR,DRY,True,1 VEHICLE PARKED POSITION (NOT PARKING LOT/DRIVEWAY),SIDESWIPE-SAME DIRECTION,STRAIGHT & LEVEL,DAYLIGHT,,,7/19/2021 8:11:55 AM,False,7381,Accepted,
28383332,0568000,LOUISVILLE METRO POLICE DEPT,Accepted,JEFFERSON,US0031E,,BARDSTOWN,RD,,I 0265,I265 W EXIT17 ON RAMP FROM US31E,,,,,38.142410364,-85.583539495,4.981,7/16/2021 12:00:00 AM,1409,2,2,0,0,RAINING,WET,False,OTHER INTERSECTION COLLISIONS,REAR END,STRAIGHT & LEVEL,DAYLIGHT,,,7/19/2021 8:11:58 AM,False,5363,Accepted,
28383323,0568000,LOUISVILLE METRO POLICE DEPT,Accepted,JEFFERSON,US0031E,,BARDSTOWN,RD,,,,,IONA,KY1065,SEATONVILLE,38.151362244,-85.587885782,5.661,7/16/2021 12:00:00 AM,1830,2,2,0,3,CLOUDY,DRY,False,1 VEHICLE ENTERING/LEAVING ENTRANCE,ANGLE,STRAIGHT & LEVEL,DAYLIGHT,,,7/19/2021 8:11:20 AM,False,2583,Accepted,
28383267,0568000,LOUISVILLE METRO POLICE DEPT,Accepted,JEFFERSON,,2352,FRANKFORT,AVE,,,,,,,,38.259087248,-85.721602316,0.018,7/16/2021 12:00:00 AM,0855,2,2,0,0,CLEAR,DRY,False,SIDESWIPE COLLISION - SAME DIRECTION,SIDESWIPE-SAME DIRECTION,STRAIGHT & LEVEL,DAYLIGHT,,,7/19/2021 8:08:31 AM,False,5353,Accepted,
28383275,0568000,LOUISVILLE METRO POLICE DEPT,Accepted,JEFFERSON,,,ROBBINS,RD,,,PAGES,,,,,38.130499689,-85.859080376,0.002,7/16/2021 12:00:00 AM,1618,2,2,0,0,CLEAR,DRY,False,ANGLE COLLISION - OTHER,ANGLE,STRAIGHT & LEVEL,DAYLIGHT,,,7/19/2021 8:08:53 AM,False,6877,Accepted,
28383297,0568000,LOUISVILLE METRO POLICE DEPT,Accepted,JEFFERSON,,,STRADER,AVE,,,WOODRUFF,,,,,38.191198287,-85.784709868,0.076,7/16/2021 12:00:00 AM,2159,2,2,0,0,CLEAR,DRY,True,COLLISION WITH FIXED OBJECT IN INTERSECTION - FIRST EVENT COLLISION 09 - 32,HEAD ON,STRAIGHT & LEVEL,DARK-HWY LIGHTED/ON,,,7/19/2021 8:09:56 AM,False,5319,Accepted,
28383305,0568000,LOUISVILLE METRO POLICE DEPT,Accepted,JEFFERSON,,7121,URANUS,DR,,,,,,,,38.151436061,-85.853452147,0.058,7/16/2021 12:00:00 AM,1852,1,1,0,0,CLEAR,DRY,False,COLLISION WITH FIXED OBJECT NON - INTERSECTION - FIRST EVENT COLLISION 09 - 32 EXCLUDING 16,SINGLE VEHICLE,STRAIGHT & LEVEL,DAYLIGHT,,,7/19/2021 8:10:05 AM,False,5224,Accepted,
28383366,0568000,LOUISVILLE METRO POLICE DEPT,Accepted,JEFFERSON,,,ROCKFORD,LN,,,,,,,,38.183204857,-85.854547368,0.078,7/16/2021 12:00:00 AM,0836,2,2,0,0,CLEAR,DRY,False,REAR END IN TRAFFIC LANES BOTH VEHICLES MOVING,REAR END,STRAIGHT & LEVEL,DAYLIGHT,,,7/19/2021 8:14:34 AM,False,7244,Accepted,
28383280,0568000,LOUISVILLE METRO POLICE DEPT,Accepted,JEFFERSON,I 0064,,I64 E,,,,,,,,,38.234679652,-85.613829002,12.975,7/16/2021 12:00:00 AM,2148,2,2,0,2,CLOUDY,DRY,False,REAR END IN TRAFFIC LANES BOTH VEHICLES MOVING,REAR END,STRAIGHT & LEVEL,DARK-HWY LIGHTED/ON,,,7/19/2021 8:09:13 AM,False,7096,Accepted,
28374825,0568000,LOUISVILLE METRO POLICE DEPT,Accepted,JEFFERSON,US0150,,BROADWAY,,E,,BARRET,,,,,38.244218709,-85.733917809,3.724,7/16/2021 12:00:00 AM,0031,2,2,0,5,CLEAR,DRY,False,ANGLE COLLISION - OTHER,ANGLE,STRAIGHT & HILLCREST,DARK-HWY LIGHTED/ON,,,7/16/2021 8:43:39 AM,False,5197,Accepted,
28374641,0566900,LOUISVILLE AIRPORT POLICE,Accepted,JEFFERSON,,600,TERMINAL,DR,,,,,,,,38.186430302,-85.742033749,0.289,7/16/2021 12:00:00 AM,0026,1,1,0,0,CLEAR,DRY,True,COLLISION IN PARKING LOT,SINGLE VEHICLE,STRAIGHT & LEVEL,OTHER,,,7/16/2021 7:56:20 AM,False,5881,Accepted,