IncidentID,AgencyORI,AgencyName,IncidentStatusDesc,County,RdwyNumber,Street,RoadwayName,StreetSfx,StreetDir,IntersectionRdwy,IntersectionRdwyName,BetweenStRdwy1,BetweenStRdwyName1,BetweenStRdwy2,BetweenStRdwyName2,Latitude,Longitude,Milepoint,CollisionDate,CollisionTime,UnitsInvolved,MotorVehiclesInvolved,NumberKilled,NumberInjured,Weather,RdwyConditionCode,HitandRun,DirAnalysisCode,MannerofCollision,RdwyCharacter,LightCondition,RampFromRdwyId,RampToRdwyId,AcceptedDate,IsSecondaryCollision,OwnerBadge,IncidentStatus,
28383256,0568000,LOUISVILLE METRO POLICE DEPT,Accepted,JEFFERSON,US0031E,,BARDSTOWN,RD,,,,,,,,38.164290013,-85.598053494,6.739,7/16/2021 12:00:00 AM,1322,2,2,0,1,RAINING,WET,False,1 VEHICLE ENTERING/LEAVING ENTRANCE,ANGLE,STRAIGHT & LEVEL,DAYLIGHT,,,7/19/2021 8:07:50 AM,False,4693,Accepted,
28383264,0568000,LOUISVILLE METRO POLICE DEPT,Accepted,JEFFERSON,US0031W,,DIXIE,HWY,,,,KY0044,KY44 TURN LANE,US0031W,DIXIE,38.021981160,-85.917485995,1.949,7/16/2021 12:00:00 AM,1656,2,2,0,0,CLEAR,DRY,True,SIDESWIPE COLLISION - SAME DIRECTION,SIDESWIPE-SAME DIRECTION,CURVE & GRADE,DAYLIGHT,,,7/19/2021 8:08:18 AM,False,2098,Accepted,
28383265,0568000,LOUISVILLE METRO POLICE DEPT,Accepted,JEFFERSON,,,KENTUCKY,ST,W,,6TH,,,,,38.239829050,-85.762225589,3.384,7/16/2021 12:00:00 AM,1626,2,2,0,0,CLEAR,DRY,False,OTHER INTERSECTION COLLISIONS,REAR END,STRAIGHT & LEVEL,DAYLIGHT,,,7/19/2021 8:08:22 AM,False,5186,Accepted,
28374834,0568000,LOUISVILLE METRO POLICE DEPT,Accepted,JEFFERSON,KY1703,,NEWBURG,RD,,,BISHOP,,,,,38.200734968,-85.685939053,2.096,7/16/2021 12:00:00 AM,0545,2,2,0,0,CLEAR,DRY,False,ANGLE COLLISION - ONE VEHICLE TURNING LEFT,ANGLE,STRAIGHT & LEVEL,DAWN,,,7/16/2021 8:44:12 AM,False,5307,Accepted,
28374835,0568000,LOUISVILLE METRO POLICE DEPT,Accepted,JEFFERSON,I 0065,,I65 S,,,,,,,,,38.135393730,-85.706134757,126.606,7/16/2021 12:00:00 AM,0605,2,2,0,0,CLEAR,DRY,False,SIDESWIPE COLLISION - SAME DIRECTION,SIDESWIPE-SAME DIRECTION,STRAIGHT & LEVEL,DAYLIGHT,,,7/16/2021 8:44:15 AM,False,4903,Accepted,
28383249,0568000,LOUISVILLE METRO POLICE DEPT,Accepted,JEFFERSON,KY1747,,HURSTBOURNE,PKWY,S,,FEGENBUSH,,,,,38.161318466,-85.640905595,5.142,7/16/2021 12:00:00 AM,0848,2,2,0,1,CLOUDY,DRY,False,ANGLE COLLISION - OTHER,ANGLE,STRAIGHT & LEVEL,DAYLIGHT,,,7/19/2021 8:07:18 AM,False,4693,Accepted,
28383250,0568000,LOUISVILLE METRO POLICE DEPT,Accepted,JEFFERSON,KY0146,,LA GRANGE,RD,,,NELSON MILLER,,,,,38.280889475,-85.515855957,6.964,7/16/2021 12:00:00 AM,1017,1,1,0,0,CLEAR,DRY,False,COLLISION WITH FIXED OBJECT IN INTERSECTION - FIRST EVENT COLLISION 09 - 32,SINGLE VEHICLE,STRAIGHT & LEVEL,DAYLIGHT,,,7/19/2021 8:07:30 AM,False,2030,Accepted,
28392143,0568000,LOUISVILLE METRO POLICE DEPT,Accepted,JEFFERSON,KY1747,,FERN VALLEY,RD,,,ULRICH,,,,,38.156969848,-85.699802342,1.777,7/16/2021 12:00:00 AM,1359,2,2,1,1,CLEAR,DRY,False,HEAD-ON COLLISION,HEAD ON,STRAIGHT & LEVEL,DAYLIGHT,,,7/21/2021 7:48:26 AM,False,2217,Accepted,
28383251,0568000,LOUISVILLE METRO POLICE DEPT,Accepted,JEFFERSON,US0031,,CLARK MEMORIAL,BRG,,,,,,,,38.259050903,-85.752695956,0.197,7/16/2021 12:00:00 AM,1145,3,3,0,0,CLOUDY,DRY,False,REAR END IN TRAFFIC LANES BOTH VEHICLES MOVING,REAR END,STRAIGHT & LEVEL,DAYLIGHT,,,7/19/2021 8:07:33 AM,False,7937,Accepted,
28438032,0568000,LOUISVILLE METRO POLICE DEPT,Accepted,JEFFERSON,,,PEE WEE REESE,RD,,,,,SENECA PARK,,TREVILIAN,38.230857162,-85.672965111,0.625,7/16/2021 12:00:00 AM,0541,1,1,0,0,CLEAR,DRY,True,COLLISION WITH FIXED OBJECT NON - INTERSECTION - FIRST EVENT COLLISION 09 - 32 EXCLUDING 16,SINGLE VEHICLE,CURVE & GRADE,DARK-HWY NOT LIGHTED,,,7/27/2021 4:01:56 PM,False,2034,Accepted,
28383278,0568000,LOUISVILLE METRO POLICE DEPT,Accepted,JEFFERSON,,,ELLWOOD,AVE,,US0031E,BARDSTOWN,,,,,38.237267523,-85.720665482,0.059,7/16/2021 12:00:00 AM,2020,2,2,0,0,CLEAR,DRY,False,ANGLE COLLISION - OTHER,ANGLE,STRAIGHT & LEVEL,DAYLIGHT,,,7/19/2021 8:09:04 AM,False,5195,Accepted,
28383279,0568000,LOUISVILLE METRO POLICE DEPT,Accepted,JEFFERSON,,,BOHNE,AVE,,,RUSSELL LEE,,,,,38.228824495,-85.817146839,0.015,7/16/2021 12:00:00 AM,2150,2,1,0,0,RAINING,WET,False,COLLISION WITH BICYCLE IN INTERSECTION,SINGLE VEHICLE,CURVE & GRADE,DARK-HWY LIGHTED/OFF,,,7/19/2021 8:09:08 AM,False,2186,Accepted,
28383287,0568000,LOUISVILLE METRO POLICE DEPT,Accepted,JEFFERSON,US0031E,,BARDSTOWN,RD,,,,,,,,38.223807493,-85.688622169,13.353,7/16/2021 12:00:00 AM,2357,2,2,0,0,CLOUDY,WET,False,SIDESWIPE COLLISION - SAME DIRECTION,SIDESWIPE-SAME DIRECTION,STRAIGHT & LEVEL,DARK-HWY LIGHTED/ON,,,7/19/2021 8:09:37 AM,False,7376,Accepted,
28383294,0568000,LOUISVILLE METRO POLICE DEPT,Accepted,JEFFERSON,,,BROADWAY,,W,,24TH,,,,,38.249384983,-85.791973368,0.168,7/16/2021 12:00:00 AM,2346,2,2,0,0,RAINING,WET,True,COLLISION WITH PARKED VEHICLE,SIDESWIPE-SAME DIRECTION,STRAIGHT & LEVEL,DARK-HWY LIGHTED/ON,,,7/19/2021 8:09:53 AM,False,5008,Accepted,
28383254,0568000,LOUISVILLE METRO POLICE DEPT,Accepted,JEFFERSON,KY1020,,SOUTHERN,PKWY,,,LANSING,,,,,38.192540871,-85.766745981,8.579,7/16/2021 12:00:00 AM,1138,2,1,0,0,CLEAR,DRY,True,OTHER INTERSECTION COLLISIONS,SINGLE VEHICLE,STRAIGHT & LEVEL,DAYLIGHT,,,7/19/2021 8:07:43 AM,False,7251,Accepted,
28383262,0568000,LOUISVILLE METRO POLICE DEPT,Accepted,JEFFERSON,KY3084,,OLD HENRY,RD,,,TERRA CROSSING,,,,,38.272044096,-85.495740435,1.474,7/16/2021 12:00:00 AM,1606,2,2,0,0,CLEAR,DRY,False,ANGLE COLLISION - OTHER,ANGLE,STRAIGHT & LEVEL,DAYLIGHT,,,7/19/2021 8:08:10 AM,False,2109,Accepted,
28383263,0568000,LOUISVILLE METRO POLICE DEPT,Accepted,JEFFERSON,KY0146,,NEW LA GRANGE,RD,,,WASHBURN,,,,,38.254289271,-85.612012396,0.449,7/16/2021 12:00:00 AM,1600,2,2,0,0,CLEAR,DRY,False,ANGLE COLLISION - ONE VEHICLE TURNING LEFT,ANGLE,STRAIGHT & LEVEL,DAYLIGHT,,,7/19/2021 8:08:14 AM,False,2013,Accepted,
28383271,0568000,LOUISVILLE METRO POLICE DEPT,Accepted,JEFFERSON,KY1020,,3RD,ST,S,,CENTRAL,,,,,38.204749479,-85.763943732,9.470,7/16/2021 12:00:00 AM,1312,3,3,0,0,CLEAR,DRY,False,OTHER INTERSECTION COLLISIONS,REAR TO REAR,STRAIGHT & LEVEL,DAYLIGHT,,,7/19/2021 8:08:41 AM,False,5384,Accepted,
28383252,0568000,LOUISVILLE METRO POLICE DEPT,Accepted,JEFFERSON,I 0071,,I71 N,,,,,,,,,38.289641873,-85.648731550,4.934,7/16/2021 12:00:00 AM,0917,1,1,0,1,CLEAR,DRY,False,RAN OFF ROADWAY (1 VEHICLE WITH/EARTH EMBANKMENT/DITCH),SINGLE VEHICLE,CURVE & LEVEL,DAYLIGHT,,,7/19/2021 8:07:38 AM,False,4903,Accepted,
28383245,0568000,LOUISVILLE METRO POLICE DEPT,Accepted,JEFFERSON,,2400,TYLER,LN,,,,,,,,38.220433060,-85.672386635,0.189,7/16/2021 12:00:00 AM,0510,2,2,0,1,CLOUDY,DRY,False,1 VEHICLE PARKED POSITION (NOT PARKING LOT/DRIVEWAY),SIDESWIPE-SAME DIRECTION,STRAIGHT & LEVEL,DARK-HWY LIGHTED/ON,,,7/19/2021 8:06:57 AM,False,7916,Accepted,
28383259,0568000,LOUISVILLE METRO POLICE DEPT,Accepted,JEFFERSON,,,TOLLS,LN,,KY1020,NATIONAL,,,,,38.135622993,-85.752320885,,7/16/2021 12:00:00 AM,1401,1,1,0,0,CLOUDY,DRY,False,NON-COLLISION OBJECT COLLISION,SINGLE VEHICLE,STRAIGHT & LEVEL,DAYLIGHT,,,7/19/2021 8:08:03 AM,False,5385,Accepted,
28383260,0568000,LOUISVILLE METRO POLICE DEPT,Accepted,JEFFERSON,,,IONA,CT,,US0031E,BARDSTOWN,,,,,38.152674973,-85.588577019,,7/16/2021 12:00:00 AM,1308,2,2,0,0,RAINING,WET,False,ANGLE COLLISION - OTHER,ANGLE,STRAIGHT & LEVEL,DAYLIGHT,,,7/19/2021 8:08:07 AM,False,7812,Accepted,
28383268,0568000,LOUISVILLE METRO POLICE DEPT,Accepted,JEFFERSON,KY1865,,NEW CUT,RD,,,BROWN AUSTIN,,,,,38.124124996,-85.776491518,1.115,7/16/2021 12:00:00 AM,1600,2,2,0,0,CLEAR,DRY,False,ANGLE COLLISION - OTHER,ANGLE,STRAIGHT & LEVEL,DAYLIGHT,,,7/19/2021 8:08:35 AM,False,7263,Accepted,
28383276,0568000,LOUISVILLE METRO POLICE DEPT,Accepted,JEFFERSON,KY1020,,SOUTHSIDE,DR,,,,,,,,38.156910545,-85.764661130,6.003,7/16/2021 12:00:00 AM,1235,2,2,0,0,CLOUDY,WET,False,1 VEHICLE ENTERING/LEAVING ENTRANCE,ANGLE,STRAIGHT & LEVEL,DAYLIGHT,,,7/19/2021 8:08:57 AM,False,5371,Accepted,
28383277,0568000,LOUISVILLE METRO POLICE DEPT,Accepted,JEFFERSON,KY1065,,OUTER,LOOP,,KY1020,NATIONAL,,,,,38.127105901,-85.748377585,2.548,7/16/2021 12:00:00 AM,1525,2,2,0,0,CLEAR,DRY,False,ANGLE COLLISION - OTHER,ANGLE,STRAIGHT & LEVEL,DAYLIGHT,,,7/19/2021 8:09:01 AM,False,5371,Accepted,
28440763,0568000,LOUISVILLE METRO POLICE DEPT,Accepted,JEFFERSON,US0031W,,MARKET,ST,W,US0031E,3RD,,,,,38.255063972,-85.755077755,21.942,7/16/2021 12:00:00 AM,1530,2,1,0,0,CLEAR,DRY,True,COLLISION WITH BICYCLE IN INTERSECTION,SINGLE VEHICLE,,DAYLIGHT,,,7/28/2021 8:15:47 AM,False,7904,Accepted,
28383318,0568000,LOUISVILLE METRO POLICE DEPT,Accepted,JEFFERSON,I 0071,,I71 S,,,,,I 0071,I71 S EXIT5 RAMP TO I264 W,I 0071,I71 TURN AROUND6,38.292047334,-85.639991857,5.479,7/16/2021 12:00:00 AM,2222,2,2,0,0,RAINING,WET,False,REAR END IN TRAFFIC LANES BOTH VEHICLES MOVING,REAR END,CURVE & LEVEL,DARK-HWY LIGHTED/ON,,,7/19/2021 8:10:39 AM,False,7159,Accepted,
28383319,0568000,LOUISVILLE METRO POLICE DEPT,Accepted,JEFFERSON,I 0064,,,,,,,,,,,38.236682741,-85.659901392,0.052,7/16/2021 12:00:00 AM,1536,1,1,0,0,CLOUDY,DRY,False,COLLISION WITH FIXED OBJECT NOT IN GORE ,SINGLE VEHICLE,STRAIGHT & GRADE,DAYLIGHT,KY2048,I 0064,7/19/2021 8:10:44 AM,False,7632,Accepted,
28383321,0568000,LOUISVILLE METRO POLICE DEPT,Accepted,JEFFERSON,I 0264,,,,,,,,,,,38.211273195,-85.671104155,0.073,7/16/2021 12:00:00 AM,1750,2,2,0,0,CLEAR,DRY,False,REAR END IN TRAFFIC LANES BOTH VEHICLES MOVING,REAR END,CURVE & LEVEL,DAYLIGHT,I 0264,US31E S,7/19/2021 8:11:02 AM,False,7740,Accepted,
28383337,0568000,LOUISVILLE METRO POLICE DEPT,Accepted,JEFFERSON,KY0155,,TAYLORSVILLE,RD,,,,,WILLOWVIEW,,CHENOWETH RUN,38.188330995,-85.552134293,8.471,7/16/2021 12:00:00 AM,2310,2,2,0,0,RAINING,WET,False,REAR END IN TRAFFIC LANES BOTH VEHICLES MOVING,REAR END,STRAIGHT & LEVEL,DARK-HWY NOT LIGHTED,,,7/19/2021 8:12:47 AM,False,2775,Accepted,
28374798,0568000,LOUISVILLE METRO POLICE DEPT,Accepted,JEFFERSON,US0031E,11551,BARDSTOWN,RD,,,,,,,,38.110518506,-85.567696233,2.615,7/15/2021 12:00:00 AM,0944,1,1,0,0,CLEAR,DRY,True,COLLISION IN PARKING LOT,SINGLE VEHICLE,CURVE & GRADE,DAYLIGHT,,,7/16/2021 8:42:12 AM,False,2017,Accepted,
28374806,0568000,LOUISVILLE METRO POLICE DEPT,Accepted,JEFFERSON,KY0061,,PRESTON,HWY,,,,,,,,38.203350515,-85.735340916,9.216,7/15/2021 12:00:00 AM,1147,2,2,0,0,CLOUDY,DRY,False,1 VEHICLE ENTERING/LEAVING ENTRANCE,ANGLE,STRAIGHT & LEVEL,DAYLIGHT,,,7/16/2021 8:42:39 AM,False,4693,Accepted,
28374831,0568000,LOUISVILLE METRO POLICE DEPT,Accepted,JEFFERSON,,,HIKES,LN,,,NOE,,,,,38.210768931,-85.641261987,2.150,7/15/2021 12:00:00 AM,2314,2,2,0,0,CLEAR,DRY,False,SIDESWIPE-SAME DIRECTION,SIDESWIPE-SAME DIRECTION,STRAIGHT & LEVEL,DARK-HWY LIGHTED/ON,,,7/16/2021 8:43:53 AM,False,5332,Accepted,
28410031,0568000,LOUISVILLE METRO POLICE DEPT,Accepted,JEFFERSON,I 0065,,I65 S,,,I 0065,I65 S EXIT130 OFF RAMP TO  GRADE LN,,,,,38.181184180,-85.721567766,129.963,7/15/2021 12:00:00 AM,1545,2,2,0,0,CLEAR,DRY,True,SIDESWIPE-SAME DIRECTION,SIDESWIPE-SAME DIRECTION,STRAIGHT & LEVEL,DAYLIGHT,,,7/26/2021 8:09:13 AM,False,5027,Accepted,
28392135,0568000,LOUISVILLE METRO POLICE DEPT,Accepted,JEFFERSON,,,AMY,AVE,,,RIVER PARK,,,,,38.255321358,-85.813999132,0.436,7/15/2021 12:00:00 AM,0858,2,2,0,0,CLEAR,DRY,False,COLLISION WITH PARKED VEHICLE,SIDESWIPE-SAME DIRECTION,STRAIGHT & LEVEL,DAYLIGHT,,,7/21/2021 7:47:50 AM,False,5003,Accepted,
28388928,0568000,LOUISVILLE METRO POLICE DEPT,Accepted,JEFFERSON,I 0071,,I71 N,,,,,,,,,38.327536810,-85.546680884,11.228,7/15/2021 12:00:00 AM,2140,2,2,0,0,CLEAR,DRY,False,REAR END IN TRAFFIC LANES BOTH VEHICLES MOVING,REAR END,STRAIGHT & LEVEL,DARK-HWY LIGHTED/ON,,,7/20/2021 2:36:08 PM,False,2738,Accepted,
28387747,0568000,LOUISVILLE METRO POLICE DEPT,Accepted,JEFFERSON,KY1631,3800,CRITTENDEN,DR,,,,,,,,38.197505904,-85.750848735,0.674,7/15/2021 12:00:00 AM,1926,2,2,0,1,CLEAR,DRY,False,1 VEHICLE ENTERING/LEAVING ENTRANCE,ANGLE,STRAIGHT & LEVEL,DAYLIGHT,,,7/20/2021 8:03:31 AM,False,5316,Accepted,
28374832,0568000,LOUISVILLE METRO POLICE DEPT,Accepted,JEFFERSON,,9417,DORAL,CT,,,,,,,,38.222018279,-85.581425249,0.025,7/15/2021 12:00:00 AM,2017,2,2,0,0,CLEAR,DRY,False,COLLISION IN PARKING LOT,HEAD ON,STRAIGHT & LEVEL,DAYLIGHT,,,7/16/2021 8:43:58 AM,False,5332,Accepted,
28374833,0568000,LOUISVILLE METRO POLICE DEPT,Accepted,JEFFERSON,KY2054,,ALGONQUIN,PKWY,,,39TH,,,,,38.225748880,-85.821278971,0.066,7/15/2021 12:00:00 AM,2220,2,2,0,0,CLEAR,DRY,False,HEAD-ON COLLISION,HEAD ON,STRAIGHT & LEVEL,DARK-HWY LIGHTED/ON,,,7/16/2021 8:44:08 AM,False,5305,Accepted,
28374802,0568000,LOUISVILLE METRO POLICE DEPT,Accepted,JEFFERSON,KY1020,,3RD,ST,S,US0031W,MARKET,,,,,38.255073722,-85.755145031,12.722,7/15/2021 12:00:00 AM,1431,2,2,0,1,CLEAR,DRY,False,ANGLE COLLISION - OTHER,ANGLE,STRAIGHT & LEVEL,DAYLIGHT,,,7/16/2021 8:42:27 AM,False,5168,Accepted,
28370829,0568000,LOUISVILLE METRO POLICE DEPT,Accepted,JEFFERSON,KY2052,,SHEPHERDSVILLE,RD,,,,,,,,38.171344766,-85.659397333,2.259,7/15/2021 12:00:00 AM,0506,3,3,0,0,CLEAR,DRY,False,HEAD-ON COLLISION,HEAD ON,STRAIGHT & LEVEL,DARK (UNKNOWN ROADWAY LIGHTING),,,7/15/2021 8:56:34 AM,False,5182,Accepted,
28374827,0568000,LOUISVILLE METRO POLICE DEPT,Accepted,JEFFERSON,US0031E,,BARDSTOWN,RD,,,,,EDENSIDE,US0060A,EASTERN,38.232030778,-85.709323960,14.624,7/15/2021 12:00:00 AM,2322,2,2,0,1,CLEAR,DRY,False,1 VEHICLE ENTERING/LEAVING ENTRANCE,ANGLE,STRAIGHT & LEVEL,DARK-HWY LIGHTED/ON,,,7/16/2021 8:43:42 AM,False,7049,Accepted,
28373639,0560300,ST. MATTHEWS POLICE DEPARTMENT,Accepted,JEFFERSON,US0060,5000,SHELBYVILLE,RD,,,,,,,,38.250380884,-85.624048459,5.310,7/15/2021 12:00:00 AM,2209,2,2,0,0,CLEAR,DRY,True,1 VEHICLE PARKED POSITION (NOT PARKING LOT/DRIVEWAY),SIDESWIPE-SAME DIRECTION,,DAYLIGHT,,,7/15/2021 11:43:20 PM,False,9151,Accepted,
28374791,0568000,LOUISVILLE METRO POLICE DEPT,Accepted,JEFFERSON,,,CENTRAL,AVE,,,HELM,,,,,38.202894133,-85.754036939,0.181,7/15/2021 12:00:00 AM,0748,2,2,0,0,CLEAR,DRY,False,OPPOSING LEFT TURN,OPPOSING LEFT TURN,STRAIGHT & HILLCREST,DAYLIGHT,,,7/16/2021 8:41:38 AM,False,7872,Accepted,
28374818,0568000,LOUISVILLE METRO POLICE DEPT,Accepted,JEFFERSON,US0031E,,BARDSTOWN,RD,,,,,HUDSON,,ST GABRIEL,38.165757024,-85.600330152,6.901,7/15/2021 12:00:00 AM,2142,2,2,0,1,CLEAR,DRY,False,1 VEHICLE ENTERING/LEAVING ENTRANCE,ANGLE,STRAIGHT & LEVEL,DARK (UNKNOWN ROADWAY LIGHTING),,,7/16/2021 8:43:18 AM,False,7827,Accepted,
28374819,0568000,LOUISVILLE METRO POLICE DEPT,Accepted,JEFFERSON,,,MILES,LN,,,,,PEGGY,,SMITHTON,38.124583424,-85.671589042,0.416,7/15/2021 12:00:00 AM,2207,1,1,0,0,CLEAR,DRY,False,COLLISION WITH FIXED OBJECT NON - INTERSECTION - FIRST EVENT COLLISION 09 - 32 EXCLUDING 16,SINGLE VEHICLE,STRAIGHT & LEVEL,DARK-HWY LIGHTED/ON,,,7/16/2021 8:43:21 AM,False,5141,Accepted,
28374799,0568000,LOUISVILLE METRO POLICE DEPT,Accepted,JEFFERSON,,,MUHAMMAD ALI,BLVD,E,KY0061,PRESTON,,,,,38.249970995,-85.746812058,0.724,7/15/2021 12:00:00 AM,1415,2,2,0,0,CLEAR,DRY,False,ANGLE COLLISION - OTHER,ANGLE,STRAIGHT & LEVEL,DAYLIGHT,,,7/16/2021 8:42:15 AM,False,7170,Accepted,
28374800,0568000,LOUISVILLE METRO POLICE DEPT,Accepted,JEFFERSON,US0031E,,MAIN,ST,E,KY0061,JACKSON,,,,,38.255258070,-85.743820690,17.341,7/15/2021 12:00:00 AM,1404,2,2,0,1,CLEAR,DRY,False,SIDESWIPE-SAME DIRECTION,SIDESWIPE-SAME DIRECTION,STRAIGHT & LEVEL,DAYLIGHT,,,7/16/2021 8:42:19 AM,False,7216,Accepted,
28374801,0568000,LOUISVILLE METRO POLICE DEPT,Accepted,JEFFERSON,KY0155,,TAYLORSVILLE,RD,,,MELBOURNE,,,,,38.220249613,-85.632570522,13.708,7/15/2021 12:00:00 AM,1418,2,2,0,0,CLEAR,DRY,False,VEHICLE BACKING IN INTERSECTION,BACKING,STRAIGHT & LEVEL,DAYLIGHT,,,7/16/2021 8:42:23 AM,False,5203,Accepted,
28374808,0568000,LOUISVILLE METRO POLICE DEPT,Accepted,JEFFERSON,,3700,CHATEAU,LN,,,,,,,,38.147628626,-85.692552591,0.037,7/15/2021 12:00:00 AM,1602,1,1,0,0,CLEAR,DRY,False,COLLISION IN PARKING LOT,SINGLE VEHICLE,STRAIGHT & LEVEL,DAYLIGHT,,,7/16/2021 8:42:43 AM,False,2324,Accepted,
28374809,0568000,LOUISVILLE METRO POLICE DEPT,Accepted,JEFFERSON,,,MUHAMMAD ALI,BLVD,W,,29TH,,,,,38.255726002,-85.798872331,2.545,7/15/2021 12:00:00 AM,1544,2,2,0,1,CLEAR,DRY,False,ANGLE COLLISION - OTHER,ANGLE,STRAIGHT & LEVEL,DAYLIGHT,,,7/16/2021 8:42:46 AM,False,7479,Accepted,
28374810,0568000,LOUISVILLE METRO POLICE DEPT,Accepted,JEFFERSON,,,GAGEL,AVE,,,,,,,,38.173306983,-85.816913838,0.314,7/15/2021 12:00:00 AM,1201,1,1,0,0,CLEAR,DRY,False,OTHER COLLISIONS ON SHOULDER,SINGLE VEHICLE,STRAIGHT & HILLCREST,DAYLIGHT,,,7/16/2021 8:42:50 AM,False,5025,Accepted,
28374815,0568000,LOUISVILLE METRO POLICE DEPT,Accepted,JEFFERSON,US0031W,,DIXIE,HWY,,,,,,,,38.157640732,-85.833974780,12.555,7/15/2021 12:00:00 AM,1640,3,3,0,0,CLEAR,DRY,False,REAR END IN TRAFFIC LANES BOTH VEHICLES MOVING,REAR END,STRAIGHT & LEVEL,DAYLIGHT,,,7/16/2021 8:43:07 AM,False,7234,Accepted,
28374817,0568000,LOUISVILLE METRO POLICE DEPT,Accepted,JEFFERSON,US0060,,SHELBYVILLE,RD,,,BECKLEY STATION,,,,,38.238834257,-85.488322704,12.899,7/15/2021 12:00:00 AM,2138,2,2,0,0,CLEAR,DRY,False,SIDESWIPE-SAME DIRECTION,SIDESWIPE-SAME DIRECTION,STRAIGHT & LEVEL,DARK-HWY LIGHTED/ON,,,7/16/2021 8:43:14 AM,False,5300,Accepted,
28383248,0568000,LOUISVILLE METRO POLICE DEPT,Accepted,JEFFERSON,KY0061,,PRESTON,HWY,,,,,,,,38.203160574,-85.735117235,9.200,7/15/2021 12:00:00 AM,1201,2,2,0,0,CLOUDY,DRY,False,REAR END IN TRAFFIC LANES BOTH VEHICLES MOVING,REAR END,STRAIGHT & LEVEL,DAYLIGHT,,,7/19/2021 8:07:13 AM,False,4693,Accepted,
28383340,0568000,LOUISVILLE METRO POLICE DEPT,Accepted,JEFFERSON,,100,OXMOOR,LN,,,,,,,,38.247841545,-85.613482322,0.104,7/15/2021 12:00:00 AM,0333,1,1,0,0,CLEAR,DRY,False,OTHER ROADWAY OR MID-BLOCK COLLISION,SINGLE VEHICLE,STRAIGHT & LEVEL,DARK-HWY LIGHTED/ON,,,7/19/2021 8:13:01 AM,False,5240,Accepted,
28370825,0568000,LOUISVILLE METRO POLICE DEPT,Accepted,JEFFERSON,,,34TH,ST,S,,VIRGINIA,,,,,38.238933864,-85.810294159,1.630,7/15/2021 12:00:00 AM,0032,1,1,0,0,CLEAR,DRY,False,COLLISION WITH FIXED OBJECT IN INTERSECTION - FIRST EVENT COLLISION 09 - 32,SINGLE VEHICLE,STRAIGHT & LEVEL,DARK-HWY LIGHTED/ON,,,7/15/2021 8:56:17 AM,False,5303,Accepted,
28374636,0564400,INDIAN HILLS POLICE DEPARTMENT,Accepted,JEFFERSON,US0042,3801,BROWNSBORO,RD,,,,,,,,38.265516685,-85.667098991,3.820,7/15/2021 12:00:00 AM,1740,2,2,0,0,CLOUDY,DRY,False,VEHICLE BACKING NON INTERSECTION,BACKING,STRAIGHT & LEVEL,DAYLIGHT,,,7/16/2021 7:54:00 AM,False,4433,Accepted,
28387736,0568000,LOUISVILLE METRO POLICE DEPT,Accepted,JEFFERSON,I 0065,,I65 S,,,,,,,,,38.157898389,-85.718760142,128.305,7/15/2021 12:00:00 AM,1453,2,2,0,0,CLEAR,DRY,True,SIDESWIPE COLLISION - SAME DIRECTION,SIDESWIPE-SAME DIRECTION,STRAIGHT & LEVEL,DAYLIGHT,,,7/20/2021 8:02:28 AM,False,8278,Accepted,
28387744,0568000,LOUISVILLE METRO POLICE DEPT,Accepted,JEFFERSON,I 0065,,I65 E EXIT12 TRANSIT,,,,,,,,,38.189385045,-85.740320098,0.489,7/15/2021 12:00:00 AM,1720,3,3,0,0,CLOUDY,DRY,False,REAR END IN TRAFFIC LANES BOTH VEHICLES MOVING,REAR END,STRAIGHT & LEVEL,DAYLIGHT,,,7/20/2021 8:03:02 AM,False,8278,Accepted,
28374797,0568000,LOUISVILLE METRO POLICE DEPT,Accepted,JEFFERSON,,,MUHAMMAD ALI,BLVD,W,,,,30TH,,32ND,38.256352443,-85.804533787,2.857,7/15/2021 12:00:00 AM,1250,1,1,0,0,CLEAR,DRY,False,OTHER ROADWAY OR MID-BLOCK COLLISION,SINGLE VEHICLE,STRAIGHT & LEVEL,DAYLIGHT,,,7/16/2021 8:42:08 AM,False,5341,Accepted,
28409996,0568000,LOUISVILLE METRO POLICE DEPT,Accepted,JEFFERSON,US0060A,,EASTERN,PKWY,,,CRITTENDEN,,,,,38.211711734,-85.751279607,3.992,7/15/2021 12:00:00 AM,1821,2,2,0,1,CLEAR,DRY,False,OTHER INTERSECTION COLLISIONS,REAR END,STRAIGHT & LEVEL,DAYLIGHT,,,7/26/2021 8:06:34 AM,False,5301,Accepted,
28374804,0568000,LOUISVILLE METRO POLICE DEPT,Accepted,JEFFERSON,I 0065,,I65 N,,,,,,,,,38.170413265,-85.720530527,129.192,7/15/2021 12:00:00 AM,0757,2,2,0,0,CLEAR,DRY,False,1 VEHICLE ENTERING/LEAVING ENTRANCE,ANGLE,STRAIGHT & LEVEL,DAYLIGHT,,,7/16/2021 8:42:33 AM,False,4693,Accepted,