IncidentID,AgencyORI,AgencyName,IncidentStatusDesc,County,RdwyNumber,Street,RoadwayName,StreetSfx,StreetDir,IntersectionRdwy,IntersectionRdwyName,BetweenStRdwy1,BetweenStRdwyName1,BetweenStRdwy2,BetweenStRdwyName2,Latitude,Longitude,Milepoint,CollisionDate,CollisionTime,UnitsInvolved,MotorVehiclesInvolved,NumberKilled,NumberInjured,Weather,RdwyConditionCode,HitandRun,DirAnalysisCode,MannerofCollision,RdwyCharacter,LightCondition,RampFromRdwyId,RampToRdwyId,AcceptedDate,IsSecondaryCollision,OwnerBadge,IncidentStatus,
28374805,0568000,LOUISVILLE METRO POLICE DEPT,Accepted,JEFFERSON,KY1747,,FERN VALLEY,RD,,,,,,,,38.157646284,-85.729871685,0.120,7/15/2021 12:00:00 AM,1031,2,2,0,0,CLEAR,DRY,False,1 VEHICLE ENTERING/LEAVING ENTRANCE,ANGLE,STRAIGHT & LEVEL,DAYLIGHT,,,7/16/2021 8:42:36 AM,False,4693,Accepted,
28374812,0568000,LOUISVILLE METRO POLICE DEPT,Accepted,JEFFERSON,,,16TH,ST,S,KY2054,ALGONQUIN,,,,,38.222161933,-85.782829768,1.920,7/15/2021 12:00:00 AM,1313,2,2,0,0,CLEAR,DRY,False,OTHER INTERSECTION COLLISIONS,REAR END,STRAIGHT & LEVEL,DAYLIGHT,,,7/16/2021 8:42:57 AM,False,5308,Accepted,
28374813,0568000,LOUISVILLE METRO POLICE DEPT,Accepted,JEFFERSON,,,VERMONT,AVE,,,34TH,,,,,38.255422820,-85.806193922,0.301,7/15/2021 12:00:00 AM,1640,2,2,0,0,CLEAR,DRY,False,ANGLE COLLISION - OTHER,ANGLE,STRAIGHT & LEVEL,DAYLIGHT,,,7/16/2021 8:43:00 AM,False,5187,Accepted,
28374814,0568000,LOUISVILLE METRO POLICE DEPT,Accepted,JEFFERSON,KY0907,,3RD ST,RD,,,,,,,,38.145511871,-85.775740678,6.277,7/15/2021 12:00:00 AM,1920,2,2,0,1,CLEAR,DRY,False,HEAD-ON COLLISION,HEAD ON,STRAIGHT & LEVEL,DAYLIGHT,,,7/16/2021 8:43:03 AM,False,7331,Accepted,
28374820,0568000,LOUISVILLE METRO POLICE DEPT,Accepted,JEFFERSON,KY1747,,FERN VALLEY,RD,,,,,,,,38.158026405,-85.693037432,2.157,7/15/2021 12:00:00 AM,2147,2,2,0,0,CLEAR,DRY,False,1 VEHICLE ENTERING/LEAVING ENTRANCE,ANGLE,STRAIGHT & LEVEL,DARK (UNKNOWN ROADWAY LIGHTING),,,7/16/2021 8:43:24 AM,False,5248,Accepted,
28374821,0568000,LOUISVILLE METRO POLICE DEPT,Accepted,JEFFERSON,US0031W,,DIXIE,HWY,,,WINGFIELD,,,,,38.218824156,-85.794395081,17.273,7/15/2021 12:00:00 AM,1423,2,2,0,1,CLEAR,DRY,False,ANGLE COLLISION - OTHER,ANGLE,STRAIGHT & LEVEL,DAYLIGHT,,,7/16/2021 8:43:27 AM,False,2569,Accepted,
28374822,0568000,LOUISVILLE METRO POLICE DEPT,Accepted,JEFFERSON,KY2056,,BELLS,LN,,,39TH,,,,,38.222596015,-85.821613258,1.080,7/15/2021 12:00:00 AM,2015,2,2,0,1,CLEAR,DRY,False,ANGLE COLLISION - OTHER,ANGLE,STRAIGHT & LEVEL,DAYLIGHT,,,7/16/2021 8:43:31 AM,False,5298,Accepted,
28374823,0568000,LOUISVILLE METRO POLICE DEPT,Accepted,JEFFERSON,,,4TH,ST,S,,HILL,,,,,38.225443468,-85.762011392,2.104,7/15/2021 12:00:00 AM,2109,4,4,0,0,CLEAR,DRY,True,COLLISION WITH PARKED VEHICLE,REAR TO REAR,STRAIGHT & LEVEL,DAYLIGHT,,,7/16/2021 8:43:35 AM,False,5303,Accepted,
28374829,0568000,LOUISVILLE METRO POLICE DEPT,Accepted,JEFFERSON,KY1065,,OUTER,LOOP,,KY1865,NEW CUT,,,,,38.126468863,-85.776213570,1.021,7/15/2021 12:00:00 AM,2155,2,2,0,2,CLEAR,DRY,False,HEAD-ON COLLISION,HEAD ON,STRAIGHT & LEVEL,DARK-HWY LIGHTED/ON,,,7/16/2021 8:43:46 AM,False,5209,Accepted,
28400339,0568000,LOUISVILLE METRO POLICE DEPT,Accepted,JEFFERSON,,,GILMORE,LN,,,,,HELCK,,CRAFTY,38.176363981,-85.710221526,0.186,7/15/2021 12:00:00 AM,1635,2,2,0,0,CLEAR,DRY,False,OTHER ROADWAY OR MID-BLOCK COLLISION,OPPOSING LEFT TURN,STRAIGHT & LEVEL,DAYLIGHT,,,7/23/2021 8:04:18 AM,False,5027,Accepted,
28461992,0568000,LOUISVILLE METRO POLICE DEPT,Accepted,JEFFERSON,,,INDIAN,TRL,E,,,,LODEMA,KY0864,POPLAR LEVEL,38.171399873,-85.685395415,1.175,7/15/2021 12:00:00 AM,1543,2,2,0,1,CLEAR,DRY,False,OTHER ROADWAY OR MID-BLOCK COLLISION,OPPOSING LEFT TURN,STRAIGHT & LEVEL,DAYLIGHT,,,8/3/2021 8:19:44 AM,False,5378,Accepted,
28458624,0568000,LOUISVILLE METRO POLICE DEPT,Accepted,JEFFERSON,KY2052,,SHEPHERDSVILLE,RD,,KY0864,POPLAR LEVEL,,,,,38.160055335,-85.659988692,1.480,7/15/2021 12:00:00 AM,1443,2,2,0,3,CLEAR,DRY,False,ANGLE COLLISION - OTHER,ANGLE,STRAIGHT & LEVEL,DAYLIGHT,,,8/2/2021 11:09:01 AM,False,5378,Accepted,
28497289,0568000,LOUISVILLE METRO POLICE DEPT,Accepted,JEFFERSON,KY1865,,NEW CUT,RD,,,,,,,,38.122719083,-85.776770055,1.026,7/15/2021 12:00:00 AM,1709,2,2,0,0,CLEAR,DRY,False,REAR END IN TRAFFIC LANES BOTH VEHICLES MOVING,REAR END,STRAIGHT & LEVEL,DAYLIGHT,,,8/12/2021 8:43:52 AM,False,7221,Accepted,
28643024,0568000,LOUISVILLE METRO POLICE DEPT,Accepted,JEFFERSON,KY1747,3100,FERN VALLEY,RD,,,,,,,,38.157010436,-85.708533187,1.300,7/14/2021 12:00:00 AM,1732,2,2,0,1,CLEAR,DRY,False,1 VEHICLE ENTERING/LEAVING ENTRANCE,ANGLE,STRAIGHT & LEVEL,DAYLIGHT,,,9/10/2021 7:39:41 AM,False,7269,Accepted,
28374830,0568000,LOUISVILLE METRO POLICE DEPT,Accepted,JEFFERSON,US0031W,,22ND,ST,S,,OAK,,,,,38.237617628,-85.790371651,18.734,7/14/2021 12:00:00 AM,2130,2,2,0,0,CLEAR,DRY,False,ANGLE COLLISION - OTHER,ANGLE,STRAIGHT & LEVEL,DARK-HWY LIGHTED/ON,,,7/16/2021 8:43:49 AM,False,5261,Accepted,
28374796,0568000,LOUISVILLE METRO POLICE DEPT,Accepted,JEFFERSON,,,26TH,ST,S,,CHESTNUT,,,,,38.253005360,-85.794509391,0.535,7/14/2021 12:00:00 AM,1534,2,2,0,3,CLEAR,DRY,False,ANGLE COLLISION - OTHER,ANGLE,STRAIGHT & LEVEL,DAYLIGHT,,,7/16/2021 8:42:03 AM,False,5341,Accepted,
28370817,0568000,LOUISVILLE METRO POLICE DEPT,Accepted,JEFFERSON,KY1934,,CANE RUN,RD,,,RICHELLE,,,,,38.204832032,-85.830165290,9.732,7/14/2021 12:00:00 AM,1130,2,2,0,0,CLEAR,DRY,False,SIDESWIPE-SAME DIRECTION,SIDESWIPE-SAME DIRECTION,STRAIGHT & LEVEL,DAYLIGHT,,,7/15/2021 8:55:51 AM,False,5253,Accepted,
28370795,0568000,LOUISVILLE METRO POLICE DEPT,Accepted,JEFFERSON,US0060A,,3RD,ST,S,US0060A,WINKLER,,,,,38.210375175,-85.762930856,3.173,7/14/2021 12:00:00 AM,0906,1,1,0,0,CLEAR,DRY,False,OTHER INTERSECTION COLLISIONS,SINGLE VEHICLE,STRAIGHT & GRADE,DAYLIGHT,,,7/15/2021 8:53:46 AM,False,7872,Accepted,
28370810,0568000,LOUISVILLE METRO POLICE DEPT,Accepted,JEFFERSON,,,OLD BARDSTOWN,RD,,,BROADWOOD,,,,,38.127944296,-85.576466285,0.190,7/14/2021 12:00:00 AM,1237,2,2,0,3,CLOUDY,DRY,False,OPPOSING LEFT TURN,OPPOSING LEFT TURN,STRAIGHT & LEVEL,DAYLIGHT,,,7/15/2021 8:55:26 AM,False,4693,Accepted,
28370811,0568000,LOUISVILLE METRO POLICE DEPT,Accepted,JEFFERSON,,,ZORN,AVE,,,RIVER,,,,,38.277309890,-85.699373912,1.760,7/14/2021 12:00:00 AM,1417,2,2,0,0,CLEAR,DRY,False,OPPOSING LEFT TURN,OPPOSING LEFT TURN,STRAIGHT & LEVEL,DAYLIGHT,,,7/15/2021 8:55:29 AM,False,5020,Accepted,
28370818,0568000,LOUISVILLE METRO POLICE DEPT,Accepted,JEFFERSON,KY1747,,HURSTBOURNE,PKWY,S,,STONY BROOK,,,,,38.171142316,-85.604350922,7.635,7/14/2021 12:00:00 AM,1940,2,2,0,0,CLEAR,DRY,True,OTHER INTERSECTION COLLISIONS,REAR END,CURVE & HILLCREST,DAYLIGHT,,,7/15/2021 8:55:54 AM,False,7804,Accepted,
28387735,0568000,LOUISVILLE METRO POLICE DEPT,Accepted,JEFFERSON,,,JEWELL,AVE,,,,,,,,38.269567176,-85.822229686,0.596,7/14/2021 12:00:00 AM,1450,1,1,0,0,CLEAR,DRY,False,OTHER ROADWAY OR MID-BLOCK COLLISION,SINGLE VEHICLE,STRAIGHT & GRADE,DAYLIGHT,,,7/20/2021 8:02:24 AM,False,7357,Accepted,
28370827,0568000,LOUISVILLE METRO POLICE DEPT,Accepted,JEFFERSON,,,18TH,ST,S,,MUHAMMAD ALI,,,,,38.253691654,-85.780657559,0.382,7/14/2021 12:00:00 AM,0006,2,2,0,1,CLEAR,DRY,False,ANGLE COLLISION - OTHER,ANGLE,STRAIGHT & LEVEL,DARK-HWY LIGHTED/ON,,,7/15/2021 8:56:26 AM,False,5021,Accepted,
28370828,0568000,LOUISVILLE METRO POLICE DEPT,Accepted,JEFFERSON,KY1931,,7TH STREET,RD,,US0060A,BERRY,,,,,38.196764899,-85.799070048,8.512,7/14/2021 12:00:00 AM,1853,3,3,0,0,CLEAR,DRY,False,SIDESWIPE-SAME DIRECTION,SIDESWIPE-SAME DIRECTION,CURVE & LEVEL,DAYLIGHT,,,7/15/2021 8:56:30 AM,False,5236,Accepted,
28366374,0568000,LOUISVILLE METRO POLICE DEPT,Accepted,JEFFERSON,,,LIBERTY,ST,E,,FLOYD,,,,,38.252225798,-85.748538424,0.196,7/14/2021 12:00:00 AM,0216,2,1,0,1,CLEAR,WET,False,COLLISION WITH BICYCLE IN INTERSECTION,SINGLE VEHICLE,STRAIGHT & LEVEL,DARK-HWY NOT LIGHTED,,,7/14/2021 8:27:37 AM,False,5331,Accepted,
28366375,0568000,LOUISVILLE METRO POLICE DEPT,Accepted,JEFFERSON,KY0061,,PRESTON,HWY,,,GILMORE,,,,,38.174671673,-85.712773601,6.878,7/14/2021 12:00:00 AM,0400,2,1,0,0,CLEAR,DRY,True,COLLISION WITH BICYCLE IN INTERSECTION,SINGLE VEHICLE,STRAIGHT & LEVEL,DARK (UNKNOWN ROADWAY LIGHTING),,,7/14/2021 8:27:40 AM,False,5286,Accepted,
28370809,0568000,LOUISVILLE METRO POLICE DEPT,Accepted,JEFFERSON,US0031E,,BARDSTOWN,RD,,,,,GOLDSMITH,I 0264,I264 E EXIT16 OFF RAMP TO US31E S,38.209005490,-85.669615710,11.838,7/14/2021 12:00:00 AM,1156,2,2,0,0,CLEAR,DRY,False,REAR END IN TRAFFIC LANES BOTH VEHICLES MOVING,REAR END,STRAIGHT & LEVEL,DAWN,,,7/15/2021 8:55:23 AM,False,2307,Accepted,
28370824,0568000,LOUISVILLE METRO POLICE DEPT,Accepted,JEFFERSON,KY3082,,BANK,ST,,US0150,22ND,,,,,38.266587756,-85.783492210,1.534,7/14/2021 12:00:00 AM,2104,2,2,0,0,CLEAR,DRY,False,ANGLE COLLISION - OTHER,ANGLE,CURVE & HILLCREST,DAYLIGHT,,,7/15/2021 8:56:14 AM,False,7311,Accepted,
28370789,0568000,LOUISVILLE METRO POLICE DEPT,Accepted,JEFFERSON,KY1934,,GREENBELT,HWY,,,LOWER HUNTERS,,,,,38.170100321,-85.875980100,6.205,7/14/2021 12:00:00 AM,0738,3,3,0,0,CLOUDY,DRY,True,SIDESWIPE-SAME DIRECTION,SIDESWIPE-SAME DIRECTION,STRAIGHT & LEVEL,DAYLIGHT,,,7/15/2021 8:53:09 AM,False,7339,Accepted,
28370807,0568000,LOUISVILLE METRO POLICE DEPT,Accepted,JEFFERSON,,2410,MARKET,ST,W,,,,,,,38.259226832,-85.790471013,0.169,7/14/2021 12:00:00 AM,1029,2,2,0,1,CLEAR,DRY,False,REAR END IN TRAFFIC LANES BOTH VEHICLES MOVING,REAR END,STRAIGHT & LEVEL,DAYLIGHT,,,7/15/2021 8:55:03 AM,False,5108,Accepted,
28370814,0568000,LOUISVILLE METRO POLICE DEPT,Accepted,JEFFERSON,,,MAGNOLIA,AVE,W,,7TH,,,,,38.229661614,-85.767556557,0.611,7/14/2021 12:00:00 AM,1239,2,2,0,0,CLEAR,DRY,False,COLLISION WITH PARKED VEHICLE,REAR TO REAR,STRAIGHT & GRADE,DAYLIGHT,,,7/15/2021 8:55:41 AM,False,7725,Accepted,
28370815,0568000,LOUISVILLE METRO POLICE DEPT,Accepted,JEFFERSON,,,BROADWAY,,W,US0031W,22ND,,,,,38.249222007,-85.788222014,0.001,7/14/2021 12:00:00 AM,1718,2,2,0,1,CLEAR,DRY,False,ANGLE COLLISION - OTHER,ANGLE,STRAIGHT & LEVEL,DAYLIGHT,,,7/15/2021 8:55:44 AM,False,7805,Accepted,
28370823,0568000,LOUISVILLE METRO POLICE DEPT,Accepted,JEFFERSON,,,LARCHMONT,AVE,,,COLORADO,,,,,38.210231709,-85.780685260,0.373,7/14/2021 12:00:00 AM,2049,2,2,0,0,CLEAR,DRY,False,ANGLE COLLISION - OTHER,ANGLE,STRAIGHT & LEVEL,DARK-HWY LIGHTED/ON,,,7/15/2021 8:56:10 AM,False,5205,Accepted,
28374792,0568000,LOUISVILLE METRO POLICE DEPT,Accepted,JEFFERSON,I 0064,,I64 W,,,,,,,,,38.258387087,-85.722952590,6.346,7/14/2021 12:00:00 AM,1231,2,2,0,0,CLEAR,DRY,False,SIDESWIPE COLLISION - SAME DIRECTION,SIDESWIPE-SAME DIRECTION,STRAIGHT & LEVEL,DAYLIGHT,,,7/16/2021 8:41:43 AM,False,4903,Accepted,
28370822,0568000,LOUISVILLE METRO POLICE DEPT,Accepted,JEFFERSON,I 0071,,I71 N,,,,,,,,,38.313903989,-85.583715152,8.973,7/14/2021 12:00:00 AM,2210,2,2,0,0,CLEAR,DRY,True,REAR END IN TRAFFIC LANES BOTH VEHICLES MOVING,REAR END,STRAIGHT & LEVEL,DARK-HWY LIGHTED/OFF,,,7/15/2021 8:56:07 AM,False,6777,Accepted,
28370813,0568000,LOUISVILLE METRO POLICE DEPT,Accepted,JEFFERSON,,3902,PINECROFT,DR,,,,,GABLE,,BROOKRIDGE,38.133228354,-85.690701102,0.621,7/14/2021 12:00:00 AM,1510,1,1,0,0,CLEAR,DRY,False,COLLISION WITH FIXED OBJECT NON - INTERSECTION - FIRST EVENT COLLISION 09 - 32 EXCLUDING 16,SINGLE VEHICLE,STRAIGHT & LEVEL,DAYLIGHT,,,7/15/2021 8:55:38 AM,False,2324,Accepted,
28374793,0568000,LOUISVILLE METRO POLICE DEPT,Accepted,JEFFERSON,,,7TH,ST,S,,MAGNOLIA,,,,,38.229653710,-85.767558242,0.872,7/14/2021 12:00:00 AM,1231,4,4,0,4,CLEAR,DRY,False,ANGLE COLLISION - OTHER,ANGLE,STRAIGHT & LEVEL,DAYLIGHT,,,7/16/2021 8:41:47 AM,False,5287,Accepted,
28388943,0568000,LOUISVILLE METRO POLICE DEPT,Accepted,JEFFERSON,KY1747,1955,HURSTBOURNE,PKWY,S,,,,,,,38.216997420,-85.584498391,11.426,7/14/2021 12:00:00 AM,1310,2,1,0,1,CLEAR,DRY,False,COLLISION IN PARKING LOT,SINGLE VEHICLE,STRAIGHT & LEVEL,DAYLIGHT,,,7/20/2021 2:36:51 PM,False,5288,Accepted,
28375482,0568000,LOUISVILLE METRO POLICE DEPT,Accepted,JEFFERSON,US0031E,,BARDSTOWN,RD,,,SHERWOOD,,,,,38.231703726,-85.708415463,14.533,7/14/2021 12:00:00 AM,2051,2,2,0,0,CLOUDY,DRY,False,OTHER INTERSECTION COLLISIONS,REAR END,STRAIGHT & LEVEL,DAYLIGHT,,,7/16/2021 11:56:17 AM,False,2034,Accepted,
28383246,0568000,LOUISVILLE METRO POLICE DEPT,Accepted,JEFFERSON,,,ROY WILKINS,AVE,,,CHESTNUT,,,,,38.249919105,-85.765838699,0.522,7/13/2021 12:00:00 AM,1659,2,2,0,0,CLOUDY,WET,False,OTHER INTERSECTION COLLISIONS,REAR END,STRAIGHT & LEVEL,DAYLIGHT,,,7/19/2021 8:07:04 AM,False,7904,Accepted,
28431064,0568000,LOUISVILLE METRO POLICE DEPT,Accepted,JEFFERSON,KY0155,,TAYLORSVILLE,RD,,,FURMAN,,,,,38.220993422,-85.645618488,14.405,7/13/2021 12:00:00 AM,2306,2,2,0,0,CLEAR,DRY,True,OTHER INTERSECTION COLLISIONS,REAR TO REAR,STRAIGHT & LEVEL,DARK-HWY LIGHTED/ON,,,7/27/2021 8:05:22 AM,False,7972,Accepted,
28367581,0561500,UNIV. OF LOUISVILLE POLICE,Accepted,JEFFERSON,,,4TH,ST,S,,,,,,,38.220946805,-85.762558821,2.479,7/13/2021 12:00:00 AM,1329,1,1,0,0,CLOUDY,DRY,False,COLLISION IN PARKING LOT,SINGLE VEHICLE,STRAIGHT & LEVEL,DAYLIGHT,,,7/14/2021 1:37:15 PM,False,5691,Accepted,
28383247,0568000,LOUISVILLE METRO POLICE DEPT,Accepted,JEFFERSON,,2601,WHITEHALL,TER,,,,,,,,38.214979957,-85.632494935,0.316,7/13/2021 12:00:00 AM,1700,2,2,0,0,CLEAR,DRY,False,COLLISION IN PARKING LOT,BACKING,STRAIGHT & LEVEL,DAYLIGHT,,,7/19/2021 8:07:08 AM,False,7652,Accepted,
28366363,0568000,LOUISVILLE METRO POLICE DEPT,Accepted,JEFFERSON,,,BEECHBROOK,CT,,,BEECHBROOK,,,,,38.183742256,-85.641388262,,7/13/2021 12:00:00 AM,1508,2,2,0,1,CLEAR,DRY,False,OPPOSITE DIRECTION - BOTH VEHICLES GOING STRAIGHT AHEAD,SIDESWIPE-OPPOSITE DIRECTION,STRAIGHT & LEVEL,DAYLIGHT,,,7/14/2021 8:26:55 AM,False,7864,Accepted,
28366371,0568000,LOUISVILLE METRO POLICE DEPT,Accepted,JEFFERSON,KY1450,,BLUE LICK,RD,,,FOREMAN,,,,,38.129328866,-85.689445690,3.079,7/13/2021 12:00:00 AM,2200,2,2,0,0,CLEAR,DRY,False,ANGLE COLLISION - OTHER,ANGLE,STRAIGHT & LEVEL,DARK-HWY NOT LIGHTED,,,7/14/2021 8:27:24 AM,False,5198,Accepted,
28369129,0560300,ST. MATTHEWS POLICE DEPARTMENT,Accepted,JEFFERSON,I 0064,,I64 E,,,,,I 0064,I64 E EXIT12 RAMP TO I264,I 0064,I64 E EXIT10 ON RAMP FROM KY2048,38.235531945,-85.649870003,11.007,7/13/2021 12:00:00 AM,0347,1,1,0,0,CLOUDY,WET,False,OTHER ROADWAY OR MID-BLOCK COLLISION,SINGLE VEHICLE,STRAIGHT & LEVEL,DARK-HWY LIGHTED/ON,,,7/14/2021 9:27:35 PM,False,9187,Accepted,
28366356,0568000,LOUISVILLE METRO POLICE DEPT,Accepted,JEFFERSON,,,MUD,LN,,,,,ANTLE,,ANTONIA,38.088371190,-85.669877831,0.425,7/13/2021 12:00:00 AM,1711,3,3,0,1,CLEAR,DRY,False,OTHER ROADWAY OR MID-BLOCK COLLISION,REAR END,CURVE & LEVEL,DAYLIGHT,,,7/14/2021 8:26:32 AM,False,2324,Accepted,
28366340,0568000,LOUISVILLE METRO POLICE DEPT,Accepted,JEFFERSON,I 0065,,I65 S,,,,,,,,,38.090472590,-85.701176149,123.465,7/13/2021 12:00:00 AM,0747,1,1,0,1,CLOUDY,DRY,False,RAN OFF ROADWAY (1 VEHICLE WITH/EARTH EMBANKMENT/DITCH),SINGLE VEHICLE,STRAIGHT & LEVEL,DAYLIGHT,,,7/14/2021 8:25:38 AM,False,4693,Accepted,
28366341,0568000,LOUISVILLE METRO POLICE DEPT,Accepted,JEFFERSON,,,INDIAN,TRL,E,,,,,,,38.183230272,-85.667863300,2.453,7/13/2021 12:00:00 AM,1044,2,2,0,0,CLOUDY,DRY,False,OTHER ROADWAY OR MID-BLOCK COLLISION,OPPOSING LEFT TURN,STRAIGHT & LEVEL,DAYLIGHT,,,7/14/2021 8:25:41 AM,False,4693,Accepted,
28366347,0568000,LOUISVILLE METRO POLICE DEPT,Accepted,JEFFERSON,KY1934,,CANE RUN,RD,,I 0264,I264 W EXIT5 ON RAMP FROM KY1934 N,,,,,38.207148445,-85.827035388,9.953,7/13/2021 12:00:00 AM,1508,2,2,0,1,CLOUDY,DRY,False,ANGLE COLLISION - ONE VEHICLE TURNING LEFT,ANGLE,STRAIGHT & LEVEL,DAYLIGHT,,,7/14/2021 8:26:02 AM,False,5208,Accepted,
28366350,0568000,LOUISVILLE METRO POLICE DEPT,Accepted,JEFFERSON,US0150,,BROADWAY,,W,,10TH,,,,,38.247184659,-85.768284721,1.833,7/13/2021 12:00:00 AM,1625,2,1,0,1,RAINING,WET,False,COLLISION WITH PEDESTRIAN IN INTERSECTION,SINGLE VEHICLE,STRAIGHT & LEVEL,DAYLIGHT,,,7/14/2021 8:26:12 AM,False,7937,Accepted,
28366367,0568000,LOUISVILLE METRO POLICE DEPT,Accepted,JEFFERSON,KY0907,,3RD ST,RD,,,,,,,,38.117088696,-85.807308738,3.642,7/13/2021 12:00:00 AM,1726,3,3,0,0,CLOUDY,WET,False,REAR END IN TRAFFIC LANES BOTH VEHICLES MOVING,REAR END,CURVE & LEVEL,DAYLIGHT,,,7/14/2021 8:27:05 AM,False,7234,Accepted,
28366368,0568000,LOUISVILLE METRO POLICE DEPT,Accepted,JEFFERSON,US0031E,,MARKET,ST,E,,1ST,,,,,38.254722509,-85.751900635,17.663,7/13/2021 12:00:00 AM,2240,2,1,0,0,CLEAR,DRY,True,COLLISION WITH BICYCLE IN INTERSECTION,SINGLE VEHICLE,STRAIGHT & LEVEL,DAYLIGHT,,,7/14/2021 8:27:10 AM,False,5295,Accepted,
28366342,0568000,LOUISVILLE METRO POLICE DEPT,Accepted,JEFFERSON,KY0864,7908,BEULAH CHURCH,RD,,,,,,,,38.136178654,-85.613572706,4.151,7/13/2021 12:00:00 AM,1249,2,2,0,0,CLEAR,WET,False,1 VEHICLE ENTERING/LEAVING ENTRANCE,ANGLE,STRAIGHT & GRADE,DAYLIGHT,,,7/14/2021 8:25:45 AM,False,2017,Accepted,
28366361,0568000,LOUISVILLE METRO POLICE DEPT,Accepted,JEFFERSON,,,GAGEL,AVE,,,,,,,,38.172714795,-85.805252675,0.951,7/13/2021 12:00:00 AM,1639,2,2,0,1,CLOUDY,WET,False,REAR END IN TRAFFIC LANES BOTH VEHICLES MOVING,REAR END,STRAIGHT & LEVEL,DAYLIGHT,,,7/14/2021 8:26:49 AM,False,5304,Accepted,
28362295,0568000,LOUISVILLE METRO POLICE DEPT,Accepted,JEFFERSON,KY1230,,LOWER RIVER,RD,,,MOORMAN,,,,,38.096079190,-85.893162122,2.462,7/13/2021 12:00:00 AM,0448,1,1,0,0,RAINING,WET,True,COLLISION WITH FIXED OBJECT IN INTERSECTION - FIRST EVENT COLLISION 09 - 32,SINGLE VEHICLE,,DARK-HWY LIGHTED/OFF,,,7/13/2021 8:54:11 AM,False,7264,Accepted,
28366348,0568000,LOUISVILLE METRO POLICE DEPT,Accepted,JEFFERSON,,,AIR COMMERCE,DR,,,,,EXPORT,,TRANSGLOBAL,38.128601969,-85.717008897,0.470,7/13/2021 12:00:00 AM,1525,2,2,0,0,RAINING,WET,False,OTHER ROADWAY OR MID-BLOCK COLLISION,OPPOSING LEFT TURN,STRAIGHT & LEVEL,DAYLIGHT,,,7/14/2021 8:26:06 AM,False,7397,Accepted,
28366349,0568000,LOUISVILLE METRO POLICE DEPT,Accepted,JEFFERSON,US0060A,562,EASTERN,PKWY,,,,,,,,38.212209465,-85.747301916,4.260,7/13/2021 12:00:00 AM,1304,1,1,0,0,CLEAR,DRY,False,COLLISION WITH FIXED OBJECT NON - INTERSECTION - FIRST EVENT COLLISION 09 - 32 EXCLUDING 16,SINGLE VEHICLE,CURVE & LEVEL,DAYLIGHT,,,7/14/2021 8:26:09 AM,False,5120,Accepted,
28366355,0568000,LOUISVILLE METRO POLICE DEPT,Accepted,JEFFERSON,KY1747,,HURSTBOURNE,PKWY,,,,US0031E,BARDSTOWN,,HAMES,38.168804566,-85.605132912,7.477,7/13/2021 12:00:00 AM,1424,4,4,0,3,CLOUDY,WET,False,OTHER ROADWAY OR MID-BLOCK COLLISION,REAR END,STRAIGHT & LEVEL,DAYLIGHT,,,7/14/2021 8:26:29 AM,False,2324,Accepted,
28366344,0568000,LOUISVILLE METRO POLICE DEPT,Accepted,JEFFERSON,US0031W,,22ND,ST,S,,,,,,,38.237492953,-85.789214552,18.725,7/13/2021 12:00:00 AM,1048,2,2,0,1,CLEAR,DRY,False,1 VEHICLE ENTERING/LEAVING ENTRANCE,ANGLE,STRAIGHT & LEVEL,DAYLIGHT,,,7/14/2021 8:25:51 AM,False,5351,Accepted,
28366353,0568000,LOUISVILLE METRO POLICE DEPT,Accepted,JEFFERSON,KY0155,,TAYLORSVILLE,RD,,,,,POPE LICK,KY2265,HATMAKER,38.190793754,-85.486598133,4.858,7/13/2021 12:00:00 AM,1630,3,3,0,1,CLOUDY,WET,False,REAR END IN TRAFFIC LANES BOTH VEHICLES MOVING,REAR END,STRAIGHT & LEVEL,DAYLIGHT,,,7/14/2021 8:26:22 AM,False,6878,Accepted,
28366354,0568000,LOUISVILLE METRO POLICE DEPT,Accepted,JEFFERSON,KY1065,,OUTER,LOOP,,,,,ROBBS,,BUENA VISTA,38.138164028,-85.664212668,7.289,7/13/2021 12:00:00 AM,1205,3,3,0,0,CLOUDY,WET,False,OTHER ROADWAY OR MID-BLOCK COLLISION,REAR END,STRAIGHT & LEVEL,DAYLIGHT,,,7/14/2021 8:26:25 AM,False,2324,Accepted,
28366359,0568000,LOUISVILLE METRO POLICE DEPT,Accepted,JEFFERSON,I 0064,,,,,,,,,,,38.234600302,-85.657639570,0.280,7/13/2021 12:00:00 AM,1638,2,2,0,1,RAINING,WET,False,OTHER RAMP RELATED COLLISIONS NOT LISTED ABOVE,REAR END,CURVE & LEVEL,DAYLIGHT,I 0064,KY2048,7/14/2021 8:26:42 AM,False,7632,Accepted,