IncidentID,AgencyORI,AgencyName,IncidentStatusDesc,County,RdwyNumber,Street,RoadwayName,StreetSfx,StreetDir,IntersectionRdwy,IntersectionRdwyName,BetweenStRdwy1,BetweenStRdwyName1,BetweenStRdwy2,BetweenStRdwyName2,Latitude,Longitude,Milepoint,CollisionDate,CollisionTime,UnitsInvolved,MotorVehiclesInvolved,NumberKilled,NumberInjured,Weather,RdwyConditionCode,HitandRun,DirAnalysisCode,MannerofCollision,RdwyCharacter,LightCondition,RampFromRdwyId,RampToRdwyId,AcceptedDate,IsSecondaryCollision,OwnerBadge,IncidentStatus,
28369433,0560300,ST. MATTHEWS POLICE DEPARTMENT,Accepted,JEFFERSON,US0060,5000,SHELBYVILLE,RD,,,,,,,,38.250167242,-85.623408245,5.313,7/13/2021 12:00:00 AM,1840,2,2,0,0,CLEAR,DRY,False,SIDESWIPE COLLISION - SAME DIRECTION,SIDESWIPE-SAME DIRECTION,STRAIGHT & LEVEL,DAYLIGHT,,,7/14/2021 11:02:59 PM,False,9157,Accepted,
28383281,0568000,LOUISVILLE METRO POLICE DEPT,Accepted,JEFFERSON,,,MAIN,ST,W,US0150,22ND,,,,,38.259912125,-85.786336704,0.001,7/13/2021 12:00:00 AM,2031,2,2,0,0,CLEAR,DRY,False,ANGLE COLLISION - OTHER,ANGLE,STRAIGHT & LEVEL,DAYLIGHT,,,7/19/2021 8:09:19 AM,False,5008,Accepted,
28366364,0568000,LOUISVILLE METRO POLICE DEPT,Accepted,JEFFERSON,KY0061,,PRESTON,HWY,,,,,BOERSTE,I 0265,I265 W EXIT12 ON RAMP FROM KY61 S,38.113737873,-85.676078045,2.113,7/13/2021 12:00:00 AM,1710,2,2,0,0,CLOUDY,WET,False,REAR END IN TRAFFIC LANES BOTH VEHICLES MOVING,REAR END,STRAIGHT & LEVEL,DAYLIGHT,,,7/14/2021 8:26:58 AM,False,7397,Accepted,
28366366,0568000,LOUISVILLE METRO POLICE DEPT,Accepted,JEFFERSON,,,MUHAMMAD ALI,BLVD,E,,1ST,,,,,38.250597949,-85.752528173,1.037,7/13/2021 12:00:00 AM,0942,2,2,0,0,CLEAR,DRY,False,OTHER INTERSECTION COLLISIONS,REAR END,STRAIGHT & LEVEL,DAYLIGHT,,,7/14/2021 8:27:02 AM,False,5344,Accepted,
28366373,0568000,LOUISVILLE METRO POLICE DEPT,Accepted,JEFFERSON,,4032,WOODRUFF,AVE,,,,,BICKNELL,,CARRICO,38.184452468,-85.785124804,0.088,7/13/2021 12:00:00 AM,2308,2,2,0,0,CLEAR,DRY,True,1 VEHICLE PARKED POSITION (NOT PARKING LOT/DRIVEWAY),HEAD ON,STRAIGHT & LEVEL,DARK-HWY LIGHTED/ON,,,7/14/2021 8:27:34 AM,False,5245,Accepted,
28370802,0568000,LOUISVILLE METRO POLICE DEPT,Accepted,JEFFERSON,,,4TH,ST,S,,,,MUHAMMAD ALI,,CHESTNUT,38.250684048,-85.757603295,0.414,7/13/2021 12:00:00 AM,0820,1,1,0,0,CLOUDY,DRY,False,COLLISION WITH FIXED OBJECT NON - INTERSECTION - FIRST EVENT COLLISION 09 - 32 EXCLUDING 16,SINGLE VEHICLE,STRAIGHT & LEVEL,DAYLIGHT,,,7/15/2021 8:54:49 AM,False,2406,Accepted,
28366358,0568000,LOUISVILLE METRO POLICE DEPT,Accepted,JEFFERSON,US0060A,,BERRY,BLVD,,US0060A,7TH ST,,,,,38.196799302,-85.799073211,0.592,7/13/2021 12:00:00 AM,0916,2,2,0,0,CLEAR,DRY,False,SIDESWIPE-SAME DIRECTION,SIDESWIPE-SAME DIRECTION,CURVE & GRADE,DAYLIGHT,,,7/14/2021 8:26:39 AM,False,7360,Accepted,
28374803,0568000,LOUISVILLE METRO POLICE DEPT,Accepted,JEFFERSON,I 0265,,I265 E,,,,,,,,,38.116142496,-85.655963663,12.853,7/13/2021 12:00:00 AM,1951,1,1,0,0,CLEAR,DRY,False,COLLISION WITH FIXED OBJECT NON - INTERSECTION - FIRST EVENT COLLISION 09 - 32 EXCLUDING 16,SINGLE VEHICLE,STRAIGHT & GRADE,DAYLIGHT,,,7/16/2021 8:42:30 AM,False,5184,Accepted,
28374795,0568000,LOUISVILLE METRO POLICE DEPT,Accepted,JEFFERSON,I 0065,,I65 N,,,,,,,,,38.149361331,-85.713254418,127.654,7/13/2021 12:00:00 AM,1533,2,2,0,0,RAINING,WET,False,1 VEHICLE ENTERING/LEAVING ENTRANCE,ANGLE,STRAIGHT & GRADE,DAYLIGHT,,,7/16/2021 8:41:58 AM,False,8278,Accepted,
28563379,0568000,LOUISVILLE METRO POLICE DEPT,Accepted,JEFFERSON,KY0061,,PRESTON,HWY,,,,,,,,38.166178943,-85.703844445,6.108,7/13/2021 12:00:00 AM,0241,2,1,1,0,CLOUDY,DRY,False,COLLISION WITH PEDESTRIAN NON - INTERSECTION,SINGLE VEHICLE,STRAIGHT & LEVEL,DARK-HWY NOT LIGHTED,,,8/26/2021 7:18:38 AM,False,2308,Accepted,
28366360,0568000,LOUISVILLE METRO POLICE DEPT,Accepted,JEFFERSON,,,GAGEL,AVE,,,ESTATE,,,,,38.172714022,-85.805256159,0.951,7/12/2021 12:00:00 AM,1544,2,2,0,0,CLOUDY,DRY,False,HEAD-ON COLLISION,HEAD ON,STRAIGHT & HILLCREST,DAYLIGHT,,,7/14/2021 8:26:45 AM,False,5304,Accepted,
28358023,0568000,LOUISVILLE METRO POLICE DEPT,Accepted,JEFFERSON,,,26TH,ST,S,,OAK,,,,,38.237734243,-85.796252278,1.594,7/12/2021 12:00:00 AM,0403,2,2,0,0,CLOUDY,DRY,False,COLLISION WITH PARKED VEHICLE,REAR END,STRAIGHT & LEVEL,DARK-HWY LIGHTED/ON,,,7/12/2021 8:42:33 AM,False,5303,Accepted,
28362293,0568000,LOUISVILLE METRO POLICE DEPT,Accepted,JEFFERSON,KY0864,,POPLAR LEVEL,RD,,,FINCASTLE,,,,,38.207475295,-85.714896263,12.248,7/12/2021 12:00:00 AM,2322,1,1,0,0,CLEAR,DRY,False,COLLISION WITH FIXED OBJECT IN INTERSECTION - FIRST EVENT COLLISION 09 - 32,SINGLE VEHICLE,STRAIGHT & LEVEL,DARK-HWY LIGHTED/ON,,,7/13/2021 8:54:00 AM,False,5349,Accepted,
28366345,0568000,LOUISVILLE METRO POLICE DEPT,Accepted,JEFFERSON,,,SPRINGHURST,BLVD,,,,,HARTWICK VILLAGE,KY1747,HURSTBOURNE,38.305248318,-85.573837747,1.488,7/12/2021 12:00:00 AM,1125,2,2,0,0,CLOUDY,WET,False,1 VEHICLE ENTERING/LEAVING ENTRANCE,ANGLE,STRAIGHT & LEVEL,DAYLIGHT,,,7/14/2021 8:25:55 AM,False,7751,Accepted,
28366351,0568000,LOUISVILLE METRO POLICE DEPT,Accepted,JEFFERSON,,6605,BRISCOE,LN,,,WOODROW,,,,,38.142964137,-85.637925449,1.198,7/12/2021 12:00:00 AM,1824,2,2,0,0,CLOUDY,WET,False,ANGLE COLLISION - OTHER,ANGLE,STRAIGHT & LEVEL,DAYLIGHT,,,7/14/2021 8:26:15 AM,False,7799,Accepted,
28358025,0568000,LOUISVILLE METRO POLICE DEPT,Accepted,JEFFERSON,KY0061,530,JACKSON,ST,S,,,,,,,38.248163795,-85.745167466,12.499,7/12/2021 12:00:00 AM,0030,2,2,0,0,CLEAR,DRY,False,SIDESWIPE COLLISION - OPPOSITE DIRECTION,SIDESWIPE-OPPOSITE DIRECTION,STRAIGHT & LEVEL,DARK-HWY LIGHTED/ON,,,7/12/2021 8:42:37 AM,False,5135,Accepted,
28358026,0568000,LOUISVILLE METRO POLICE DEPT,Accepted,JEFFERSON,,,CHAMBERLAIN,LN,,,,,,,,38.301299152,-85.544573551,2.341,7/12/2021 12:00:00 AM,0553,2,2,0,2,CLOUDY,DRY,False,OTHER ROADWAY OR MID-BLOCK COLLISION,OPPOSING LEFT TURN,STRAIGHT & LEVEL,DAWN,,,7/12/2021 8:42:41 AM,False,5155,Accepted,
28362268,0568000,LOUISVILLE METRO POLICE DEPT,Accepted,JEFFERSON,I 0064,,,,,,,,,,,38.260497126,-85.730435669,0.319,7/12/2021 12:00:00 AM,0753,1,1,0,0,RAINING,WATER (STANDING OR MOVING),False,OTHER RAMP RELATED COLLISIONS NOT LISTED ABOVE,SINGLE VEHICLE,CURVE & HILLCREST,DAYLIGHT,I 0064,I 0071,7/13/2021 8:51:49 AM,False,4903,Accepted,
28362270,0568000,LOUISVILLE METRO POLICE DEPT,Accepted,JEFFERSON,US0031E,,BARDSTOWN,RD,,,LANCASHIRE,,,,,38.216249678,-85.675404720,12.438,7/12/2021 12:00:00 AM,1002,2,2,0,2,RAINING,WET,False,OTHER INTERSECTION COLLISIONS,REAR END,STRAIGHT & LEVEL,DAYLIGHT,,,7/13/2021 8:52:00 AM,False,7496,Accepted,
28362277,0568000,LOUISVILLE METRO POLICE DEPT,Accepted,JEFFERSON,,,SPRINGHURST,BLVD,,,FISCHER PARK,,,,,38.296653331,-85.560087338,0.213,7/12/2021 12:00:00 AM,1343,3,3,0,0,RAINING,WET,False,ANGLE COLLISION - ONE VEHICLE TURNING RIGHT,ANGLE,CURVE & GRADE,DAYLIGHT,,,7/13/2021 8:52:39 AM,False,7313,Accepted,
28362278,0568000,LOUISVILLE METRO POLICE DEPT,Accepted,JEFFERSON,,,6TH,ST,S,,MUHAMMAD ALI,,,,,38.251501039,-85.760800970,0.382,7/12/2021 12:00:00 AM,1315,2,2,0,2,CLEAR,DRY,False,ANGLE COLLISION - OTHER,ANGLE,STRAIGHT & LEVEL,DAYLIGHT,,,7/13/2021 8:52:43 AM,False,5354,Accepted,
28362285,0568000,LOUISVILLE METRO POLICE DEPT,Accepted,JEFFERSON,KY1020,,NATIONAL,TPKE,,,,,,,,38.110976863,-85.746754262,2.546,7/12/2021 12:00:00 AM,1510,3,3,0,0,CLEAR,DRY,False,HEAD-ON COLLISION,HEAD ON,STRAIGHT & LEVEL,DAYLIGHT,,,7/13/2021 8:53:11 AM,False,7234,Accepted,
28362286,0568000,LOUISVILLE METRO POLICE DEPT,Accepted,JEFFERSON,,,WELLER,AVE,,,,,,,,38.216538056,-85.780264670,0.534,7/12/2021 12:00:00 AM,1705,2,2,0,0,CLOUDY,DRY,False,1 VEHICLE PARKED POSITION (NOT PARKING LOT/DRIVEWAY),SIDESWIPE-OPPOSITE DIRECTION,STRAIGHT & LEVEL,DAYLIGHT,,,7/13/2021 8:53:15 AM,False,7977,Accepted,
28362287,0568000,LOUISVILLE METRO POLICE DEPT,Accepted,JEFFERSON,KY1020,,3RD,ST,S,US0060A,EASTERN,,,,,38.213742172,-85.762292680,9.867,7/12/2021 12:00:00 AM,1424,3,3,0,1,CLOUDY,DRY,False,OTHER INTERSECTION COLLISIONS,REAR TO REAR,STRAIGHT & GRADE,DAYLIGHT,,,7/13/2021 8:53:20 AM,False,7257,Accepted,
28362273,0568000,LOUISVILLE METRO POLICE DEPT,Accepted,JEFFERSON,US0150,,BROADWAY,,W,,15TH,,,,,38.248192018,-85.776582023,1.376,7/12/2021 12:00:00 AM,0851,2,2,0,2,RAINING,WET,False,OTHER INTERSECTION COLLISIONS,REAR END,STRAIGHT & LEVEL,DAYLIGHT,,,7/13/2021 8:52:21 AM,False,7220,Accepted,
28362275,0568000,LOUISVILLE METRO POLICE DEPT,Accepted,JEFFERSON,US0031E,,BARDSTOWN,RD,,,,,HUDSON,,ST GABRIEL,38.165625930,-85.600074026,6.884,7/12/2021 12:00:00 AM,1047,2,2,0,0,CLOUDY,DRY,False,REAR END IN TRAFFIC LANES BOTH VEHICLES MOVING,REAR END,STRAIGHT & LEVEL,DAYLIGHT,,,7/13/2021 8:52:32 AM,False,2017,Accepted,
28362276,0568000,LOUISVILLE METRO POLICE DEPT,Accepted,JEFFERSON,KY1703,,NEWBURG,RD,,,GOLDSMITH,,,,,38.200124865,-85.684956987,1.992,7/12/2021 12:00:00 AM,0902,2,2,0,1,RAINING,WET,False,OTHER INTERSECTION COLLISIONS,REAR END,STRAIGHT & LEVEL,DAYLIGHT,,,7/13/2021 8:52:36 AM,False,4693,Accepted,
28362283,0568000,LOUISVILLE METRO POLICE DEPT,Accepted,JEFFERSON,KY0061,11336,PRESTON,HWY,,,,,,,,38.085188737,-85.667570461,0.119,7/12/2021 12:00:00 AM,1604,2,2,0,0,CLOUDY,DRY,False,COLLISION IN PARKING LOT,ANGLE,STRAIGHT & LEVEL,DAYLIGHT,,,7/13/2021 8:53:03 AM,False,2324,Accepted,
28362284,0568000,LOUISVILLE METRO POLICE DEPT,Accepted,JEFFERSON,KY1934,,CANE RUN,RD,,,,,,,,38.179934494,-85.859249130,7.377,7/12/2021 12:00:00 AM,1332,2,2,0,1,CLEAR,DRY,False,1 VEHICLE ENTERING/LEAVING ENTRANCE,ANGLE,STRAIGHT & LEVEL,DAYLIGHT,,,7/13/2021 8:53:07 AM,False,7234,Accepted,
28362289,0568000,LOUISVILLE METRO POLICE DEPT,Accepted,JEFFERSON,US0031E,,BARDSTOWN,RD,,,,,,,,38.145347642,-85.585073994,5.204,7/12/2021 12:00:00 AM,1633,3,3,0,2,CLOUDY,DRY,False,OTHER ROADWAY OR MID-BLOCK COLLISION,REAR END,STRAIGHT & LEVEL,DAYLIGHT,,,7/13/2021 8:53:35 AM,False,7442,Accepted,
28362292,0568000,LOUISVILLE METRO POLICE DEPT,Accepted,JEFFERSON,KY1065,,OUTER,LOOP,,,GRADE,,,,,38.130096043,-85.736576681,3.225,7/12/2021 12:00:00 AM,2221,4,4,0,0,CLEAR,DRY,True,ANGLE COLLISION - OTHER,ANGLE,STRAIGHT & LEVEL,DARK-HWY NOT LIGHTED,,,7/13/2021 8:53:57 AM,False,5101,Accepted,
28366334,0568000,LOUISVILLE METRO POLICE DEPT,Accepted,JEFFERSON,,,FLOYD,ST,S,,OAK,,,,,38.234229277,-85.751684479,1.491,7/12/2021 12:00:00 AM,1630,2,2,0,0,CLEAR,DRY,True,REAR END - ONE VEHICLE TURNING LEFT,REAR END,STRAIGHT & LEVEL,DAYLIGHT,,,7/14/2021 8:25:19 AM,False,5120,Accepted,
28366336,0568000,LOUISVILLE METRO POLICE DEPT,Accepted,JEFFERSON,,11901,STANDIFORD PLAZA,DR,,,,,,,,38.089791926,-85.667623132,0.203,7/12/2021 12:00:00 AM,1700,2,2,0,0,CLEAR,DRY,True,COLLISION IN PARKING LOT,ANGLE,STRAIGHT & LEVEL,DAYLIGHT,,,7/14/2021 8:25:26 AM,False,7744,Accepted,
28366339,0568000,LOUISVILLE METRO POLICE DEPT,Accepted,JEFFERSON,US0031E,,BARDSTOWN,RD,,KY2053,THIXTON,,,,,38.100693502,-85.565712002,1.921,7/12/2021 12:00:00 AM,1340,2,2,0,0,CLOUDY,DRY,False,ANGLE COLLISION - OTHER,ANGLE,STRAIGHT & LEVEL,DAYLIGHT,,,7/14/2021 8:25:35 AM,False,4693,Accepted,
28366362,0568000,LOUISVILLE METRO POLICE DEPT,Accepted,JEFFERSON,KY1932,,BRECKENRIDGE,LN,,US0031E,BARDSTOWN,,,,,38.181262479,-85.626812462,0.006,7/12/2021 12:00:00 AM,1542,3,3,0,0,CLOUDY,DRY,False,OTHER INTERSECTION COLLISIONS,REAR END,STRAIGHT & LEVEL,DAYLIGHT,,,7/14/2021 8:26:52 AM,False,7851,Accepted,
28362294,0568000,LOUISVILLE METRO POLICE DEPT,Accepted,JEFFERSON,KY1447,9501,WESTPORT,RD,,,,,,,,38.287018753,-85.573735782,5.147,7/12/2021 12:00:00 AM,2224,2,2,0,1,CLOUDY,WET,False,COLLISION IN PARKING LOT,HEAD ON,STRAIGHT & LEVEL,DARK-HWY LIGHTED/ON,,,7/13/2021 8:54:04 AM,False,5228,Accepted,
28366337,0568000,LOUISVILLE METRO POLICE DEPT,Accepted,JEFFERSON,US0031E,,BARDSTOWN,RD,,,,,WOODBOURNE,,WOODBOURNE,38.224109469,-85.691296785,13.485,7/12/2021 12:00:00 AM,1831,2,2,0,0,RAINING,WET,False,1 VEHICLE ENTERING/LEAVING ENTRANCE,ANGLE,STRAIGHT & LEVEL,DAYLIGHT,,,7/14/2021 8:25:28 AM,False,2228,Accepted,
28366357,0568000,LOUISVILLE METRO POLICE DEPT,Accepted,JEFFERSON,,,CENTRAL,AVE,,KY1020,3RD,,,,,38.204753787,-85.763960673,0.351,7/12/2021 12:00:00 AM,0955,2,2,0,0,CLOUDY,WET,False,OTHER INTERSECTION COLLISIONS,REAR END,CURVE & LEVEL,DAYLIGHT,,,7/14/2021 8:26:36 AM,False,5384,Accepted,
28375484,0568000,LOUISVILLE METRO POLICE DEPT,Accepted,JEFFERSON,,,SPEED,AVE,,,,,COWLING,,HAMPDEN,38.229675575,-85.698561475,0.804,7/12/2021 12:00:00 AM,0439,2,2,0,0,CLOUDY,DRY,False,1 VEHICLE PARKED POSITION (NOT PARKING LOT/DRIVEWAY),SIDESWIPE-SAME DIRECTION,STRAIGHT & GRADE,DARK-HWY LIGHTED/ON,,,7/16/2021 11:57:24 AM,False,2034,Accepted,
28383257,0568000,LOUISVILLE METRO POLICE DEPT,Accepted,JEFFERSON,US0060A,3245,TAYLOR,BLVD,,,,,,,,38.203805377,-85.779388936,2.050,7/12/2021 12:00:00 AM,1134,2,2,0,0,CLEAR,WET,False,1 VEHICLE PARKED POSITION (NOT PARKING LOT/DRIVEWAY),REAR END,STRAIGHT & LEVEL,DAYLIGHT,,,7/19/2021 8:07:59 AM,False,5367,Accepted,
28383266,0568000,LOUISVILLE METRO POLICE DEPT,Accepted,JEFFERSON,,,POPE,ST,,US0060,FRANKFORT,,,,,38.256086438,-85.717022156,0.285,7/12/2021 12:00:00 AM,1700,2,2,0,0,CLOUDY,DRY,True,OPPOSITE DIRECTION - BOTH VEHICLES GOING STRAIGHT AHEAD,SIDESWIPE-OPPOSITE DIRECTION,STRAIGHT & LEVEL,DAYLIGHT,,,7/19/2021 8:08:28 AM,False,5353,Accepted,
28367582,0561500,UNIV. OF LOUISVILLE POLICE,Accepted,JEFFERSON,,600,RUGGLES,PL,,,,,,,,38.223486258,-85.766599788,0.136,7/12/2021 12:00:00 AM,1630,2,2,0,0,CLEAR,DRY,False,VEHICLE BACKING NON INTERSECTION,BACKING,STRAIGHT & LEVEL,DAYLIGHT,,,7/14/2021 1:37:25 PM,False,5690,Accepted,
28362906,0565000,LYNDON POLICE DEPARTMENT,Accepted,JEFFERSON,KY1447,,WESTPORT,RD,,,,,ORMSBY,,EAGLE NEST,38.274506064,-85.608262651,3.065,7/12/2021 12:00:00 AM,2305,1,1,0,0,CLOUDY,WET,False,COLLISION WITH ANIMAL NON INTERSECTION,SINGLE VEHICLE,STRAIGHT & GRADE,DARK-HWY NOT LIGHTED,,,7/13/2021 10:47:42 AM,False,1376,Accepted,
28366338,0568000,LOUISVILLE METRO POLICE DEPT,Accepted,JEFFERSON,KY0841,,GENE SNYDER,FWY,,,,,,,,38.108618692,-85.808720728,4.133,7/12/2021 12:00:00 AM,1719,1,1,0,0,CLOUDY,DRY,True,OTHER ROADWAY OR MID-BLOCK COLLISION,SINGLE VEHICLE,STRAIGHT & LEVEL,DAYLIGHT,,,7/14/2021 8:25:32 AM,False,8278,Accepted,
28366346,0568000,LOUISVILLE METRO POLICE DEPT,Accepted,JEFFERSON,KY1447,,WESTPORT,RD,,,,,CHAMBERLAIN,I 0265,I265 S EXIT33 OFF RAMP TO KY1447,38.298791946,-85.543461030,7.000,7/12/2021 12:00:00 AM,1725,3,3,0,0,CLOUDY,DRY,False,OTHER ROADWAY OR MID-BLOCK COLLISION,REAR END,STRAIGHT & LEVEL,DAYLIGHT,,,7/14/2021 8:25:59 AM,False,7751,Accepted,
28370821,0568000,LOUISVILLE METRO POLICE DEPT,Accepted,JEFFERSON,I 0264,,,,,,,,,,,38.211044285,-85.825542770,0.169,7/12/2021 12:00:00 AM,2330,1,1,0,0,RAINING,WET,False,COLLISION WITH FIXED OBJECT NOT IN GORE ,SINGLE VEHICLE,CURVE & LEVEL,DARK-HWY LIGHTED/ON,RALPH AVE,I 0264,7/15/2021 8:56:04 AM,False,7181,Accepted,
28400315,0568000,LOUISVILLE METRO POLICE DEPT,Accepted,JEFFERSON,US0031E,5232,BARDSTOWN,RD,,,,,,,,38.170755466,-85.607834262,7.439,7/12/2021 12:00:00 AM,1614,1,1,0,0,CLEAR,DRY,False,COLLISION WITH FIXED OBJECT NON - INTERSECTION - FIRST EVENT COLLISION 09 - 32 EXCLUDING 16,SINGLE VEHICLE,STRAIGHT & HILLCREST,DAYLIGHT,,,7/23/2021 8:03:03 AM,False,7200,Accepted,
28410018,0568000,LOUISVILLE METRO POLICE DEPT,Accepted,JEFFERSON,I 0265,,I265 W,,,,,,,,,38.216153303,-85.506385014,24.990,7/11/2021 12:00:00 AM,0426,3,3,0,1,RAINING,WET,False,COLLISION WITH FIXED OBJECT NON - INTERSECTION - FIRST EVENT COLLISION 09 - 32 EXCLUDING 16,HEAD ON,STRAIGHT & LEVEL,DARK-HWY LIGHTED/ON,,,7/26/2021 8:08:28 AM,False,7475,Accepted,
28450187,0568000,LOUISVILLE METRO POLICE DEPT,Accepted,JEFFERSON,,,DIXIE,HWY,,,VORSTER,,,,,38.224676799,-85.791880489,1.758,7/11/2021 12:00:00 AM,0356,2,1,0,0,RAINING,WET,False,ANGLE COLLISION - OTHER,ANGLE,STRAIGHT & LEVEL,DARK-HWY LIGHTED/ON,,,7/30/2021 3:13:03 PM,False,5039,Accepted,
28370806,0568000,LOUISVILLE METRO POLICE DEPT,Accepted,JEFFERSON,,,OAK,ST,E,,,,,,,38.234828207,-85.729597759,1.450,7/11/2021 12:00:00 AM,1650,1,1,0,0,CLOUDY,DRY,False,COLLISION WITH FIXED OBJECT NON - INTERSECTION - FIRST EVENT COLLISION 09 - 32 EXCLUDING 16,SINGLE VEHICLE,STRAIGHT & LEVEL,DAYLIGHT,,,7/15/2021 8:54:58 AM,False,7673,Accepted,
28366377,0568000,LOUISVILLE METRO POLICE DEPT,Accepted,JEFFERSON,,,DUMESNIL,ST,,,,,,,,38.238220633,-85.816130479,0.261,7/11/2021 12:00:00 AM,1301,2,2,0,0,CLEAR,DRY,False,HEAD-ON COLLISION,HEAD ON,CURVE & LEVEL,DAYLIGHT,,,7/14/2021 8:27:47 AM,False,5114,Accepted,
28363906,0568000,LOUISVILLE METRO POLICE DEPT,Accepted,JEFFERSON,,,NORRIS,PL,,,RUTHERFORD,,,,,38.221741556,-85.703978424,0.827,7/11/2021 12:00:00 AM,2012,2,2,0,3,CLOUDY,DRY,False,ANGLE COLLISION - OTHER,ANGLE,STRAIGHT & GRADE,DAYLIGHT,,,7/13/2021 3:43:54 PM,False,2034,Accepted,
28374816,0568000,LOUISVILLE METRO POLICE DEPT,Accepted,JEFFERSON,,,MARKET,ST,W,US0031W,22ND,,,,,38.258542062,-85.786556763,0.001,7/11/2021 12:00:00 AM,1925,2,2,0,1,CLEAR,DRY,False,ANGLE COLLISION - OTHER,ANGLE,STRAIGHT & LEVEL,DAYLIGHT,,,7/16/2021 8:43:11 AM,False,5348,Accepted,
28358011,0568000,LOUISVILLE METRO POLICE DEPT,Accepted,JEFFERSON,KY0061,,PRESTON,HWY,,,,,,,,38.154914312,-85.695943787,5.193,7/11/2021 12:00:00 AM,1400,2,1,0,1,CLEAR,DRY,True,COLLISION WITH BICYCLIST NON INTERSECTION,SINGLE VEHICLE,STRAIGHT & LEVEL,DAYLIGHT,,,7/12/2021 8:41:51 AM,False,7449,Accepted,
28357960,0568000,LOUISVILLE METRO POLICE DEPT,Accepted,JEFFERSON,I 0064,,I64 E,,,,,,,,,38.241868111,-85.692439416,8.644,7/11/2021 12:00:00 AM,0329,1,1,0,0,RAINING,WET,False,RAN OFF ROADWAY (1 VEHICLE WITH/EARTH EMBANKMENT/DITCH),SINGLE VEHICLE,CURVE & LEVEL,DARK-HWY NOT LIGHTED,,,7/12/2021 8:38:52 AM,False,5296,Accepted,
28357977,0568000,LOUISVILLE METRO POLICE DEPT,Accepted,JEFFERSON,I 0265,,I265 S,,,,,,,,,38.223068176,-85.505705511,25.469,7/11/2021 12:00:00 AM,0722,1,1,0,1,RAINING,WET,False,OTHER ROADWAY OR MID-BLOCK COLLISION,SINGLE VEHICLE,STRAIGHT & HILLCREST,DAWN,,,7/12/2021 8:39:53 AM,False,7358,Accepted,
28357992,0568000,LOUISVILLE METRO POLICE DEPT,Accepted,JEFFERSON,I 0264,,I264 E,,,,,,,,,38.273818492,-85.809265120,0.213,7/11/2021 12:00:00 AM,1200,1,1,0,1,CLEAR,DRY,False,OTHER ROADWAY OR MID-BLOCK COLLISION,SINGLE VEHICLE,CURVE & LEVEL,DAYLIGHT,,,7/12/2021 8:40:31 AM,False,5003,Accepted,
28357999,0568000,LOUISVILLE METRO POLICE DEPT,Accepted,JEFFERSON,US0031E,,MARKET,ST,W,US0031W,2ND,,,,,38.254915086,-85.753568330,17.785,7/11/2021 12:00:00 AM,1556,2,2,0,0,CLOUDY,DRY,False,ANGLE COLLISION - OTHER,ANGLE,STRAIGHT & LEVEL,DAYLIGHT,,,7/12/2021 8:41:02 AM,False,7904,Accepted,
28358000,0568000,LOUISVILLE METRO POLICE DEPT,Accepted,JEFFERSON,I 0264,@12.4,I264 W,,,,,,,,,38.191016840,-85.719776531,12.626,7/11/2021 12:00:00 AM,1510,3,3,0,1,CLEAR,DRY,False,REAR END IN TRAFFIC LANES BOTH VEHICLES MOVING,REAR END,STRAIGHT & LEVEL,DAYLIGHT,,,7/12/2021 8:41:05 AM,False,7398,Accepted,
28358001,0568000,LOUISVILLE METRO POLICE DEPT,Accepted,JEFFERSON,,,OAK,ST,E,KY0061,PRESTON,,,,,38.234059472,-85.749388458,0.317,7/11/2021 12:00:00 AM,1628,2,2,0,0,CLOUDY,DRY,False,VEHICLE BACKING IN INTERSECTION,BACKING,STRAIGHT & LEVEL,DAYLIGHT,,,7/12/2021 8:41:10 AM,False,5301,Accepted,
28358009,0568000,LOUISVILLE METRO POLICE DEPT,Accepted,JEFFERSON,,,OAK,ST,W,,12TH,,,,,38.236247823,-85.773635729,0.999,7/11/2021 12:00:00 AM,1940,2,2,0,2,CLOUDY,DRY,False,ANGLE COLLISION - OTHER,ANGLE,STRAIGHT & LEVEL,DAYLIGHT,,,7/12/2021 8:41:45 AM,False,7181,Accepted,
28357973,0568000,LOUISVILLE METRO POLICE DEPT,Accepted,JEFFERSON,KY1931,3600 BLK,MANSLICK,RD,,,,,,,,38.194818583,-85.800143179,8.335,7/11/2021 12:00:00 AM,0035,2,2,0,0,RAINING,WET,False,1 VEHICLE PARKED POSITION (NOT PARKING LOT/DRIVEWAY),ANGLE,CURVE & LEVEL,DARK-HWY LIGHTED/ON,,,7/12/2021 8:39:38 AM,False,7040,Accepted,
28358010,0568000,LOUISVILLE METRO POLICE DEPT,Accepted,JEFFERSON,,,JAMES GUTHRIE,CT,,,,,,,,38.215004124,-85.746659914,0.013,7/11/2021 12:00:00 AM,2020,1,1,0,0,CLEAR,DRY,True,COLLISION IN PARKING LOT,SINGLE VEHICLE,STRAIGHT & LEVEL,DUSK,,,7/12/2021 8:41:49 AM,False,7527,Accepted,