IncidentID,AgencyORI,AgencyName,IncidentStatusDesc,County,RdwyNumber,Street,RoadwayName,StreetSfx,StreetDir,IntersectionRdwy,IntersectionRdwyName,BetweenStRdwy1,BetweenStRdwyName1,BetweenStRdwy2,BetweenStRdwyName2,Latitude,Longitude,Milepoint,CollisionDate,CollisionTime,UnitsInvolved,MotorVehiclesInvolved,NumberKilled,NumberInjured,Weather,RdwyConditionCode,HitandRun,DirAnalysisCode,MannerofCollision,RdwyCharacter,LightCondition,RampFromRdwyId,RampToRdwyId,AcceptedDate,IsSecondaryCollision,OwnerBadge,IncidentStatus,
28358018,0568000,LOUISVILLE METRO POLICE DEPT,Accepted,JEFFERSON,KY1142,,PALATKA,RD,,,MANSLICK,,,,,38.152705646,-85.790070661,0.690,7/11/2021 12:00:00 AM,1602,2,2,0,3,CLEAR,DRY,False,OPPOSITE DIRECTION - BOTH VEHICLES GOING STRAIGHT AHEAD,SIDESWIPE-OPPOSITE DIRECTION,CURVE & HILLCREST,DAYLIGHT,,,7/12/2021 8:42:17 AM,False,5276,Accepted,
28363903,0568000,LOUISVILLE METRO POLICE DEPT,Accepted,JEFFERSON,KY2251,1582,BARDSTOWN,RD,,,,,,,,38.191924420,-85.646691061,0.171,7/11/2021 12:00:00 AM,0145,1,1,0,1,CLOUDY,DRY,False,COLLISION WITH NON-FIXED OBJECT ,SINGLE VEHICLE,STRAIGHT & LEVEL,DARK-HWY LIGHTED/ON,,,7/13/2021 3:42:37 PM,False,2034,Accepted,
28357959,0568000,LOUISVILLE METRO POLICE DEPT,Accepted,JEFFERSON,I 0065,,I65 N,,,,,,,,,38.240772412,-85.752972384,134.915,7/11/2021 12:00:00 AM,0008,2,2,0,0,RAINING,WATER (STANDING OR MOVING),False,REAR END IN TRAFFIC LANES BOTH VEHICLES MOVING,REAR END,STRAIGHT & GRADE,DARK-HWY LIGHTED/ON,,,7/12/2021 8:38:48 AM,False,7376,Accepted,
28357964,0568000,LOUISVILLE METRO POLICE DEPT,Accepted,JEFFERSON,US0060,2235,FRANKFORT,AVE,,,,,,,,38.253416982,-85.704152609,0.886,7/11/2021 12:00:00 AM,0119,2,2,0,0,RAINING,WET,False,1 VEHICLE PARKED POSITION (NOT PARKING LOT/DRIVEWAY),BACKING,STRAIGHT & LEVEL,DARK-HWY LIGHTED/ON,,,7/12/2021 8:39:01 AM,False,5243,Accepted,
28357969,0568000,LOUISVILLE METRO POLICE DEPT,Accepted,JEFFERSON,I 0065,,I65 S,,,,,,,,,38.097910060,-85.700995690,123.978,7/11/2021 12:00:00 AM,0242,3,3,0,1,RAINING,WET,False,SIDESWIPE COLLISION - SAME DIRECTION,SIDESWIPE-SAME DIRECTION,STRAIGHT & LEVEL,DARK-HWY LIGHTED/OFF,,,7/12/2021 8:39:23 AM,False,5138,Accepted,
28357966,0568000,LOUISVILLE METRO POLICE DEPT,Accepted,JEFFERSON,KY0061,,PRESTON,HWY,,,INDIAN,,,,,38.168836503,-85.706604065,6.334,7/11/2021 12:00:00 AM,0050,2,2,0,3,RAINING,WET,False,OPPOSING LEFT TURN,OPPOSING LEFT TURN,STRAIGHT & LEVEL,DARK-HWY LIGHTED/ON,,,7/12/2021 8:39:05 AM,False,5165,Accepted,
28357967,0568000,LOUISVILLE METRO POLICE DEPT,Accepted,JEFFERSON,KY1703,,BAXTER,AVE,,,ELLWOOD,,,,,38.236827584,-85.721590461,5.403,7/11/2021 12:00:00 AM,0217,3,3,0,2,RAINING,WET,False,ANGLE COLLISION - OTHER,ANGLE,STRAIGHT & LEVEL,DARK-HWY LIGHTED/ON,,,7/12/2021 8:39:10 AM,False,5243,Accepted,
28357997,0568000,LOUISVILLE METRO POLICE DEPT,Accepted,JEFFERSON,US0031E,,BARDSTOWN,RD,,,SILS,,,,,38.223991868,-85.690308689,13.446,7/11/2021 12:00:00 AM,1752,3,3,0,2,CLEAR,DRY,False,OTHER INTERSECTION COLLISIONS,REAR END,STRAIGHT & LEVEL,DAYLIGHT,,,7/12/2021 8:40:52 AM,False,5358,Accepted,
28358003,0568000,LOUISVILLE METRO POLICE DEPT,Accepted,JEFFERSON,KY1865,,TAYLOR,BLVD,,I 0264,I264 E EXIT9 OFF RAMP TO KY1865 S,,,,,38.186265337,-85.783887368,5.503,7/11/2021 12:00:00 AM,1729,2,2,0,0,CLEAR,DRY,False,REAR END - ONE VEHICLE TURNING RIGHT,REAR END,CURVE & LEVEL,DAYLIGHT,,,7/12/2021 8:41:18 AM,False,5252,Accepted,
28358004,0568000,LOUISVILLE METRO POLICE DEPT,Accepted,JEFFERSON,,8304,TOLLS,LN,,,,,TOLLS,KY1065,OUTER,38.130667808,-85.756587979,0.452,7/11/2021 12:00:00 AM,1430,2,2,0,0,CLOUDY,DRY,False,1 VEHICLE ENTERING/LEAVING ENTRANCE,ANGLE,STRAIGHT & LEVEL,DAYLIGHT,,,7/12/2021 8:41:26 AM,False,7221,Accepted,
28358005,0568000,LOUISVILLE METRO POLICE DEPT,Accepted,JEFFERSON,I 0264,,I264 W,,,,,,,,,38.283796836,-85.640883082,22.436,7/11/2021 12:00:00 AM,1927,2,2,0,0,CLOUDY,DRY,False,SIDESWIPE COLLISION - SAME DIRECTION,SIDESWIPE-SAME DIRECTION,STRAIGHT & LEVEL,DAYLIGHT,,,7/12/2021 8:41:32 AM,False,2346,Accepted,
28358006,0568000,LOUISVILLE METRO POLICE DEPT,Accepted,JEFFERSON,US0060,,SHELBYVILLE,RD,,KY0913,BLANKENBAKER,,,,,38.244065628,-85.547146052,9.474,7/11/2021 12:00:00 AM,0002,2,2,0,0,RAINING,WET,False,OPPOSING LEFT TURN,OPPOSING LEFT TURN,STRAIGHT & LEVEL,DARK-HWY LIGHTED/ON,,,7/12/2021 8:41:36 AM,False,7440,Accepted,
28358012,0568000,LOUISVILLE METRO POLICE DEPT,Accepted,JEFFERSON,KY1934,,CANE RUN,RD,,,,KY2049,CRUMS,,HARTLAGE,38.199368113,-85.837222891,9.192,7/11/2021 12:00:00 AM,2234,2,2,0,1,RAINING,WET,False,REAR END IN TRAFFIC LANES BOTH VEHICLES MOVING,REAR END,STRAIGHT & LEVEL,DARK-HWY LIGHTED/ON,,,7/12/2021 8:41:56 AM,False,5298,Accepted,
28358020,0568000,LOUISVILLE METRO POLICE DEPT,Accepted,JEFFERSON,,,BLUEGRASS,AVE,,KY1931,MANSLICK,,,,,38.178953858,-85.798820894,0.001,7/11/2021 12:00:00 AM,1953,3,3,0,2,CLOUDY,DRY,False,NON-COLLISION OBJECT COLLISION,ANGLE,STRAIGHT & LEVEL,DAYLIGHT,,,7/12/2021 8:42:23 AM,False,5196,Accepted,
28358021,0568000,LOUISVILLE METRO POLICE DEPT,Accepted,JEFFERSON,,1411,FAIRDALE,RD,,,,,,,,38.115610276,-85.738724057,1.330,7/11/2021 12:00:00 AM,2143,3,3,0,1,CLEAR,WET,True,REAR END IN TRAFFIC LANES BOTH VEHICLES MOVING,REAR END,STRAIGHT & LEVEL,DAWN,,,7/12/2021 8:42:27 AM,False,5209,Accepted,
28383322,0568000,LOUISVILLE METRO POLICE DEPT,Accepted,JEFFERSON,KY1747,,HURSTBOURNE,PKWY,S,,HURSTBOURNE CROSSINGS,,,,,38.187907680,-85.605189016,8.879,7/11/2021 12:00:00 AM,2004,2,2,0,1,CLEAR,DRY,False,ANGLE COLLISION - OTHER,ANGLE,STRAIGHT & LEVEL,DAYLIGHT,,,7/19/2021 8:11:12 AM,False,5053,Accepted,
28370794,0568000,LOUISVILLE METRO POLICE DEPT,Accepted,JEFFERSON,,,FLOYD,ST,S,,,,,,,38.222533409,-85.753730801,2.283,7/11/2021 12:00:00 AM,1407,2,2,0,0,CLEAR,DRY,False,1 VEHICLE ENTERING/LEAVING ENTRANCE,ANGLE,STRAIGHT & LEVEL,DAYLIGHT,,,7/15/2021 8:53:35 AM,False,5258,Accepted,
28370812,0568000,LOUISVILLE METRO POLICE DEPT,Accepted,JEFFERSON,,,MADISON,ST,W,,16TH,,,,,38.252259669,-85.777598020,0.268,7/11/2021 12:00:00 AM,1538,1,1,0,2,CLOUDY,DRY,False,COLLISION WITH FIXED OBJECT IN INTERSECTION - FIRST EVENT COLLISION 09 - 32,SINGLE VEHICLE,STRAIGHT & LEVEL,DAYLIGHT,,,7/15/2021 8:55:33 AM,False,7805,Accepted,
28388937,0568000,LOUISVILLE METRO POLICE DEPT,Accepted,JEFFERSON,KY1020,7016,SOUTHSIDE,DR,,,,,,,,38.154554353,-85.765014010,5.830,7/11/2021 12:00:00 AM,1744,1,1,0,0,CLEAR,DRY,False,COLLISION WITH FIXED OBJECT NON - INTERSECTION - FIRST EVENT COLLISION 09 - 32 EXCLUDING 16,SINGLE VEHICLE,STRAIGHT & LEVEL,DAYLIGHT,,,7/20/2021 2:36:29 PM,False,7483,Accepted,
28370800,0568000,LOUISVILLE METRO POLICE DEPT,Accepted,JEFFERSON,KY0061,,PRESTON,HWY,,I 0065,I264 W EXIT12 OFF RAMP TO,,,,,38.191476809,-85.727555614,8.289,7/11/2021 12:00:00 AM,0725,2,2,0,0,CLOUDY,WET,False,REAR END - ONE VEHICLE TURNING LEFT,REAR END,STRAIGHT & LEVEL,DAWN,,,7/15/2021 8:54:42 AM,False,5378,Accepted,
28370793,0568000,LOUISVILLE METRO POLICE DEPT,Accepted,JEFFERSON,I 0065,,I65 S,,,,,,,,,38.207851151,-85.751483885,132.572,7/11/2021 12:00:00 AM,0804,2,2,0,0,CLEAR,DRY,False,SIDESWIPE COLLISION - SAME DIRECTION,SIDESWIPE-SAME DIRECTION,STRAIGHT & LEVEL,DAYLIGHT,,,7/15/2021 8:53:29 AM,False,5258,Accepted,
28581547,0568000,LOUISVILLE METRO POLICE DEPT,Accepted,JEFFERSON,,,LYTLE,ST,,US0150,22ND,,,,,38.267362964,-85.783236862,0.641,7/11/2021 12:00:00 AM,0336,2,1,0,1,RAINING,WET,True,OTHER INTERSECTION COLLISIONS,SINGLE VEHICLE,STRAIGHT & LEVEL,DARK-HWY LIGHTED/ON,,,8/31/2021 7:47:30 AM,False,7311,Accepted,
28497288,0568000,LOUISVILLE METRO POLICE DEPT,Accepted,JEFFERSON,KY1865,,NEW CUT,RD,,,,,,,,38.126881214,-85.776099429,1.243,7/10/2021 12:00:00 AM,1754,2,2,0,0,CLOUDY,WET,False,REAR END IN TRAFFIC LANES BOTH VEHICLES MOVING,REAR END,STRAIGHT & GRADE,DUSK,,,8/12/2021 8:43:49 AM,False,7221,Accepted,
28370820,0568000,LOUISVILLE METRO POLICE DEPT,Accepted,JEFFERSON,US0031E,,BARDSTOWN,RD,,,CEDAR SPRINGS,,,,,38.145195891,-85.584965553,5.191,7/10/2021 12:00:00 AM,2348,2,2,0,0,RAINING,WET,False,OTHER INTERSECTION COLLISIONS,REAR END,STRAIGHT & LEVEL,DARK-HWY LIGHTED/ON,,,7/15/2021 8:56:01 AM,False,5383,Accepted,
28392148,0568000,LOUISVILLE METRO POLICE DEPT,Accepted,JEFFERSON,I 0065,,I65 N,,,,,,,,,38.206012322,-85.743883258,132.133,7/10/2021 12:00:00 AM,2335,2,2,0,0,RAINING,WET,False,OTHER ROADWAY OR MID-BLOCK COLLISION,REAR END,STRAIGHT & LEVEL,DARK-HWY LIGHTED/ON,,,7/21/2021 7:48:42 AM,True,5152,Accepted,
28357971,0568000,LOUISVILLE METRO POLICE DEPT,Accepted,JEFFERSON,KY0061,,PRESTON,HWY,,I 0065,I264 W EXIT12 OFF RAMP TO,,,,,38.191851842,-85.727776005,8.318,7/10/2021 12:00:00 AM,1838,2,2,0,2,CLEAR,DRY,False,OTHER INTERSECTION COLLISIONS,REAR END,CURVE & LEVEL,DAYLIGHT,,,7/12/2021 8:39:31 AM,False,5189,Accepted,
28357978,0568000,LOUISVILLE METRO POLICE DEPT,Accepted,JEFFERSON,I 0264,,I264 W,,,,,I 0065,I264 W EXIT12 OFF RAMP TO,I 0264,I264 W EXIT14 ON RAMP FROM KY864,38.191135080,-85.717951140,12.726,7/10/2021 12:00:00 AM,1652,2,2,0,0,CLEAR,DRY,False,REAR END IN TRAFFIC LANES BOTH VEHICLES MOVING,REAR END,STRAIGHT & LEVEL,DAYLIGHT,,,7/12/2021 8:39:57 AM,False,7448,Accepted,
28357979,0568000,LOUISVILLE METRO POLICE DEPT,Accepted,JEFFERSON,,,MUHAMMAD ALI,BLVD,E,KY0061,PRESTON,,,,,38.249982257,-85.746827219,0.723,7/10/2021 12:00:00 AM,1020,2,2,0,0,CLOUDY,WET,False,ANGLE COLLISION - OTHER,ANGLE,STRAIGHT & LEVEL,DAYLIGHT,,,7/12/2021 8:40:00 AM,False,5168,Accepted,
28357980,0568000,LOUISVILLE METRO POLICE DEPT,Accepted,JEFFERSON,,,WITHERSPOON,ST,E,,PRESTON,,,,,38.257771957,-85.745483191,0.315,7/10/2021 12:00:00 AM,1642,2,2,0,1,CLEAR,DRY,False,OTHER INTERSECTION COLLISIONS,REAR END,STRAIGHT & LEVEL,DAYLIGHT,,,7/12/2021 8:40:03 AM,False,5168,Accepted,
28358013,0568000,LOUISVILLE METRO POLICE DEPT,Accepted,JEFFERSON,,939,MARY,ST,,,,,,,,38.234090691,-85.738844137,0.284,7/10/2021 12:00:00 AM,2220,3,3,0,0,RAINING,WET,False,1 VEHICLE PARKED POSITION (NOT PARKING LOT/DRIVEWAY),SIDESWIPE-SAME DIRECTION,STRAIGHT & LEVEL,DARK (UNKNOWN ROADWAY LIGHTING),,,7/12/2021 8:41:59 AM,False,5050,Accepted,
28357931,0568000,LOUISVILLE METRO POLICE DEPT,Accepted,JEFFERSON,US0031W,,DIXIE,HWY,,,WATSON,,,,,38.056181616,-85.890671133,4.810,7/10/2021 12:00:00 AM,0431,2,2,0,2,CLEAR,DRY,False,ANGLE COLLISION - OTHER,ANGLE,STRAIGHT & LEVEL,DARK-HWY NOT LIGHTED,,,7/12/2021 8:36:46 AM,False,5211,Accepted,
28357956,0568000,LOUISVILLE METRO POLICE DEPT,Accepted,JEFFERSON,KY1747,,HURSTBOURNE,PKWY,,,,,,,,38.166023827,-85.607152893,7.256,7/10/2021 12:00:00 AM,2214,2,2,0,0,RAINING,WET,False,SIDESWIPE COLLISION - SAME DIRECTION,SIDESWIPE-SAME DIRECTION,STRAIGHT & LEVEL,DARK-HWY LIGHTED/OFF,,,7/12/2021 8:38:39 AM,False,7449,Accepted,
28357970,0568000,LOUISVILLE METRO POLICE DEPT,Accepted,JEFFERSON,KY1065,,OUTER,LOOP,,,MINOR,,,,,38.136231659,-85.696893472,5.481,7/10/2021 12:00:00 AM,1928,2,2,0,0,RAINING,WET,True,OTHER INTERSECTION COLLISIONS,REAR END,STRAIGHT & LEVEL,DAYLIGHT,,,7/12/2021 8:39:27 AM,False,5336,Accepted,
28357963,0568000,LOUISVILLE METRO POLICE DEPT,Accepted,JEFFERSON,I 0264,EXIT 17B,I264 E,,,,,,,,,38.230780678,-85.631687953,18.212,7/10/2021 12:00:00 AM,2353,2,2,0,1,RAINING,DRY,True,REAR END IN TRAFFIC LANES BOTH VEHICLES MOVING,REAR END,STRAIGHT & LEVEL,DARK-HWY LIGHTED/ON,,,7/12/2021 8:38:58 AM,False,5243,Accepted,
28353877,0560300,ST. MATTHEWS POLICE DEPARTMENT,Accepted,JEFFERSON,US0060,5000,SHELBYVILLE,RD,,,,,,,,38.249534950,-85.624121676,4.895,7/10/2021 12:00:00 AM,1506,2,2,0,0,CLEAR,DRY,False,VEHICLE BACKING NON INTERSECTION,BACKING,STRAIGHT & LEVEL,DAYLIGHT,,,7/10/2021 11:15:12 PM,False,9151,Accepted,
28357938,0568000,LOUISVILLE METRO POLICE DEPT,Accepted,JEFFERSON,US0031E,,BARDSTOWN,RD,,I 0265,I265 W EXIT17 OFF RAMP TO US31E,,,,,38.143602951,-85.584126154,5.072,7/10/2021 12:00:00 AM,1318,2,2,0,0,CLEAR,DRY,False,ANGLE COLLISION - ONE VEHICLE TURNING LEFT,ANGLE,STRAIGHT & LEVEL,DAYLIGHT,,,7/12/2021 8:37:11 AM,False,7698,Accepted,
28357939,0568000,LOUISVILLE METRO POLICE DEPT,Accepted,JEFFERSON,,,BROADWAY,,W,,39TH,,,,,38.250179119,-85.816349425,1.532,7/10/2021 12:00:00 AM,1306,2,2,0,1,CLEAR,DRY,False,SIDESWIPE-SAME DIRECTION,SIDESWIPE-SAME DIRECTION,STRAIGHT & LEVEL,DAYLIGHT,,,7/12/2021 8:37:15 AM,False,5280,Accepted,
28357945,0568000,LOUISVILLE METRO POLICE DEPT,Accepted,JEFFERSON,I 0265,,I265 E,,,,,,,,,38.141752279,-85.575766183,17.714,7/10/2021 12:00:00 AM,1348,4,4,0,3,CLEAR,DRY,False,OTHER ROADWAY OR MID-BLOCK COLLISION,REAR END,STRAIGHT & LEVEL,DAYLIGHT,,,7/12/2021 8:37:49 AM,False,7474,Accepted,
28353681,0561000,JEFFERSONTOWN POLICE DEPT,Accepted,JEFFERSON,KY0155,4540,TAYLORSVILLE,RD,,,,,,,,38.218504486,-85.599561538,11.903,7/10/2021 12:00:00 AM,1835,2,2,0,0,CLOUDY,DRY,False,COLLISION IN PARKING LOT,REAR TO REAR,STRAIGHT & LEVEL,DAYLIGHT,,,7/10/2021 9:06:10 PM,False,8316,Accepted,
28357932,0568000,LOUISVILLE METRO POLICE DEPT,Accepted,JEFFERSON,US0150,1230,BROADWAY,,E,,,US0031E,BAXTER,,RUBEL,38.243752408,-85.727193819,4.084,7/10/2021 12:00:00 AM,0359,2,2,0,0,CLEAR,DRY,False,1 VEHICLE PARKED POSITION (NOT PARKING LOT/DRIVEWAY),REAR END,STRAIGHT & LEVEL,DARK-HWY LIGHTED/ON,,,7/12/2021 8:36:49 AM,False,5274,Accepted,
28357934,0568000,LOUISVILLE METRO POLICE DEPT,Accepted,JEFFERSON,US0031E,,BARDSTOWN,RD,,,DEER PARK,,,,,38.228930380,-85.701809186,14.174,7/10/2021 12:00:00 AM,0626,1,1,0,1,CLEAR,DRY,False,COLLISION WITH FIXED OBJECT IN INTERSECTION - FIRST EVENT COLLISION 09 - 32,SINGLE VEHICLE,STRAIGHT & LEVEL,DAWN,,,7/12/2021 8:36:56 AM,False,5296,Accepted,
28357940,0568000,LOUISVILLE METRO POLICE DEPT,Accepted,JEFFERSON,,,BARRET,AVE,,,,,,,,38.235753924,-85.727689688,1.007,7/10/2021 12:00:00 AM,1330,2,2,0,0,CLEAR,DRY,False,1 VEHICLE ENTERING/LEAVING ENTRANCE,ANGLE,STRAIGHT & LEVEL,DAYLIGHT,,,7/12/2021 8:37:32 AM,False,5112,Accepted,
28357942,0568000,LOUISVILLE METRO POLICE DEPT,Accepted,JEFFERSON,,,BUECHEL BANK,RD,,,,,,,,38.178140226,-85.652363424,1.185,7/10/2021 12:00:00 AM,1242,2,2,0,0,CLEAR,DRY,False,REAR END IN TRAFFIC LANES BOTH VEHICLES MOVING,REAR END,STRAIGHT & LEVEL,DAYLIGHT,,,7/12/2021 8:37:38 AM,False,2307,Accepted,
28357946,0568000,LOUISVILLE METRO POLICE DEPT,Accepted,JEFFERSON,,,GRADE,LN,,,,,,,,38.130019741,-85.737530067,0.033,7/10/2021 12:00:00 AM,1534,2,2,0,2,CLEAR,DRY,True,REAR END IN TRAFFIC LANES BOTH VEHICLES MOVING,REAR END,CURVE & LEVEL,DAYLIGHT,,,7/12/2021 8:37:52 AM,False,7474,Accepted,
28357947,0568000,LOUISVILLE METRO POLICE DEPT,Accepted,JEFFERSON,US0150,,BROADWAY,,W,,,KY1020,2ND,KY1020,3RD,38.245854276,-85.755306916,2.547,7/10/2021 12:00:00 AM,1105,2,2,0,0,CLEAR,DRY,False,1 VEHICLE ENTERING/LEAVING ENTRANCE,ANGLE,STRAIGHT & LEVEL,DAYLIGHT,,,7/12/2021 8:37:56 AM,False,5341,Accepted,
28357952,0568000,LOUISVILLE METRO POLICE DEPT,Accepted,JEFFERSON,KY0061,,PRESTON,ST,S,,,,,,,38.251694492,-85.746515313,12.701,7/10/2021 12:00:00 AM,1939,2,1,0,1,RAINING,WET,False,COLLISION WITH PEDESTRIAN NON - INTERSECTION,SINGLE VEHICLE,STRAIGHT & LEVEL,DUSK,,,7/12/2021 8:38:26 AM,False,7863,Accepted,
28357954,0568000,LOUISVILLE METRO POLICE DEPT,Accepted,JEFFERSON,,,34TH,ST,S,,MARKET,,,,,38.260947626,-85.806942564,0.086,7/10/2021 12:00:00 AM,1955,2,2,0,0,RAINING,WET,True,ANGLE COLLISION - OTHER,ANGLE,STRAIGHT & LEVEL,DAYLIGHT,,,7/12/2021 8:38:33 AM,False,5360,Accepted,
28357962,0568000,LOUISVILLE METRO POLICE DEPT,Accepted,JEFFERSON,I 0065,,I65 S,,,,,,,,,38.228158896,-85.751538366,134.016,7/10/2021 12:00:00 AM,0331,2,2,0,1,CLEAR,DRY,True,SIDESWIPE COLLISION - SAME DIRECTION,SIDESWIPE-SAME DIRECTION,STRAIGHT & GRADE,DARK-HWY LIGHTED/ON,,,7/12/2021 8:38:55 AM,False,7376,Accepted,
28357943,0568000,LOUISVILLE METRO POLICE DEPT,Accepted,JEFFERSON,I 0064,,,,,,,,,,,38.276822669,-85.806516344,0.331,7/10/2021 12:00:00 AM,1003,2,2,0,0,CLOUDY,WET,True,OTHER RAMP RELATED COLLISIONS NOT LISTED ABOVE,REAR END,CURVE & HILLCREST,DAYLIGHT,I 0064,I 0064,7/12/2021 8:37:42 AM,False,5124,Accepted,
28357948,0568000,LOUISVILLE METRO POLICE DEPT,Accepted,JEFFERSON,,3100,RIVER,RD,,,,,,,,38.280712431,-85.694564565,0.163,7/10/2021 12:00:00 AM,0605,2,1,0,1,RAINING,WET,False,COLLISION WITH BICYCLIST NON INTERSECTION,SINGLE VEHICLE,STRAIGHT & LEVEL,DAWN,,,7/12/2021 8:37:59 AM,False,7219,Accepted,
28357949,0568000,LOUISVILLE METRO POLICE DEPT,Accepted,JEFFERSON,I 0071,,I71 S,,,,,I 0071,I71 TURN AROUND11,I 0071,I71 S EXIT9B OFF RAMP TO KY841 N,38.318904362,-85.568925500,9.864,7/10/2021 12:00:00 AM,0755,1,1,0,0,CLOUDY,DRY,False,COLLISION WITH FIXED OBJECT NON - INTERSECTION - FIRST EVENT COLLISION 09 - 32 EXCLUDING 16,SINGLE VEHICLE,STRAIGHT & LEVEL,DAYLIGHT,,,7/12/2021 8:38:03 AM,False,7876,Accepted,
28357957,0568000,LOUISVILLE METRO POLICE DEPT,Accepted,JEFFERSON,I 0065,,,,,,,,,,,38.190655420,-85.728445031,1.143,7/10/2021 12:00:00 AM,0400,2,2,0,0,CLEAR,DRY,True,OTHER RAMP RELATED COLLISIONS NOT LISTED ABOVE,SIDESWIPE-SAME DIRECTION,CURVE & GRADE,DARK-HWY LIGHTED/ON,I 0065,I 0264,7/12/2021 8:38:43 AM,False,7040,Accepted,
28357968,0568000,LOUISVILLE METRO POLICE DEPT,Accepted,JEFFERSON,,,GOLDSMITH,LN,,US0031E,BARDSTOWN,,,,,38.209189158,-85.667754283,1.137,7/10/2021 12:00:00 AM,2246,2,1,0,1,RAINING,WET,False,COLLISION WITH PEDESTRIAN IN INTERSECTION,SINGLE VEHICLE,STRAIGHT & LEVEL,DARK-HWY LIGHTED/ON,,,7/12/2021 8:39:16 AM,False,5317,Accepted,
28357976,0568000,LOUISVILLE METRO POLICE DEPT,Accepted,JEFFERSON,,,CHESTNUT,ST,E,KY0061,JACKSON,,,,,38.247575568,-85.745180491,0.425,7/10/2021 12:00:00 AM,1712,2,2,0,0,CLOUDY,DRY,False,ANGLE COLLISION - OTHER,ANGLE,STRAIGHT & LEVEL,DAYLIGHT,,,7/12/2021 8:39:49 AM,False,5341,Accepted,
28358007,0568000,LOUISVILLE METRO POLICE DEPT,Accepted,JEFFERSON,,6807,WATTERSON,TRL,S,,,,,,,38.150193665,-85.615150937,2.414,7/10/2021 12:00:00 AM,1952,1,1,0,0,RAINING,WET,False,COLLISION WITH FIXED OBJECT NON - INTERSECTION - FIRST EVENT COLLISION 09 - 32 EXCLUDING 16,SINGLE VEHICLE,STRAIGHT & LEVEL,DUSK,,,7/12/2021 8:41:39 AM,False,5383,Accepted,
28357985,0568000,LOUISVILLE METRO POLICE DEPT,Accepted,JEFFERSON,KY0061,,PRESTON,HWY,,,TRIO,,,,,38.129902098,-85.682032886,3.323,7/10/2021 12:00:00 AM,1411,2,2,0,1,CLEAR,DRY,False,ANGLE COLLISION - OTHER,ANGLE,STRAIGHT & LEVEL,DAYLIGHT,,,7/12/2021 8:40:08 AM,False,5356,Accepted,
28362267,0568000,LOUISVILLE METRO POLICE DEPT,Accepted,JEFFERSON,KY1020,,3RD,ST,S,,KENTUCKY,,,,,38.238802555,-85.758034517,11.603,7/10/2021 12:00:00 AM,2203,2,2,0,0,RAINING,WET,True,ANGLE COLLISION - OTHER,ANGLE,STRAIGHT & LEVEL,DARK-HWY LIGHTED/ON,,,7/13/2021 8:51:45 AM,False,5152,Accepted,
28357935,0568000,LOUISVILLE METRO POLICE DEPT,Accepted,JEFFERSON,,,1ST,ST,S,,ST CATHERINE,,,,,38.236876530,-85.754930254,1.337,7/10/2021 12:00:00 AM,0913,2,2,0,0,RAINING,WET,False,ANGLE COLLISION - OTHER,ANGLE,STRAIGHT & LEVEL,DAYLIGHT,,,7/12/2021 8:36:59 AM,False,7433,Accepted,
28362291,0568000,LOUISVILLE METRO POLICE DEPT,Accepted,JEFFERSON,I 0065,,I65 N,,,,,,,,,38.207570758,-85.751145762,132.560,7/10/2021 12:00:00 AM,2318,1,1,0,0,RAINING,WET,False,COLLISION WITH FIXED OBJECT NON - INTERSECTION - FIRST EVENT COLLISION 09 - 32 EXCLUDING 16,SINGLE VEHICLE,CURVE & HILLCREST,DUSK,,,7/13/2021 8:53:53 AM,False,7291,Accepted,
28370791,0568000,LOUISVILLE METRO POLICE DEPT,Accepted,JEFFERSON,I 0064,,,,,,,,,,,38.275132552,-85.808374178,0.181,7/10/2021 12:00:00 AM,1035,1,1,0,0,CLEAR,WATER (STANDING OR MOVING),False,COLLISION WITH FIXED OBJECT NOT IN GORE ,SINGLE VEHICLE,CURVE & GRADE,DAYLIGHT,I 0064,I 0064,7/15/2021 8:53:22 AM,False,5108,Accepted,
28448843,0568000,LOUISVILLE METRO POLICE DEPT,Accepted,JEFFERSON,KY1065,,OUTER,LOOP,,,ALS,,,,,38.126315084,-85.774532498,1.109,7/10/2021 12:00:00 AM,2116,3,3,0,0,RAINING,WET,False,OTHER INTERSECTION COLLISIONS,REAR END,STRAIGHT & LEVEL,DARK-HWY LIGHTED/ON,,,7/30/2021 8:02:50 AM,False,5209,Accepted,